#FORMAT=WebAnno TSV 3.2


#Text=Michael Irwin Jordan is an American scientist, Professor at the University of California, Berkeley and a researcher in machine learning, statistics, and artificial intelligence.
1-1	0-7	Michael	
1-2	8-13	Irwin	
1-3	14-20	Jordan	
1-4	21-23	is	
1-5	24-26	an	
1-6	27-35	American	
1-7	36-45	scientist	
1-8	45-46	,	
1-9	47-56	Professor	
1-10	57-59	at	
1-11	60-63	the	
1-12	64-74	University	
1-13	75-77	of	
1-14	78-88	California	
1-15	88-89	,	
1-16	90-98	Berkeley	
1-17	99-102	and	
1-18	103-104	a	
1-19	105-115	researcher	
1-20	116-118	in	
1-21	119-126	machine	
1-22	127-135	learning	
1-23	135-136	,	
1-24	137-147	statistics	
1-25	147-148	,	
1-26	149-152	and	
1-27	153-163	artificial	
1-28	164-176	intelligence	
1-29	176-177	.	

#Text=Michael Jordan is one of the leading figures in machine learning, and in 2016 Science reported him as the world's most influential computer scientist.
2-1	178-185	Michael	
2-2	186-192	Jordan	
2-3	193-195	is	
2-4	196-199	one	
2-5	200-202	of	
2-6	203-206	the	
2-7	207-214	leading	
2-8	215-222	figures	
2-9	223-225	in	
2-10	226-233	machine	
2-11	234-242	learning	
2-12	242-243	,	
2-13	244-247	and	
2-14	248-250	in	
2-15	251-255	2016	
2-16	256-263	Science	
2-17	264-272	reported	
2-18	273-276	him	
2-19	277-279	as	
2-20	280-283	the	
2-21	284-291	world's	
2-22	292-296	most	
2-23	297-308	influential	
2-24	309-317	computer	
2-25	318-327	scientist	
2-26	327-328	.	

#Text=Jordan received his BS magna cum laude in Psychology in 1978 from the Louisiana State University, his MS in Mathematics in 1980 from Arizona State University and his PhD in Cognitive Science in 1985 from the University of California, San Diego.
3-1	330-336	Jordan	
3-2	337-345	received	
3-3	346-349	his	
3-4	350-352	BS	
3-5	353-358	magna	
3-6	359-362	cum	
3-7	363-368	laude	
3-8	369-371	in	
3-9	372-382	Psychology	
3-10	383-385	in	
3-11	386-390	1978	
3-12	391-395	from	
3-13	396-399	the	
3-14	400-409	Louisiana	
3-15	410-415	State	
3-16	416-426	University	
3-17	426-427	,	
3-18	428-431	his	
3-19	432-434	MS	
3-20	435-437	in	
3-21	438-449	Mathematics	
3-22	450-452	in	
3-23	453-457	1980	
3-24	458-462	from	
3-25	463-470	Arizona	
3-26	471-476	State	
3-27	477-487	University	
3-28	488-491	and	
3-29	492-495	his	
3-30	496-499	PhD	
3-31	500-502	in	
3-32	503-512	Cognitive	
3-33	513-520	Science	
3-34	521-523	in	
3-35	524-528	1985	
3-36	529-533	from	
3-37	534-537	the	
3-38	538-548	University	
3-39	549-551	of	
3-40	552-562	California	
3-41	562-563	,	
3-42	564-567	San	
3-43	568-573	Diego	
3-44	573-574	.	

#Text=At the University of California, San Diego Jordan was a student of David Rumelhart and a member of the PDP Group in the 1980s.
4-1	575-577	At	
4-2	578-581	the	
4-3	582-592	University	
4-4	593-595	of	
4-5	596-606	California	
4-6	606-607	,	
4-7	608-611	San	
4-8	612-617	Diego	
4-9	618-624	Jordan	
4-10	625-628	was	
4-11	629-630	a	
4-12	631-638	student	
4-13	639-641	of	
4-14	642-647	David	
4-15	648-657	Rumelhart	
4-16	658-661	and	
4-17	662-663	a	
4-18	664-670	member	
4-19	671-673	of	
4-20	674-677	the	
4-21	678-681	PDP	
4-22	682-687	Group	
4-23	688-690	in	
4-24	691-694	the	
4-25	695-700	1980s	
4-26	700-701	.	

#Text=Jordan is currently a full professor at the University of California, Berkeley where his appointment is split across the Department of Statistics and the Department of EECS.
5-1	703-709	Jordan	
5-2	710-712	is	
5-3	713-722	currently	
5-4	723-724	a	
5-5	725-729	full	
5-6	730-739	professor	
5-7	740-742	at	
5-8	743-746	the	
5-9	747-757	University	
5-10	758-760	of	
5-11	761-771	California	
5-12	771-772	,	
5-13	773-781	Berkeley	
5-14	782-787	where	
5-15	788-791	his	
5-16	792-803	appointment	
5-17	804-806	is	
5-18	807-812	split	
5-19	813-819	across	
5-20	820-823	the	
5-21	824-834	Department	
5-22	835-837	of	
5-23	838-848	Statistics	
5-24	849-852	and	
5-25	853-856	the	
5-26	857-867	Department	
5-27	868-870	of	
5-28	871-875	EECS	
5-29	875-876	.	

#Text=He was a professor at MIT from 1988-1998.
6-1	877-879	He	
6-2	880-883	was	
6-3	884-885	a	
6-4	886-895	professor	
6-5	896-898	at	
6-6	899-902	MIT	
6-7	903-907	from	
6-8	908-912	1988	
6-9	912-913	-	
6-10	913-917	1998	
6-11	917-918	.	

#Text=In the 1980s Jordan started developing recurrent neural networks as a cognitive model.
7-1	920-922	In	
7-2	923-926	the	
7-3	927-932	1980s	
7-4	933-939	Jordan	
7-5	940-947	started	
7-6	948-958	developing	
7-7	959-968	recurrent	
7-8	969-975	neural	
7-9	976-984	networks	
7-10	985-987	as	
7-11	988-989	a	
7-12	990-999	cognitive	
7-13	1000-1005	model	
7-14	1005-1006	.	

#Text=In recent years, though, his work is less driven from a cognitive perspective and more from the background of traditional statistics.
8-1	1007-1009	In	
8-2	1010-1016	recent	
8-3	1017-1022	years	
8-4	1022-1023	,	
8-5	1024-1030	though	
8-6	1030-1031	,	
8-7	1032-1035	his	
8-8	1036-1040	work	
8-9	1041-1043	is	
8-10	1044-1048	less	
8-11	1049-1055	driven	
8-12	1056-1060	from	
8-13	1061-1062	a	
8-14	1063-1072	cognitive	
8-15	1073-1084	perspective	
8-16	1085-1088	and	
8-17	1089-1093	more	
8-18	1094-1098	from	
8-19	1099-1102	the	
8-20	1103-1113	background	
8-21	1114-1116	of	
8-22	1117-1128	traditional	
8-23	1129-1139	statistics	
8-24	1139-1140	.	

#Text=He popularised Bayesian networks in the machine learning community and is known for pointing out links between machine learning and statistics.
9-1	1142-1144	He	
9-2	1145-1156	popularised	
9-3	1157-1165	Bayesian	
9-4	1166-1174	networks	
9-5	1175-1177	in	
9-6	1178-1181	the	
9-7	1182-1189	machine	
9-8	1190-1198	learning	
9-9	1199-1208	community	
9-10	1209-1212	and	
9-11	1213-1215	is	
9-12	1216-1221	known	
9-13	1222-1225	for	
9-14	1226-1234	pointing	
9-15	1235-1238	out	
9-16	1239-1244	links	
9-17	1245-1252	between	
9-18	1253-1260	machine	
9-19	1261-1269	learning	
9-20	1270-1273	and	
9-21	1274-1284	statistics	
9-22	1284-1285	.	

#Text=Jordan was also prominent in the formalisation of variational methods for approximate inference and the popularisation of the expectation-maximization algorithm in machine learning.
10-1	1286-1292	Jordan	
10-2	1293-1296	was	
10-3	1297-1301	also	
10-4	1302-1311	prominent	
10-5	1312-1314	in	
10-6	1315-1318	the	
10-7	1319-1332	formalisation	
10-8	1333-1335	of	
10-9	1336-1347	variational	
10-10	1348-1355	methods	
10-11	1356-1359	for	
10-12	1360-1371	approximate	
10-13	1372-1381	inference	
10-14	1382-1385	and	
10-15	1386-1389	the	
10-16	1390-1404	popularisation	
10-17	1405-1407	of	
10-18	1408-1411	the	
10-19	1412-1436	expectation-maximization	
10-20	1437-1446	algorithm	
10-21	1447-1449	in	
10-22	1450-1457	machine	
10-23	1458-1466	learning	
10-24	1466-1467	.	

#Text=In 2001, Michael Jordan and others resigned from the Editorial Board of Machine Learning.
11-1	1469-1471	In	
11-2	1472-1476	2001	
11-3	1476-1477	,	
11-4	1478-1485	Michael	
11-5	1486-1492	Jordan	
11-6	1493-1496	and	
11-7	1497-1503	others	
11-8	1504-1512	resigned	
11-9	1513-1517	from	
11-10	1518-1521	the	
11-11	1522-1531	Editorial	
11-12	1532-1537	Board	
11-13	1538-1540	of	
11-14	1541-1548	Machine	
11-15	1549-1557	Learning	
11-16	1557-1558	.	

#Text=In a public letter, they argued for less restrictive access and pledged support for a new open access journal, the Journal of Machine Learning Research (JMLR), which was created by Leslie Kaelbling to support the evolution of the field of machine learning.
12-1	1559-1561	In	
12-2	1562-1563	a	
12-3	1564-1570	public	
12-4	1571-1577	letter	
12-5	1577-1578	,	
12-6	1579-1583	they	
12-7	1584-1590	argued	
12-8	1591-1594	for	
12-9	1595-1599	less	
12-10	1600-1611	restrictive	
12-11	1612-1618	access	
12-12	1619-1622	and	
12-13	1623-1630	pledged	
12-14	1631-1638	support	
12-15	1639-1642	for	
12-16	1643-1644	a	
12-17	1645-1648	new	
12-18	1649-1653	open	
12-19	1654-1660	access	
12-20	1661-1668	journal	
12-21	1668-1669	,	
12-22	1670-1673	the	
12-23	1674-1681	Journal	
12-24	1682-1684	of	
12-25	1685-1692	Machine	
12-26	1693-1701	Learning	
12-27	1702-1710	Research	
12-28	1711-1712	(	
12-29	1712-1716	JMLR	
12-30	1716-1717	)	
12-31	1717-1718	,	
12-32	1719-1724	which	
12-33	1725-1728	was	
12-34	1729-1736	created	
12-35	1737-1739	by	
12-36	1740-1746	Leslie	
12-37	1747-1756	Kaelbling	
12-38	1757-1759	to	
12-39	1760-1767	support	
12-40	1768-1771	the	
12-41	1772-1781	evolution	
12-42	1782-1784	of	
12-43	1785-1788	the	
12-44	1789-1794	field	
12-45	1795-1797	of	
12-46	1798-1805	machine	
12-47	1806-1814	learning	
12-48	1814-1815	.	
