#FORMAT=WebAnno TSV 3.2


#Text=Socke prefers to be on his one and master his ninja jumps.
1-1	0-5	Socke	
1-2	6-13	prefers	
1-3	14-16	to	
1-4	17-19	be	
1-5	20-22	on	
1-6	23-26	his	
1-7	27-30	one	
1-8	31-34	and	
1-9	35-41	master	
1-10	42-45	his	
1-11	46-51	ninja	
1-12	52-57	jumps	
1-13	57-58	.	

#Text=He sometimes steals Kahmi's food with swift movements of his paws.
2-1	59-61	He	
2-2	62-71	sometimes	
2-3	72-78	steals	
2-4	79-86	Kahmi's	
2-5	87-91	food	
2-6	92-96	with	
2-7	97-102	swift	
2-8	103-112	movements	
2-9	113-115	of	
2-10	116-119	his	
2-11	120-124	paws	
2-12	124-125	.	

#Text=Kahmi is quite overweight, because she always eats too much whiskas.
3-1	126-131	Kahmi	
3-2	132-134	is	
3-3	135-140	quite	
3-4	141-151	overweight	
3-5	151-152	,	
3-6	153-160	because	
3-7	161-164	she	
3-8	165-171	always	
3-9	172-176	eats	
3-10	177-180	too	
3-11	181-185	much	
3-12	186-193	whiskas	
3-13	193-194	.	

#Text=She gets angry when I want to take aways her feeding bowl and tell her to catch more mice.
4-1	195-198	She	
4-2	199-203	gets	
4-3	204-209	angry	
4-4	210-214	when	
4-5	215-216	I	
4-6	217-221	want	
4-7	222-224	to	
4-8	225-229	take	
4-9	230-235	aways	
4-10	236-239	her	
4-11	240-247	feeding	
4-12	248-252	bowl	
4-13	253-256	and	
4-14	257-261	tell	
4-15	262-265	her	
4-16	266-268	to	
4-17	269-274	catch	
4-18	275-279	more	
4-19	280-284	mice	
4-20	284-285	.	

#Text=However, they both hate Kahmi.
5-1	286-293	However	
5-2	293-294	,	
5-3	295-299	they	
5-4	300-304	both	
5-5	305-309	hate	
5-6	310-315	Kahmi	
5-7	315-316	.	

#Text=Liska is a manatee and lives in the swimming pool.
6-1	317-322	Liska	
6-2	323-325	is	
6-3	326-327	a	
6-4	328-335	manatee	
6-5	336-339	and	
6-6	340-345	lives	
6-7	346-348	in	
6-8	349-352	the	
6-9	353-361	swimming	
6-10	362-366	pool	
6-11	366-367	.	

#Text=She is friends with Niklas and Tim, my crocodiles.
7-1	368-371	She	
7-2	372-374	is	
7-3	375-382	friends	
7-4	383-387	with	
7-5	388-394	Niklas	
7-6	395-398	and	
7-7	399-402	Tim	
7-8	402-403	,	
7-9	404-406	my	
7-10	407-417	crocodiles	
7-11	417-418	.	

#Text=Nobody knows what has happened to the two of them in their childhood, they have behaved quite erraticly ever since I adopted them.
8-1	419-425	Nobody	
8-2	426-431	knows	
8-3	432-436	what	
8-4	437-440	has	
8-5	441-449	happened	
8-6	450-452	to	
8-7	453-456	the	
8-8	457-460	two	
8-9	461-463	of	
8-10	464-468	them	
8-11	469-471	in	
8-12	472-477	their	
8-13	478-487	childhood	
8-14	487-488	,	
8-15	489-493	they	
8-16	494-498	have	
8-17	499-506	behaved	
8-18	507-512	quite	
8-19	513-522	erraticly	
8-20	523-527	ever	
8-21	528-533	since	
8-22	534-535	I	
8-23	536-543	adopted	
8-24	544-548	them	
8-25	548-549	.	

#Text=However, I still love all of my pets.
9-1	550-557	However	
9-2	557-558	,	
9-3	559-560	I	
9-4	561-566	still	
9-5	567-571	love	
9-6	572-575	all	
9-7	576-578	of	
9-8	579-581	my	
9-9	582-586	pets	
9-10	586-587	.	
