#FORMAT=WebAnno TSV 3.2
#T_SP=de.tudarmstadt.ukp.dkpro.core.api.ner.type.NamedEntity|identifier|value


#Text=While wine lovers, collectors, chateau owners, wine makers and others can enjoy arguing which is the best wine of a specific appellation, there is only one wine in the world that is the undisputed best wine in the region.
1-1	0-5	While	_	_	
1-2	6-10	wine	_	_	
1-3	11-17	lovers	_	_	
1-4	17-18	,	_	_	
1-5	19-29	collectors	_	_	
1-6	29-30	,	_	_	
1-7	31-38	chateau	_	_	
1-8	39-45	owners	_	_	
1-9	45-46	,	_	_	
1-10	47-51	wine	_	_	
1-11	52-58	makers	_	_	
1-12	59-62	and	_	_	
1-13	63-69	others	_	_	
1-14	70-73	can	_	_	
1-15	74-79	enjoy	_	_	
1-16	80-87	arguing	_	_	
1-17	88-93	which	_	_	
1-18	94-96	is	_	_	
1-19	97-100	the	_	_	
1-20	101-105	best	_	_	
1-21	106-110	wine	_	_	
1-22	111-113	of	_	_	
1-23	114-115	a	_	_	
1-24	116-124	specific	_	_	
1-25	125-136	appellation	_	_	
1-26	136-137	,	_	_	
1-27	138-143	there	_	_	
1-28	144-146	is	_	_	
1-29	147-151	only	_	_	
1-30	152-155	one	_	_	
1-31	156-160	wine	_	_	
1-32	161-163	in	_	_	
1-33	164-167	the	_	_	
1-34	168-173	world	_	_	
1-35	174-178	that	_	_	
1-36	179-181	is	_	_	
1-37	182-185	the	_	_	
1-38	186-196	undisputed	_	_	
1-39	197-201	best	_	_	
1-40	202-206	wine	_	_	
1-41	207-209	in	_	_	
1-42	210-213	the	_	_	
1-43	214-220	region	_	_	
1-44	220-221	.	_	_	

#Text=We’re not just talking about Bordeaux, we’re talking about any of the world’s wine producing regions.
2-1	222-224	We	_	_	
2-2	224-225	’	_	_	
2-3	225-227	re	_	_	
2-4	228-231	not	_	_	
2-5	232-236	just	_	_	
2-6	237-244	talking	_	_	
2-7	245-250	about	_	_	
2-8	251-259	Bordeaux	http://www.w3.org/TR/2003/PR-owl-guide-20031209/wine#BordeauxRegion	*	
2-9	259-260	,	_	_	
2-10	261-263	we	_	_	
2-11	263-264	’	_	_	
2-12	264-266	re	_	_	
2-13	267-274	talking	_	_	
2-14	275-280	about	_	_	
2-15	281-284	any	_	_	
2-16	285-287	of	_	_	
2-17	288-291	the	_	_	
2-18	292-297	world	_	_	
2-19	297-298	’	_	_	
2-20	298-299	s	_	_	
2-21	300-304	wine	_	_	
2-22	305-314	producing	_	_	
2-23	315-322	regions	_	_	
2-24	322-323	.	_	_	

#Text=hat honor goes to Chateau d’Yquem.
3-1	325-328	hat	_	_	
3-2	329-334	honor	_	_	
3-3	335-339	goes	_	_	
3-4	340-342	to	_	_	
3-5	343-350	Chateau	http://www.w3.org/TR/2003/PR-owl-guide-20031209/wine#ChateauDYchem[1]	WINE[1]	
3-6	351-352	d	http://www.w3.org/TR/2003/PR-owl-guide-20031209/wine#ChateauDYchem[1]	WINE[1]	
3-7	352-353	’	http://www.w3.org/TR/2003/PR-owl-guide-20031209/wine#ChateauDYchem[1]	WINE[1]	
3-8	353-358	Yquem	http://www.w3.org/TR/2003/PR-owl-guide-20031209/wine#ChateauDYchem[1]	WINE[1]	
3-9	358-359	.	_	_	

#Text=Chateau d’Yquem is the only wine that almost everyone, everywhere agrees stands heads and shoulders above every other wine in the appellation.
4-1	360-367	Chateau	http://www.w3.org/TR/2003/PR-owl-guide-20031209/wine#ChateauDYchemSauterne[2]	WINE[2]	
4-2	368-369	d	http://www.w3.org/TR/2003/PR-owl-guide-20031209/wine#ChateauDYchemSauterne[2]	WINE[2]	
4-3	369-370	’	http://www.w3.org/TR/2003/PR-owl-guide-20031209/wine#ChateauDYchemSauterne[2]	WINE[2]	
4-4	370-375	Yquem	http://www.w3.org/TR/2003/PR-owl-guide-20031209/wine#ChateauDYchemSauterne[2]	WINE[2]	
4-5	376-378	is	_	_	
4-6	379-382	the	_	_	
4-7	383-387	only	_	_	
4-8	388-392	wine	_	_	
4-9	393-397	that	_	_	
4-10	398-404	almost	_	_	
4-11	405-413	everyone	_	_	
4-12	413-414	,	_	_	
4-13	415-425	everywhere	_	_	
4-14	426-432	agrees	_	_	
4-15	433-439	stands	_	_	
4-16	440-445	heads	_	_	
4-17	446-449	and	_	_	
4-18	450-459	shoulders	_	_	
4-19	460-465	above	_	_	
4-20	466-471	every	_	_	
4-21	472-477	other	_	_	
4-22	478-482	wine	_	_	
4-23	483-485	in	_	_	
4-24	486-489	the	_	_	
4-25	490-501	appellation	_	_	
4-26	501-502	.	_	_	

#Text=This becomes even more apparent when you’re at Chateau d’Yquem.
5-1	503-507	This	_	_	
5-2	508-515	becomes	_	_	
5-3	516-520	even	_	_	
5-4	521-525	more	_	_	
5-5	526-534	apparent	_	_	
5-6	535-539	when	_	_	
5-7	540-543	you	_	_	
5-8	543-544	’	_	_	
5-9	544-546	re	_	_	
5-10	547-549	at	_	_	
5-11	550-557	Chateau	*[3]	LOC[3]	
5-12	558-559	d	*[3]	LOC[3]	
5-13	559-560	’	*[3]	LOC[3]	
5-14	560-565	Yquem	*[3]	LOC[3]	
5-15	565-566	.	_	_	

#Text=Located on the top of a hill, you really feel like you’re in a different world that looks down on the rest of Bordeaux.
6-1	567-574	Located	_	_	
6-2	575-577	on	_	_	
6-3	578-581	the	_	_	
6-4	582-585	top	_	_	
6-5	586-588	of	_	_	
6-6	589-590	a	_	_	
6-7	591-595	hill	_	_	
6-8	595-596	,	_	_	
6-9	597-600	you	_	_	
6-10	601-607	really	_	_	
6-11	608-612	feel	_	_	
6-12	613-617	like	_	_	
6-13	618-621	you	_	_	
6-14	621-622	’	_	_	
6-15	622-624	re	_	_	
6-16	625-627	in	_	_	
6-17	628-629	a	_	_	
6-18	630-639	different	_	_	
6-19	640-645	world	_	_	
6-20	646-650	that	_	_	
6-21	651-656	looks	_	_	
6-22	657-661	down	_	_	
6-23	662-664	on	_	_	
6-24	665-668	the	_	_	
6-25	669-673	rest	_	_	
6-26	674-676	of	_	_	
6-27	677-685	Bordeaux	_	_	
6-28	685-686	.	_	_	

#Text=Chateau Yquem1 300x224 Chateau dYquem Sauternes Bordeaux Wine, Complete Guide
#Text=Chateau d’Yquem is not only the most famous chateau in Sauternes today, the estate has possessed an exalted reputation dating back to the middle ages when d’Yquem was owned by the King of England.
7-1	688-695	Chateau	_	_	
7-2	696-702	Yquem1	_	_	
7-3	703-710	300x224	_	_	
7-4	711-718	Chateau	_	_	
7-5	719-725	dYquem	_	_	
7-6	726-735	Sauternes	http://www.w3.org/TR/2003/PR-owl-guide-20031209/wine#ChateauDYchemSauterne	*	
7-7	736-744	Bordeaux	_	_	
7-8	745-749	Wine	_	_	
7-9	749-750	,	_	_	
7-10	751-759	Complete	_	_	
7-11	760-765	Guide	_	_	
7-12	766-773	Chateau	http://www.w3.org/TR/2003/PR-owl-guide-20031209/wine#ChateauDYchem[4]	*[4]	
7-13	774-775	d	http://www.w3.org/TR/2003/PR-owl-guide-20031209/wine#ChateauDYchem[4]	*[4]	
7-14	775-776	’	http://www.w3.org/TR/2003/PR-owl-guide-20031209/wine#ChateauDYchem[4]	*[4]	
7-15	776-781	Yquem	http://www.w3.org/TR/2003/PR-owl-guide-20031209/wine#ChateauDYchem[4]	*[4]	
7-16	782-784	is	_	_	
7-17	785-788	not	_	_	
7-18	789-793	only	_	_	
7-19	794-797	the	_	_	
7-20	798-802	most	_	_	
7-21	803-809	famous	_	_	
7-22	810-817	chateau	_	_	
7-23	818-820	in	_	_	
7-24	821-830	Sauternes	_	_	
7-25	831-836	today	_	_	
7-26	836-837	,	_	_	
7-27	838-841	the	_	_	
7-28	842-848	estate	_	_	
7-29	849-852	has	_	_	
7-30	853-862	possessed	_	_	
7-31	863-865	an	_	_	
7-32	866-873	exalted	_	_	
7-33	874-884	reputation	_	_	
7-34	885-891	dating	_	_	
7-35	892-896	back	_	_	
7-36	897-899	to	_	_	
7-37	900-903	the	_	_	
7-38	904-910	middle	_	_	
7-39	911-915	ages	_	_	
7-40	916-920	when	_	_	
7-41	921-922	d	_	_	
7-42	922-923	’	_	_	
7-43	923-928	Yquem	_	_	
7-44	929-932	was	_	_	
7-45	933-938	owned	_	_	
7-46	939-941	by	_	_	
7-47	942-945	the	_	_	
7-48	946-950	King	_	_	
7-49	951-953	of	_	_	
7-50	954-961	England	_	_	
7-51	961-962	.	_	_	

#Text=At the time, the King was also the Duke of Aquitaine.
8-1	964-966	At	_	_	
8-2	967-970	the	_	_	
8-3	971-975	time	_	_	
8-4	975-976	,	_	_	
8-5	977-980	the	_	_	
8-6	981-985	King	_	_	
8-7	986-989	was	_	_	
8-8	990-994	also	_	_	
8-9	995-998	the	_	_	
8-10	999-1003	Duke	_	_	
8-11	1004-1006	of	_	_	
8-12	1007-1016	Aquitaine	_	_	
8-13	1016-1017	.	_	_	

#Text=Skipping ahead 150 years later, in 1593, a local noble family, Jacques Sauvage, was given feudal tenure over d’Yquem.
9-1	1018-1026	Skipping	_	_	
9-2	1027-1032	ahead	_	_	
9-3	1033-1036	150	_	_	
9-4	1037-1042	years	_	_	
9-5	1043-1048	later	_	_	
9-6	1048-1049	,	_	_	
9-7	1050-1052	in	_	_	
9-8	1053-1057	1593	_	_	
9-9	1057-1058	,	_	_	
9-10	1059-1060	a	_	_	
9-11	1061-1066	local	_	_	
9-12	1067-1072	noble	_	_	
9-13	1073-1079	family	_	_	
9-14	1079-1080	,	_	_	
9-15	1081-1088	Jacques	_	_	
9-16	1089-1096	Sauvage	_	_	
9-17	1096-1097	,	_	_	
9-18	1098-1101	was	_	_	
9-19	1102-1107	given	_	_	
9-20	1108-1114	feudal	_	_	
9-21	1115-1121	tenure	_	_	
9-22	1122-1126	over	_	_	
9-23	1127-1128	d	_	_	
9-24	1128-1129	’	_	_	
9-25	1129-1134	Yquem	_	_	
9-26	1134-1135	.	_	_	

#Text=Shortly after taking over the property, the Sauvage family built the present Chateau in Sauternes that we know today.
10-1	1136-1143	Shortly	_	_	
10-2	1144-1149	after	_	_	
10-3	1150-1156	taking	_	_	
10-4	1157-1161	over	_	_	
10-5	1162-1165	the	_	_	
10-6	1166-1174	property	_	_	
10-7	1174-1175	,	_	_	
10-8	1176-1179	the	_	_	
10-9	1180-1187	Sauvage	_	_	
10-10	1188-1194	family	_	_	
10-11	1195-1200	built	_	_	
10-12	1201-1204	the	_	_	
10-13	1205-1212	present	_	_	
10-14	1213-1220	Chateau	_	_	
10-15	1221-1223	in	_	_	
10-16	1224-1233	Sauternes	http://www.w3.org/TR/2003/PR-owl-guide-20031209/wine#ChateauDYchemSauterne	*	
10-17	1234-1238	that	_	_	
10-18	1239-1241	we	_	_	
10-19	1242-1246	know	_	_	
10-20	1247-1252	today	_	_	
10-21	1252-1253	.	_	_	
