#FORMAT=WebAnno TSV 3.2
#T_SP=de.tudarmstadt.ukp.dkpro.core.api.ner.type.NamedEntity|identifier|value
#T_SP=webanno.custom.Claim|


#Text=The vineyard where Chateau d'Yquem is produced has 126 hectares (310 acres) in the Sauternes appellation, though only 100 hectares (250 acres) are in production at any time.
1-1	0-3	The	_	_	_	
1-2	4-12	vineyard	_	_	_	
1-3	13-18	where	_	_	_	
1-4	19-26	Chateau	http://www.w3.org/TR/2003/PR-owl-guide-20031209/wine#ChateauDYchemSauterne[1]	WINE[1]	_	
1-5	27-34	d'Yquem	http://www.w3.org/TR/2003/PR-owl-guide-20031209/wine#ChateauDYchemSauterne[1]	WINE[1]	_	
1-6	35-37	is	_	_	_	
1-7	38-46	produced	_	_	_	
1-8	47-50	has	_	_	_	
1-9	51-54	126	_	_	_	
1-10	55-63	hectares	_	_	_	
1-11	64-65	(	_	_	_	
1-12	65-68	310	_	_	_	
1-13	69-74	acres	_	_	_	
1-14	74-75	)	_	_	_	
1-15	76-78	in	_	_	_	
1-16	79-82	the	_	_	_	
1-17	83-92	Sauternes	http://www.w3.org/TR/2003/PR-owl-guide-20031209/wine#SauterneRegion	LOC	_	
1-18	93-104	appellation	_	_	_	
1-19	104-105	,	_	_	_	
1-20	106-112	though	_	_	_	
1-21	113-117	only	_	_	_	
1-22	118-121	100	_	_	_	
1-23	122-130	hectares	_	_	_	
1-24	131-132	(	_	_	_	
1-25	132-135	250	_	_	_	
1-26	136-141	acres	_	_	_	
1-27	141-142	)	_	_	_	
1-28	143-146	are	_	_	_	
1-29	147-149	in	_	_	_	
1-30	150-160	production	_	_	_	
1-31	161-163	at	_	_	_	
1-32	164-167	any	_	_	_	
1-33	168-172	time	_	_	_	
1-34	172-173	.	_	_	_	

#Text=Each year, vines from two to three hectares are grubbed up and left fallow for a year.
2-1	174-178	Each	_	_	_	
2-2	179-183	year	_	_	_	
2-3	183-184	,	_	_	_	
2-4	185-190	vines	_	_	_	
2-5	191-195	from	_	_	_	
2-6	196-199	two	_	_	_	
2-7	200-202	to	_	_	_	
2-8	203-208	three	_	_	_	
2-9	209-217	hectares	_	_	_	
2-10	218-221	are	_	_	_	
2-11	222-229	grubbed	_	_	_	
2-12	230-232	up	_	_	_	
2-13	233-236	and	_	_	_	
2-14	237-241	left	_	_	_	
2-15	242-248	fallow	_	_	_	
2-16	249-252	for	_	_	_	
2-17	253-254	a	_	_	_	
2-18	255-259	year	_	_	_	
2-19	259-260	.	_	_	_	

#Text=Since grapes from newly planted vines are not worthy of the chateau name for five to seven years, about 20 hectares are held in reserve each year.
3-1	261-266	Since	_	_	_	
3-2	267-273	grapes	_	_	_	
3-3	274-278	from	_	_	_	
3-4	279-284	newly	_	_	_	
3-5	285-292	planted	_	_	_	
3-6	293-298	vines	_	_	_	
3-7	299-302	are	_	_	_	
3-8	303-306	not	_	_	_	
3-9	307-313	worthy	_	_	_	
3-10	314-316	of	_	_	_	
3-11	317-320	the	_	_	_	
3-12	321-328	chateau	_	_	_	
3-13	329-333	name	_	_	_	
3-14	334-337	for	_	_	_	
3-15	338-342	five	_	_	_	
3-16	343-345	to	_	_	_	
3-17	346-351	seven	_	_	_	
3-18	352-357	years	_	_	_	
3-19	357-358	,	_	_	_	
3-20	359-364	about	_	_	_	
3-21	365-367	20	_	_	_	
3-22	368-376	hectares	_	_	_	
3-23	377-380	are	_	_	_	
3-24	381-385	held	_	_	_	
3-25	386-388	in	_	_	_	
3-26	389-396	reserve	_	_	_	
3-27	397-401	each	_	_	_	
3-28	402-406	year	_	_	_	
3-29	406-407	.	_	_	_	

#Text=The vines consist of 80% Sémillon and 20% Sauvignon blanc, though the latter's vigour implies the proportions are more nearly equal in the final wine.
4-1	408-411	The	_	_	_	
4-2	412-417	vines	_	_	_	
4-3	418-425	consist	_	_	_	
4-4	426-428	of	_	_	_	
4-5	429-432	80%	_	_	_	
4-6	433-441	Sémillon	*	GRAPE	_	
4-7	442-445	and	_	_	_	
4-8	446-449	20%	_	_	_	
4-9	450-459	Sauvignon	*[2]	GRAPE[2]	_	
4-10	460-465	blanc	*[2]	GRAPE[2]	_	
4-11	465-466	,	_	_	_	
4-12	467-473	though	_	_	_	
4-13	474-477	the	_	_	_	
4-14	478-486	latter's	_	_	_	
4-15	487-493	vigour	_	_	_	
4-16	494-501	implies	_	_	_	
4-17	502-505	the	_	_	_	
4-18	506-517	proportions	_	_	_	
4-19	518-521	are	_	_	_	
4-20	522-526	more	_	_	_	
4-21	527-533	nearly	_	_	_	
4-22	534-539	equal	_	_	_	
4-23	540-542	in	_	_	_	
4-24	543-546	the	_	_	_	
4-25	547-552	final	_	_	_	
4-26	553-557	wine	_	_	_	
4-27	557-558	.	_	_	_	

#Text=Harvesting is carefully timed, and on average six tries through the vineyard are undertaken each year to ensure that only the botrytized grapes are selected.
5-1	560-570	Harvesting	_	_	_	
5-2	571-573	is	_	_	_	
5-3	574-583	carefully	_	_	_	
5-4	584-589	timed	_	_	_	
5-5	589-590	,	_	_	_	
5-6	591-594	and	_	_	_	
5-7	595-597	on	_	_	_	
5-8	598-605	average	_	_	_	
5-9	606-609	six	_	_	_	
5-10	610-615	tries	_	_	_	
5-11	616-623	through	_	_	_	
5-12	624-627	the	_	_	_	
5-13	628-636	vineyard	_	_	_	
5-14	637-640	are	_	_	_	
5-15	641-651	undertaken	_	_	_	
5-16	652-656	each	_	_	_	
5-17	657-661	year	_	_	_	
5-18	662-664	to	_	_	_	
5-19	665-671	ensure	_	_	_	
5-20	672-676	that	_	_	_	
5-21	677-681	only	_	_	_	
5-22	682-685	the	_	_	_	
5-23	686-696	botrytized	_	_	_	
5-24	697-703	grapes	_	_	_	
5-25	704-707	are	_	_	_	
5-26	708-716	selected	_	_	_	
5-27	716-717	.	_	_	_	

#Text=The yield averages nine hectolitres per hectare (2.5 acres), compared to the usual twelve to twenty hectolitres per hectare in Sauternes.
6-1	718-721	The	_	_	_	
6-2	722-727	yield	_	_	_	
6-3	728-736	averages	_	_	_	
6-4	737-741	nine	_	_	_	
6-5	742-753	hectolitres	_	_	_	
6-6	754-757	per	_	_	_	
6-7	758-765	hectare	_	_	_	
6-8	766-767	(	_	_	_	
6-9	767-770	2.5	_	_	_	
6-10	771-776	acres	_	_	_	
6-11	776-777	)	_	_	_	
6-12	777-778	,	_	_	_	
6-13	779-787	compared	_	_	_	
6-14	788-790	to	_	_	_	
6-15	791-794	the	_	_	_	
6-16	795-800	usual	_	_	_	
6-17	801-807	twelve	_	_	_	
6-18	808-810	to	_	_	_	
6-19	811-817	twenty	_	_	_	
6-20	818-829	hectolitres	_	_	_	
6-21	830-833	per	_	_	_	
6-22	834-841	hectare	_	_	_	
6-23	842-844	in	_	_	_	
6-24	845-854	Sauternes	http://www.w3.org/TR/2003/PR-owl-guide-20031209/wine#SauterneRegion	LOC	_	
6-25	854-855	.	_	_	_	

#Text=The grapes are pressed three times and transferred to oak barrels for maturation over a period of about three years.
7-1	856-859	The	_	_	_	
7-2	860-866	grapes	_	_	_	
7-3	867-870	are	_	_	_	
7-4	871-878	pressed	_	_	_	
7-5	879-884	three	_	_	_	
7-6	885-890	times	_	_	_	
7-7	891-894	and	_	_	_	
7-8	895-906	transferred	_	_	_	
7-9	907-909	to	_	_	_	
7-10	910-913	oak	_	_	_	
7-11	914-921	barrels	_	_	_	
7-12	922-925	for	_	_	_	
7-13	926-936	maturation	_	_	_	
7-14	937-941	over	_	_	_	
7-15	942-943	a	_	_	_	
7-16	944-950	period	_	_	_	
7-17	951-953	of	_	_	_	
7-18	954-959	about	_	_	_	
7-19	960-965	three	_	_	_	
7-20	966-971	years	_	_	_	
7-21	971-972	.	_	_	_	

#Text=According to an expert: "This wine is ripe, with a touch of honey as if the botrytis for the sweet wine landed on these grapes as well.
8-1	974-983	According	_	_	_	
8-2	984-986	to	_	_	_	
8-3	987-989	an	_	_	_	
8-4	990-996	expert	_	_	_	
8-5	996-997	:	_	_	_	
8-6	998-999	"	_	_	_	
8-7	999-1003	This	_	_	*[4]	
8-8	1004-1008	wine	_	_	*[4]	
8-9	1009-1011	is	_	_	*[4]	
8-10	1012-1016	ripe	_	_	*[4]	
8-11	1016-1017	,	_	_	*[4]	
8-12	1018-1022	with	_	_	*[4]	
8-13	1023-1024	a	_	_	*[4]	
8-14	1025-1030	touch	_	_	*[4]	
8-15	1031-1033	of	_	_	*[4]	
8-16	1034-1039	honey	_	_	*[4]	
8-17	1040-1042	as	_	_	_	
8-18	1043-1045	if	_	_	_	
8-19	1046-1049	the	_	_	_	
8-20	1050-1058	botrytis	_	_	_	
8-21	1059-1062	for	_	_	_	
8-22	1063-1066	the	_	_	_	
8-23	1067-1072	sweet	_	_	_	
8-24	1073-1077	wine	_	_	_	
8-25	1078-1084	landed	_	_	_	
8-26	1085-1087	on	_	_	_	
8-27	1088-1093	these	_	_	_	
8-28	1094-1100	grapes	_	_	_	
8-29	1101-1103	as	_	_	_	
8-30	1104-1108	well	_	_	_	
8-31	1108-1109	.	_	_	_	

#Text=It has creamy wood, spice and apricot flavors, making Chateau d'Yquem a delicious ripe wine, even with a touch of sweetness to the finish".
9-1	1110-1112	It	_	_	*[5]	
9-2	1113-1116	has	_	_	*[5]	
9-3	1117-1123	creamy	_	_	*[5]	
9-4	1124-1128	wood	_	_	*[5]	
9-5	1128-1129	,	_	_	*[5]	
9-6	1130-1135	spice	_	_	*[5]	
9-7	1136-1139	and	_	_	*[5]	
9-8	1140-1147	apricot	_	_	*[5]	
9-9	1148-1155	flavors	_	_	*[5]	
9-10	1155-1156	,	_	_	*[5]	
9-11	1157-1163	making	_	_	*[5]	
9-12	1164-1171	Chateau	http://www.w3.org/TR/2003/PR-owl-guide-20031209/wine#ChateauDYchemSauterne[3]	WINE[3]	*[5]	
9-13	1172-1179	d'Yquem	http://www.w3.org/TR/2003/PR-owl-guide-20031209/wine#ChateauDYchemSauterne[3]	WINE[3]	*[5]	
9-14	1180-1181	a	_	_	*[5]	
9-15	1182-1191	delicious	_	_	*[5]	
9-16	1192-1196	ripe	_	_	*[5]	
9-17	1197-1201	wine	_	_	*[5]	
9-18	1201-1202	,	_	_	_	
9-19	1203-1207	even	_	_	_	
9-20	1208-1212	with	_	_	_	
9-21	1213-1214	a	_	_	_	
9-22	1215-1220	touch	_	_	_	
9-23	1221-1223	of	_	_	_	
9-24	1224-1233	sweetness	_	_	_	
9-25	1234-1236	to	_	_	_	
9-26	1237-1240	the	_	_	_	
9-27	1241-1247	finish	_	_	_	
9-28	1247-1248	"	_	_	_	
9-29	1248-1249	.	_	_	_	
