{
  "name" : "Example: Frame annotation",
  "description" : "This project provides a short introduction to modeling frame-like annotation tasks such as \r\nsemantic role labeling or event annotation.\r\n\r\nThe two layers `SemPred` and `SemArg` are used to model the frame. First, a `SemPred` annotation is\r\ncreated on the words that trigger the frame. The arguments of the frame can then be linked up to\r\nthis `SemPred` annotation by creating `SemArg` annotations on the words representing the arguments\r\nand linking them into the `arguments` feature of the `SemPred` annotation.\r\n\r\nTo facilitate the annotation, the project includes a small set of constraint rules. There are two\r\ntypes of rules. The first type controls the `category` feature of the `SemPred` annotation based\r\non the lemma of the trigger word. The second type of rules controls the slots of the `arguments`\r\nfeature of the `SemPred` layer. To allow the constraints to work, the `category` and `arguments`\r\nfeature have each been associated with a tagset.",
  "mode" : "ANNOTATION",
  "version" : 1,
  "source_documents" : [ {
    "name" : "document.tsv",
    "format" : "ctsv3",
    "state" : "ANNOTATION_IN_PROGRESS",
    "timestamp" : null,
    "sentence_accessed" : 0,
    "created" : null,
    "updated" : 1611434128537
  } ],
  "annotation_documents" : [ {
    "name" : "document.tsv",
    "user" : "admin",
    "state" : "IN_PROGRESS",
    "timestamp" : null,
    "sentence_accessed" : 0,
    "created" : null,
    "updated" : 1611434128548
  } ],
  "project_permissions" : [ {
    "level" : "ADMIN",
    "user" : "admin"
  }, {
    "level" : "CURATOR",
    "user" : "admin"
  }, {
    "level" : "USER",
    "user" : "admin"
  } ],
  "tag_sets" : [ {
    "name" : "Argument role",
    "description" : null,
    "language" : "en",
    "tags" : [ {
      "tag_name" : "Addressee",
      "tag_description" : "The Addressee is most frequently the NP Object of a target verb. However with the verb inquire, Addressee can only occur as an of-PP and with a noun target, Adressee occurs in a PP Complement or as a possessive:\nPat questioned ME about where I had been.\nCore role."
    }, {
      "tag_name" : "Iterations",
      "tag_description" : "The frame element Iterations is used for expressions that indicate the number of times an event or state (of the kind denoted by the target in its clause) has taken place or held.\r\nI asked TWICE.\r\nNon-core role."
    }, {
      "tag_name" : "Message",
      "tag_description" : "The Message, or content of the question, usually takes the form of a direct quote or an embedded question with a verb target:\n'WHAT ARE YOU DOING?' Kim inquired.\nCore role."
    }, {
      "tag_name" : "Speaker",
      "tag_description" : "The person asking a question generally occurs as the External Argument of verb and noun targets:\r\nPAT quizzed me about where I had been.\r\nCore role."
    }, {
      "tag_name" : "Time",
      "tag_description" : "The tome at which the questioning occurs.\r\nI inquired YESTERDAY.\r\nNon-core role."
    }, {
      "tag_name" : "XXX",
      "tag_description" : "No FrameNet role label available."
    } ],
    "create_tag" : false
  }, {
    "name" : "Frame category",
    "description" : null,
    "language" : "en",
    "tags" : [ {
      "tag_name" : "Commerce_buy",
      "tag_description" : "These are words describing a basic commercial transaction involving a Buyer and a Seller exchanging Money and Goods, taking the perspective of the Buyer. The words vary individually in the patterns of frame element realization they allow. For example the typical pattern for the verb BUY: Buxer buys goods from Seller for Money.\r\nExample: Abby BOUGHT a car from Robin for $5,000."
    }, {
      "tag_name" : "Communication_response",
      "tag_description" : "This frame deals with a Speaker communicating a reply or response, a Message, to some prior communication or action, the Trigger.\nExample: The landlord has not yet REPLIED in writing to the tenant objecting the proposed alterations."
    }, {
      "tag_name" : "Questioning",
      "tag_description" : "The words in this frame have to do with s Speaker asking an Addressee a question which calls for a reply (as opposed to making a request which calls for an action on the part of the Addressee)\r\nExample: We ASKED Ruby what kind of food they ate."
    }, {
      "tag_name" : "Request",
      "tag_description" : "In this frame a Speaker asks an Addressee for something, or to carry out some action.\nExample: I BEGGED my parents to let me stay up late."
    }, {
      "tag_name" : "Resolve_problem",
      "tag_description" : " An Agent resolves and outstanding Problem by finding its solution, explanation, answer, etc. Alternatively, some non-agentive Cause may resolve the Problem.\nExample: Student finally WORKED THROUGH all of the difficult problems by working together."
    }, {
      "tag_name" : "XXX",
      "tag_description" : "No FrameNet frame available."
    } ],
    "create_tag" : false
  } ],
  "layers" : [ {
    "name" : "de.tudarmstadt.ukp.dkpro.core.api.segmentation.type.Lemma",
    "features" : [ {
      "name" : "value",
      "tag_set" : null,
      "uiName" : "Lemma",
      "type" : "uima.cas.String",
      "enabled" : true,
      "visible" : true,
      "include_in_hover" : false,
      "required" : false,
      "remember" : false,
      "hideUnconstraintFeature" : false,
      "description" : "lemma Annotation",
      "project_name" : "Example: Frame annotation",
      "multi_value_mode" : "NONE",
      "link_mode" : "NONE",
      "link_type_name" : null,
      "link_type_role_feature_name" : null,
      "link_type_target_feature_name" : null,
      "traits" : null
    } ],
    "uiName" : "Lemma",
    "type" : "span",
    "description" : null,
    "enabled" : true,
    "built_in" : true,
    "readonly" : false,
    "attach_type" : {
      "name" : "de.tudarmstadt.ukp.dkpro.core.api.segmentation.type.Token"
    },
    "attach_feature" : {
      "name" : "lemma",
      "layer" : "de.tudarmstadt.ukp.dkpro.core.api.segmentation.type.Token"
    },
    "allow_stacking" : false,
    "cross_sentence" : false,
    "show_hover" : true,
    "anchoring_mode" : "SINGLE_TOKEN",
    "overlap_mode" : "NO_OVERLAP",
    "validation_mode" : "ALWAYS",
    "lock_to_token_offset" : true,
    "multiple_tokens" : false,
    "project_name" : "Example: Frame annotation",
    "linked_list_behavior" : false,
    "on_click_javascript_action" : null,
    "traits" : null
  }, {
    "name" : "de.tudarmstadt.ukp.dkpro.core.api.semantics.type.SemArg",
    "features" : [ ],
    "uiName" : "SemArg",
    "type" : "span",
    "description" : null,
    "enabled" : true,
    "built_in" : true,
    "readonly" : false,
    "attach_type" : null,
    "attach_feature" : null,
    "allow_stacking" : true,
    "cross_sentence" : false,
    "show_hover" : true,
    "anchoring_mode" : "TOKENS",
    "overlap_mode" : "ANY_OVERLAP",
    "validation_mode" : "ALWAYS",
    "lock_to_token_offset" : false,
    "multiple_tokens" : true,
    "project_name" : "Example: Frame annotation",
    "linked_list_behavior" : false,
    "on_click_javascript_action" : null,
    "traits" : null
  }, {
    "name" : "de.tudarmstadt.ukp.dkpro.core.api.semantics.type.SemPred",
    "features" : [ {
      "name" : "arguments",
      "tag_set" : {
        "name" : "Argument role",
        "description" : null,
        "language" : null,
        "tags" : [ ],
        "create_tag" : false
      },
      "uiName" : "arguments",
      "type" : "de.tudarmstadt.ukp.dkpro.core.api.semantics.type.SemArg",
      "enabled" : true,
      "visible" : true,
      "include_in_hover" : false,
      "required" : false,
      "remember" : false,
      "hideUnconstraintFeature" : false,
      "description" : "Arguments of the semantic predicate",
      "project_name" : "Example: Frame annotation",
      "multi_value_mode" : "ARRAY",
      "link_mode" : "WITH_ROLE",
      "link_type_name" : "de.tudarmstadt.ukp.dkpro.core.api.semantics.type.SemArgLink",
      "link_type_role_feature_name" : "role",
      "link_type_target_feature_name" : "target",
      "traits" : "{\"defaultSlots\":[],\"enableRoleLabels\":true}"
    }, {
      "name" : "category",
      "tag_set" : {
        "name" : "Frame category",
        "description" : null,
        "language" : null,
        "tags" : [ ],
        "create_tag" : false
      },
      "uiName" : "category",
      "type" : "uima.cas.String",
      "enabled" : true,
      "visible" : true,
      "include_in_hover" : false,
      "required" : false,
      "remember" : false,
      "hideUnconstraintFeature" : false,
      "description" : "Category of the semantic predicate, e.g. the frame identifier.",
      "project_name" : "Example: Frame annotation",
      "multi_value_mode" : "NONE",
      "link_mode" : "NONE",
      "link_type_name" : null,
      "link_type_role_feature_name" : null,
      "link_type_target_feature_name" : null,
      "traits" : "{\"multipleRows\":false,\"dynamicSize\":false,\"collapsedRows\":1,\"expandedRows\":1,\"keyBindings\":[]}"
    } ],
    "uiName" : "SemPred",
    "type" : "span",
    "description" : null,
    "enabled" : true,
    "built_in" : true,
    "readonly" : false,
    "attach_type" : null,
    "attach_feature" : null,
    "allow_stacking" : true,
    "cross_sentence" : false,
    "show_hover" : true,
    "anchoring_mode" : "TOKENS",
    "overlap_mode" : "ANY_OVERLAP",
    "validation_mode" : "ALWAYS",
    "lock_to_token_offset" : false,
    "multiple_tokens" : true,
    "project_name" : "Example: Frame annotation",
    "linked_list_behavior" : false,
    "on_click_javascript_action" : null,
    "traits" : null
  }, {
    "name" : "de.tudarmstadt.ukp.dkpro.core.api.segmentation.type.Token",
    "features" : [ {
      "name" : "lemma",
      "tag_set" : null,
      "uiName" : "lemma",
      "type" : "de.tudarmstadt.ukp.dkpro.core.api.segmentation.type.Lemma",
      "enabled" : true,
      "visible" : true,
      "include_in_hover" : false,
      "required" : false,
      "remember" : false,
      "hideUnconstraintFeature" : false,
      "description" : null,
      "project_name" : "Example: Frame annotation",
      "multi_value_mode" : "NONE",
      "link_mode" : "NONE",
      "link_type_name" : null,
      "link_type_role_feature_name" : null,
      "link_type_target_feature_name" : null,
      "traits" : null
    } ],
    "uiName" : "Token",
    "type" : "span",
    "description" : null,
    "enabled" : true,
    "built_in" : true,
    "readonly" : false,
    "attach_type" : null,
    "attach_feature" : null,
    "allow_stacking" : false,
    "cross_sentence" : false,
    "show_hover" : true,
    "anchoring_mode" : "SINGLE_TOKEN",
    "overlap_mode" : "NO_OVERLAP",
    "validation_mode" : "NEVER",
    "lock_to_token_offset" : true,
    "multiple_tokens" : false,
    "project_name" : "Example: Frame annotation",
    "linked_list_behavior" : false,
    "on_click_javascript_action" : null,
    "traits" : null
  } ],
  "disableExport" : false,
  "script_direction" : "LTR",
  "created" : 1611433809361,
  "updated" : 1611527153333,
  "anonymous_curation" : false,
  "knowledge_bases" : [ ],
  "external_search" : [ ],
  "recommenders" : [ ],
  "gazeteers" : [ ]
}