#FORMAT=WebAnno TSV 3.3
#T_SP=de.tudarmstadt.ukp.dkpro.core.api.segmentation.type.Lemma|value
#T_SP=de.tudarmstadt.ukp.dkpro.core.api.semantics.type.SemArg|
#T_SP=de.tudarmstadt.ukp.dkpro.core.api.semantics.type.SemPred|ROLE_de.tudarmstadt.ukp.dkpro.core.api.semantics.type.SemPred:arguments_de.tudarmstadt.ukp.dkpro.core.api.semantics.type.SemArgLink|de.tudarmstadt.ukp.dkpro.core.api.semantics.type.SemArg|category


#Text=Fred didn't answer.
1-1	0-4	Fred	_	*	_	_	_	
1-2	5-11	didn't	_	_	_	_	_	
1-3	12-18	answer	_	_	_	_	_	
1-4	18-19	.	_	_	_	_	_	

#Text=While I had asked this question twice before.
2-1	20-25	While	_	_	_	_	_	
2-2	26-27	I	_	*	_	_	_	
2-3	28-31	had	_	_	_	_	_	
2-4	32-37	asked	ask	_	Speaker;Addressee;Iterations;Message	2-2;1-1;2-7;2-6	Questioning	
2-5	38-42	this	_	_	_	_	_	
2-6	43-51	question	_	*	_	_	_	
2-7	52-57	twice	_	*	_	_	_	
2-8	58-64	before	_	_	_	_	_	
2-9	64-65	.	_	_	_	_	_	
