{
  "name" : "Recommendation and Active Learning Example Project",
  "description" : "This project is an example project for using the recommendation and active learning functionalities of INCEpTION to annotate the POS tagging for a document.\r\n\r\nThere are two documents in this example project:\r\n- GUM_interview_chomsky.conll10: it is a well-annotated document chosen from \"GUM - The Georgetown University Multilayer Corpus\" (https://corpling.uis.georgetown.edu/gum/index.html#annos)\r\n- Noam_Chomsky.txt: it is a part of the Wikipedia article Noam Chomsky (https://en.wikipedia.org/wiki/Noam_Chomsky)\r\n\r\nTwo following recommenders are set in this project for giving suggestions of Layer POS:\r\n- Token String Matcher\r\n- Token Sequence Classifier(OpenNLP POS)",
  "mode" : "ANNOTATION",
  "version" : 1,
  "source_documents" : [ {
    "name" : "GUM_interview_chomsky.conll10",
    "format" : "conll2006",
    "state" : "ANNOTATION_IN_PROGRESS",
    "timestamp" : null,
    "sentence_accessed" : 0,
    "created" : null,
    "updated" : 1529308019114
  }, {
    "name" : "Noam_Chomsky.txt",
    "format" : "text",
    "state" : "ANNOTATION_IN_PROGRESS",
    "timestamp" : null,
    "sentence_accessed" : 10,
    "created" : null,
    "updated" : 1529308716554
  } ],
  "annotation_documents" : [ {
    "name" : "GUM_interview_chomsky.conll10",
    "user" : "admin",
    "state" : "IN_PROGRESS",
    "timestamp" : null,
    "sentence_accessed" : 0,
    "created" : null,
    "updated" : null
  }, {
    "name" : "Noam_Chomsky.txt",
    "user" : "admin",
    "state" : "IN_PROGRESS",
    "timestamp" : 1529309623341,
    "sentence_accessed" : 10,
    "created" : null,
    "updated" : 1529309623552
  } ],
  "project_permissions" : [ {
    "level" : "ADMIN",
    "user" : "admin"
  }, {
    "level" : "CURATOR",
    "user" : "admin"
  }, {
    "level" : "USER",
    "user" : "admin"
  } ],
  "tag_sets" : [ {
    "name" : "Coreference mentions",
    "typeUiName" : null,
    "description" : "coreference type annotation",
    "language" : "de",
    "type" : null,
    "type_name" : null,
    "type_description" : null,
    "tags" : [ {
      "tag_name" : "nam",
      "tag_description" : "nam"
    } ],
    "create_tag" : false
  }, {
    "name" : "Coreference relations",
    "typeUiName" : null,
    "description" : "coreference relation annotation",
    "language" : "de",
    "type" : null,
    "type_name" : null,
    "type_description" : null,
    "tags" : [ {
      "tag_name" : "anaphoric",
      "tag_description" : "anaphoric"
    } ],
    "create_tag" : false
  }, {
    "name" : "Dependency flavors",
    "typeUiName" : null,
    "description" : "Dependency flavors",
    "language" : "mul",
    "type" : null,
    "type_name" : null,
    "type_description" : null,
    "tags" : [ {
      "tag_name" : "basic",
      "tag_description" : "basic"
    }, {
      "tag_name" : "enhanced",
      "tag_description" : "enhanced"
    } ],
    "create_tag" : true
  }, {
    "name" : "Named Entity tags",
    "typeUiName" : null,
    "description" : "Named Entity annotation",
    "language" : "de",
    "type" : null,
    "type_name" : null,
    "type_description" : null,
    "tags" : [ {
      "tag_name" : "LOC",
      "tag_description" : "Location derivatives"
    }, {
      "tag_name" : "LOCderiv",
      "tag_description" : "Location derivative"
    }, {
      "tag_name" : "LOCpart",
      "tag_description" : "Hyphenated part  is location"
    }, {
      "tag_name" : "ORG",
      "tag_description" : "Organization"
    }, {
      "tag_name" : "ORGderiv",
      "tag_description" : "Organization derivative"
    }, {
      "tag_name" : "ORGpart",
      "tag_description" : "Hyphenated part  is organization"
    }, {
      "tag_name" : "OTH",
      "tag_description" : "Other: Every name that is not a location, person or organisation"
    }, {
      "tag_name" : "OTHderiv",
      "tag_description" : "Other derivative"
    }, {
      "tag_name" : "OTHpart",
      "tag_description" : "Hyphenated part  is Other"
    }, {
      "tag_name" : "PER",
      "tag_description" : "Person"
    }, {
      "tag_name" : "PERderiv",
      "tag_description" : "Person derivative"
    }, {
      "tag_name" : "PERpart",
      "tag_description" : "Hyphenated part  is person"
    } ],
    "create_tag" : false
  }, {
    "name" : "Operation",
    "typeUiName" : null,
    "description" : "operation to be done with specified in tokenIDs token/tokens in order to correct",
    "language" : "en",
    "type" : null,
    "type_name" : null,
    "type_description" : null,
    "tags" : [ {
      "tag_name" : "delete",
      "tag_description" : "delete"
    }, {
      "tag_name" : "insert_after",
      "tag_description" : "insert after"
    }, {
      "tag_name" : "insert_before",
      "tag_description" : "insert before"
    }, {
      "tag_name" : "replace",
      "tag_description" : "replace"
    } ],
    "create_tag" : true
  }, {
    "name" : "Stanford Dependencies",
    "typeUiName" : null,
    "description" : "Stanford Dependencies for English\r\n\r\nThe English version of the Stanford dependencies has been developed by Marie-Catherine de Marneffe, Bill MacCartney, and Christopher Manning. All details about the English dependencies can be found in the manual:\r\n\r\n  Marie-Catherine de Marneffe and Christopher D. Manning. 2008. Stanford Dependencies manual.\r\n\r\nSee also: \r\n* http://nlp.stanford.edu/software/stanford-dependencies.shtml\r\n* http://nlp.stanford.edu/software/dependencies_manual.pdf",
    "language" : "en",
    "type" : null,
    "type_name" : null,
    "type_description" : null,
    "tags" : [ {
      "tag_name" : "acomp",
      "tag_description" : "adjectival complement\r\nAn adjectival complement of a verb is an adjectival phrase which functions as the complement (like an object of the verb).\r\n“She looks very beautiful” acomp(looks, beautiful)"
    }, {
      "tag_name" : "advcl",
      "tag_description" : "adverbial clause modifier\r\nAn adverbial clause modifier of a VP or S is a clause modifying the verb (temporal clause, consequence, conditional clause, purpose clause, etc.).\r\n“The accident happened as the night was falling” advcl(happened, falling)\r\n“If you know who did it, you should tell the teacher” advcl(tell, know)\r\n“He talked to him in order to secure the account” advcl(talked, secure)"
    }, {
      "tag_name" : "advmod",
      "tag_description" : "adverbial modifier\r\nAn adverbial modifier of a word is a (non-clausal) adverb or adverbial phrase (ADVP) that serves to modify the meaning of the word.\r\n“Genetically modified food” advmod(modified, genetically)\r\n“less often” advmod(often, less)"
    }, {
      "tag_name" : "agent",
      "tag_description" : "agent\r\nAn agent is the complement of a passive verb which is introduced by the preposition “by” and does the action. This relation only appears in the collapsed dependencies, where it can replace prep by, where appropriate. It does not appear in basic dependencies output.\r\n“The man has been killed by the police” agent(killed, police)\r\n“Effects caused by the protein are important” agent(caused, protein)"
    }, {
      "tag_name" : "amod",
      "tag_description" : "adjectival modifier\r\nAn adjectival modifier of an NP is any adjectival phrase that serves to modify the meaning of the NP.\r\n“Sam eats red meat” amod(meat, red)\r\n“Sam took out a 3 million dollar loan” amod(loan, dollar)\r\n“Sam took out a $ 3 million loan”amod(loan, $)"
    }, {
      "tag_name" : "appos",
      "tag_description" : "appositional modifier\r\nAn appositional modifier of an NP is an NP immediately to the right of the first NP that serves to define or modify that NP. It includes parenthesized examples, as well as defining abbreviations in one of these structures.\r\nSam , my brother , arrived\r\nBill ( John ’s cousin )\r\nThe Australian Broadcasting Corporation ( ABC )"
    }, {
      "tag_name" : "aux",
      "tag_description" : "auxiliary\r\nAn auxiliary of a clause is a non-main verb of the clause, e.g., a modal auxiliary, or a form of\r\n“be”, “do” or “have” in a periphrastic tense.\r\nReagan has died\r\nHe should leave"
    }, {
      "tag_name" : "auxpass",
      "tag_description" : "passive auxiliary\r\nA passive auxiliary of a clause is a non-main verb of the clause which contains the passive information.\r\n“Kennedy has been killed” auxpass(killed, been)\r\n“Kennedy was/got killed” auxpass(killed, was/got)"
    }, {
      "tag_name" : "cc",
      "tag_description" : "coordination\r\nA coordination is the relation between an element of a conjunct and the coordinating conjunction word of the conjunct. (Note: different dependency grammars have different treatments of coordination. We take one conjunct of a conjunction (normally the first) as the head of the conjunction.) A conjunction may also appear at the beginning of a sentence. This is also called\r\na cc, and dependent on the root predicate of the sentence.\r\n“Bill is big and honest” cc(big, and)\r\n“They either ski or snowboard” cc(ski, or)\r\n“And then we left.” cc(left, And)"
    }, {
      "tag_name" : "ccomp",
      "tag_description" : "clausal complement\r\nA clausal complement of a verb or adjective is a dependent clause with an internal subject which functions like an object of the verb, or adjective. Clausal complements for nouns are limited to complement clauses with a subset of nouns like “fact” or “report”. We analyze them the same (parallel to the analysis of this class as “content clauses” in Huddleston and Pullum\r\n2002). Such clausal complements are usually finite (though there are occasional remnant English subjunctives).\r\n“He says that you like to swim” ccomp(says, like)\r\n“I am certain that he did it” ccomp(certain, did)\r\n“I admire the fact that you are honest” ccomp(fact, honest)"
    }, {
      "tag_name" : "conj",
      "tag_description" : "conjunct\r\nA conjunct is the relation between two elements connected by a coordinating conjunction, such as “and”, “or”, etc. We treat conjunctions asymmetrically: The head of the relation is the first conjunct and other conjunctions depend on it via the conj relation.\r\n“Bill is big and honest” conj(big, honest)\r\n“They either ski or snowboard” conj(ski, snowboard)"
    }, {
      "tag_name" : "cop",
      "tag_description" : "copula\r\nA copula is the relation between the complement of a copular verb and the copular verb. (We normally take a copula as a dependent of its complement; see the discussion in section 4.)\r\n“Bill is big” cop(big, is)\r\n“Bill is an honest man” cop(man, is)"
    }, {
      "tag_name" : "csubj",
      "tag_description" : "clausal subject\r\nA clausal subject is a clausal syntactic subject of a clause, i.e., the subject is itself a clause. The governor of this relation might not always be a verb: when the verb is a copular verb, the root of the clause is the complement of the copular verb. In the two following examples, “what she said” is the subject.\r\n“What she said makes sense” csubj(makes, said)\r\n“What she said is not true” csubj(true, said)"
    }, {
      "tag_name" : "csubjpass",
      "tag_description" : "clausal passive subject\r\nA clausal passive subject is a clausal syntactic subject of a passive clause. In the example below, “that she lied” is the subject.\r\n“That she lied was suspected by everyone” csubjpass(suspected, lied)"
    }, {
      "tag_name" : "dep",
      "tag_description" : "dependent\r\nA dependency is labeled as dep when the system is unable to determine a more precise dependency relation between two words. This may be because of a weird grammatical construction, a limitation in the Stanford Dependency conversion software, a parser error, or because of an unresolved long distance dependency.\r\n“Then, as if to show that he could, . . . ” dep(show, if)"
    }, {
      "tag_name" : "det",
      "tag_description" : "determiner\r\nA determiner is the relation between the head of an NP and its determiner.\r\n“The man is here” det(man, the)\r\n“Which book do you prefer?” det(book, which)"
    }, {
      "tag_name" : "discourse",
      "tag_description" : "discourse element\r\nThis is used for interjections and other discourse particles and elements (which are not clearly linked to the structure of the sentence, except in an expressive way). We generally follow the guidelines of what the Penn Treebanks count as an INTJ. They define this to include:\r\ninterjections (oh, uh-huh, Welcome), fillers (um, ah), and discourse markers (well, like, actually, but not you know).\r\nIguazu is in Argentina :)"
    }, {
      "tag_name" : "dobj",
      "tag_description" : "expletive\r\nThis relation captures an existential “there”. The main verb of the clause is the governor.\r\n“There is a ghost in the room” expl(is, There)"
    }, {
      "tag_name" : "expl",
      "tag_description" : "expletive\r\nThis relation captures an existential “there”. The main verb of the clause is the governor.\r\n“There is a ghost in the room” expl(is, There)"
    }, {
      "tag_name" : "goeswith",
      "tag_description" : "goes with\r\nThis relation links two parts of a word that are separated in text that is not well edited. We follow the treebank: The GW part is the dependent and the head is in some sense the “main” part, often the second part.\r\nThey come here [with out] legal permission"
    }, {
      "tag_name" : "iobj",
      "tag_description" : "indirect object\r\nThe indirect object of a VP is the noun phrase which is the (dative) object of the verb.\r\n“She gave me a raise” iobj(gave, me)"
    }, {
      "tag_name" : "mark",
      "tag_description" : "marker\r\nA marker is the word introducing a finite clause subordinate to another clause. For a complement\r\nclause, this will typically be “that” or “whether”. For an adverbial clause, the marker is typically\r\na preposition like “while” or “although”. The mark is a dependent of the subordinate clause\r\nhead."
    }, {
      "tag_name" : "mwe",
      "tag_description" : "multi-word expression\r\nThe multi-word expression (modifier) relation is used for certain multi-word idioms that behave like a single function word. It is used for a closed set of dependencies between words in common multi-word expressions for which it seems difficult or unclear to assign any other relationships. At present, this relation is used inside the following expressions: rather than, as well as, instead of, such as, because of, instead of, in addition to, all but, such as, because of, instead of, due to. The boundaries of this class are unclear; it could grow or shrink a little over time.\r\n“I like dogs as well as cats” mwe(well, as)\r\n“He cried because of you” mwe(of, because)"
    }, {
      "tag_name" : "neg",
      "tag_description" : "negation modifier\r\nThe negation modifier is the relation between a negation word and the word it modifies.\r\n“Bill is not a scientist” neg(scientist, not)\r\n“Bill doesn’t drive” neg(drive, n’t)"
    }, {
      "tag_name" : "nn",
      "tag_description" : "noun compound modifier\r\nA noun compound modifier of an NP is any noun that serves to modify the head noun. (Note that in the current system for dependency extraction, all nouns modify the rightmost noun of the NP – there is no intelligent noun compound analysis. This is likely to be fixed once the Penn Treebank represents the branching structure of NPs.)\r\n“Oil price futures” nn(futures, oil) nn(futures, price)"
    }, {
      "tag_name" : "npadvmod",
      "tag_description" : "noun phrase as adverbial modifier\r\nThis relation captures various places where something syntactically a noun phrase (NP) is used as an adverbial modifier in a sentence. These usages include: (i) a measure phrase, which is the relation between the head of an ADJP/ADVP/PP and the head of a measure phrase modifying the ADJP/ADVP; (ii) noun phrases giving an extent inside a VP which are not objects; (iii) financial constructions involving an adverbial or PP-like NP, notably the following construction $5 a share, where the second NP means “per share”; (iv) floating reflexives; and (v) certain other absolutive NP constructions. A temporal modifier (tmod) is a subclass of\r\nnpadvmod which is distinguished as a separate relation.\r\n“The director is 65 years old” npadvmod(old, years)\r\n“6 feet long” npadvmod(long, feet)\r\n“Shares eased a fraction” npadvmod(eased, fraction)\r\n“IBM earned $ 5 a share” npadvmod($, share)\r\n“The silence is itself significant” npadvmod(significant, itself)\r\n“90% of Australians like him, the most of any country” npadvmod(like, most)"
    }, {
      "tag_name" : "nsubj",
      "tag_description" : "nominal subject\r\nA nominal subject is a noun phrase which is the syntactic subject of a clause. The governor of this relation might not always be a verb: when the verb is a copular verb, the root of the clause is the complement of the copular verb, which can be an adjective or noun.\r\n“Clinton defeated Dole” nsubj(defeated, Clinton)\r\n“The baby is cute” nsubj(cute, baby)"
    }, {
      "tag_name" : "nsubjpass",
      "tag_description" : "passive nominal subject\r\nA passive nominal subject is a noun phrase which is the syntactic subject of a passive clause.\r\n“Dole was defeated by Clinton” nsubjpass(defeated, Dole)"
    }, {
      "tag_name" : "num",
      "tag_description" : "numeric modifier\r\nA numeric modifier of a noun is any number phrase that serves to modify the meaning of the noun with a quantity.\r\n“Sam ate 3 sheep” num(sheep, 3)\r\n“Sam spent forty dollars” num(dollars, 40)\r\n“Sam spent $ 40” num($, 40)"
    }, {
      "tag_name" : "number",
      "tag_description" : "element of compound number\r\nAn element of compound number is a part of a number phrase or currency amount. We regard a number as a specialized kind of multi-word expression.\r\n“I have four thousand sheep” number (thousand, four)\r\n“I lost $ 3.2 billion” number (billion, 3.2)"
    }, {
      "tag_name" : "parataxis",
      "tag_description" : "parataxis\r\nThe parataxis relation (from Greek for “place side by side”) is a relation between the main verb of a clause and other sentential elements, such as a sentential parenthetical, a clause after a “:” or a “;”, or two sentences placed side by side without any explicit coordination or subordination.\r\n“The guy, John said, left early in the morning” parataxis(left, said)\r\n“Let’s face it we’re annoyed” parataxis(Let, annoyed)"
    }, {
      "tag_name" : "pcomp",
      "tag_description" : "prepositional complement\r\nThis is used when the complement of a preposition is a clause or prepositional phrase (or occasionally, an adverbial phrase). The prepositional complement of a preposition is the head of a clause following the preposition, or the preposition head of the following PP.\r\n“We have no information on whether users are at risk” pcomp(on, are)\r\n“They heard about you missing classes” pcomp(about, missing)"
    }, {
      "tag_name" : "pobj",
      "tag_description" : "object of a preposition\r\nThe object of a preposition is the head of a noun phrase following the preposition, or the adverbs “here” and “there”. (The preposition in turn may be modifying a noun, verb, etc.) Unlike the Penn Treebank, we here define cases of VBG quasi-prepositions like “including”, “concerning”, etc. as instances of pobj. (The preposition can be tagged a FW for “pace”, “versus”, etc. It can also be called a CC – but we don’t currently handle that and would need to distinguish from conjoined prepositions.) In the case of preposition stranding, the object can precede the preposition (e.g., “What does CPR stand for?”).\r\n“I sat on the chair” pobj(on, chair)"
    }, {
      "tag_name" : "poss",
      "tag_description" : "possession modifier\r\nThe possession modifier relation holds between the head of an NP and its possessive determiner, or a genitive ’s complement.\r\n“their offices” poss(offices, their)\r\n“Bill’s clothes” poss(clothes, Bill)"
    }, {
      "tag_name" : "possessive",
      "tag_description" : "possessive modifier\r\nThe possessive modifier relation appears between the head of an NP and the genitive ’s.\r\n8“Bill’s clothes” possessive(John, ’s)"
    }, {
      "tag_name" : "preconjunct",
      "tag_description" : "preconjunct\r\nA preconjunct is the relation between the head of an NP and a word that appears at the beginning bracketing a conjunction (and puts emphasis on it), such as “either”, “both”, “neither”).\r\n“Both the boys and the girls are here” preconj(boys, both)"
    }, {
      "tag_name" : "predet",
      "tag_description" : "predeterminer\r\nA predeterminer is the relation between the head of an NP and a word that precedes and modifies the meaning of the NP determiner.\r\n“All the boys are here” predet(boys, all)"
    }, {
      "tag_name" : "prep",
      "tag_description" : "prepositional modifier\r\nA prepositional modifier of a verb, adjective, or noun is any prepositional phrase that serves to modify the meaning of the verb, adjective, noun, or even another prepositon. In the collapsed representation, this is used only for prepositions with NP complements.\r\n“I saw a cat in a hat” prep(cat, in)\r\n“I saw a cat with a telescope” prep(saw, with)\r\n“He is responsible for meals” prep(responsible, for)"
    }, {
      "tag_name" : "prepc",
      "tag_description" : "prepositional clausal modifier\r\nIn the collapsed representation (see section 4), a prepositional clausal modifier of a verb, adjective, or noun is a clause introduced by a preposition which serves to modify the meaning of the verb, adjective, or noun.\r\n“He purchased it without paying a premium” prepc without(purchased, paying)"
    }, {
      "tag_name" : "prt",
      "tag_description" : "phrasal verb particle\r\nThe phrasal verb particle relation identifies a phrasal verb, and holds between the verb and its particle.\r\n“They shut down the station” prt(shut, down)"
    }, {
      "tag_name" : "punct",
      "tag_description" : "punctuation\r\nThis is used for any piece of punctuation in a clause, if punctuation is being retained in the typed dependencies. By default, punctuation is not retained in the output.\r\n“Go home!” punct(Go, !)"
    }, {
      "tag_name" : "quantmod",
      "tag_description" : "quantifier phrase modifier\r\nA quantifier modifier is an element modifying the head of a QP constituent. (These are modifiers in complex numeric quantifiers, not other types of “quantification”. Quantifiers like “all” become det.)\r\n“About 200 people came to the party” quantmod(200, About)"
    }, {
      "tag_name" : "ref",
      "tag_description" : "referent\r\nA referent of the head of an NP is the relative word introducing the relative clause modifying the NP.\r\n“I saw the book which you bought” ref (book, which)"
    }, {
      "tag_name" : "ROOT",
      "tag_description" : "root\r\nThe root grammatical relation points to the root of the sentence. A fake node “ROOT” is used as the governor. The ROOT node is indexed with “0”, since the indexation of real words in the sentence starts at 1.\r\n“I love French fries.” root(ROOT, love)\r\n“Bill is an honest man” root(ROOT, man)"
    }, {
      "tag_name" : "tmod",
      "tag_description" : "temporal modifier\r\nA temporal modifier (of a VP, NP, or an ADJP is a bare noun phrase constituent that serves to modify the meaning of the constituent by specifying a time. (Other temporal modifiers are prepositional phrases and are introduced as prep.)\r\n“Last night, I swam in the pool” tmod(swam, night)"
    }, {
      "tag_name" : "vmod",
      "tag_description" : "reduced non-finite verbal modifier\r\nA reduced non-finite verbal modifier is a participial or infinitive form of a verb heading a phrase (which may have some arguments, roughly like a VP). These are used to modify the meaning of an NP or another verb. They are not core arguments of a verb or full finite relative clauses.\r\n“Points to establish are . . . ” vmod(points, establish)\r\n“I don’t have anything to say to you” vmod(anything, say)\r\n“Truffles picked during the spring are tasty” vmod(truffles, picked)\r\n“Bill tried to shoot, demonstrating his incompetence” vmod(shoot, demonstrating)"
    }, {
      "tag_name" : "xcomp",
      "tag_description" : "open clausal complement\r\nAn open clausal complement (xcomp) of a VP or an ADJP is a clausal complement without its own subject, whose reference is determined by an external subject. These complements are always non-finite. The name xcomp is borrowed from Lexical-Functional Grammar.\r\n“He says that you like to swim” xcomp(like, swim)\r\n“I am ready to leave” xcomp(ready, leave)"
    }, {
      "tag_name" : "xsubj",
      "tag_description" : "controlling subject\r\nA controlling subject is the relation between the head of a open clausal complement (xcomp) and the external subject of that clause. This is an additional dependency, not a basic depedency.\r\n“Tom likes to eat fish” xsubj(eat, Tom)"
    } ],
    "create_tag" : false
  }, {
    "name" : "STTS POS tags",
    "typeUiName" : null,
    "description" : "Stuttgart-Tübingen-Tag-Set \nGerman Part of Speech tagset STTS Tag Table (1995/1999): http://www.ims.uni-stuttgart.de/projekte/corplex/TagSets/stts-table.html",
    "language" : "de",
    "type" : null,
    "type_name" : null,
    "type_description" : null,
    "tags" : [ {
      "tag_name" : "$(",
      "tag_description" : "sonstige Satzzeichen; satzintern \nBsp: - [,]()"
    }, {
      "tag_name" : "$,",
      "tag_description" : "Komma \nBsp: ,"
    }, {
      "tag_name" : "$.",
      "tag_description" : "Satzbeendende Interpunktion \nBsp: . ? ! ; :   "
    }, {
      "tag_name" : "--",
      "tag_description" : "--"
    }, {
      "tag_name" : "ADJA",
      "tag_description" : "attributives Adjektiv \nBsp: [das] große [Haus]"
    }, {
      "tag_name" : "ADJD",
      "tag_description" : "adverbiales oder prädikatives Adjektiv \nBsp: [er fährt] schnell, [er ist] schnell"
    }, {
      "tag_name" : "ADV",
      "tag_description" : "Adverb \nBsp: schon, bald, doch "
    }, {
      "tag_name" : "APPO",
      "tag_description" : "Postposition \nBsp: [ihm] zufolge, [der Sache] wegen"
    }, {
      "tag_name" : "APPR",
      "tag_description" : "Präposition; Zirkumposition links \nBsp: in [der Stadt], ohne [mich]"
    }, {
      "tag_name" : "APPRART",
      "tag_description" : "Präposition mit Artikel \nBsp: im [Haus], zur [Sache]"
    }, {
      "tag_name" : "APZR",
      "tag_description" : "Zirkumposition rechts \nBsp: [von jetzt] an"
    }, {
      "tag_name" : "ART",
      "tag_description" : "bestimmter oder unbestimmter Artikel \nBsp: der, die, das, ein, eine"
    }, {
      "tag_name" : "CARD",
      "tag_description" : "Kardinalzahl \nBsp: zwei [Männer], [im Jahre] 1994"
    }, {
      "tag_name" : "FM",
      "tag_description" : "Fremdsprachliches Material \nBsp: [Er hat das mit ``] A big fish ['' übersetzt]"
    }, {
      "tag_name" : "ITJ",
      "tag_description" : "Interjektion \nBsp: mhm, ach, tja"
    }, {
      "tag_name" : "KOKOM",
      "tag_description" : "Vergleichskonjunktion \nBsp: als, wie"
    }, {
      "tag_name" : "KON",
      "tag_description" : "nebenordnende Konjunktion \nBsp: und, oder, aber"
    }, {
      "tag_name" : "KOUI",
      "tag_description" : "unterordnende Konjunktion mit ``zu'' und Infinitiv \nBsp: um [zu leben], anstatt [zu fragen]"
    }, {
      "tag_name" : "KOUS",
      "tag_description" : "unterordnende Konjunktion mit Satz \nBsp: weil, daß, damit, wenn, ob "
    }, {
      "tag_name" : "NE",
      "tag_description" : "Eigennamen \nBsp: Hans, Hamburg, HSV "
    }, {
      "tag_name" : "NN",
      "tag_description" : "normales Nomen \nBsp: Tisch, Herr, [das] Reisen"
    }, {
      "tag_name" : "PAV",
      "tag_description" : "Pronominaladverb \nBsp: dafür, dabei, deswegen, trotzdem "
    }, {
      "tag_name" : "PDAT",
      "tag_description" : "attribuierendes Demonstrativpronomen \nBsp: jener [Mensch]"
    }, {
      "tag_name" : "PDS",
      "tag_description" : "substituierendes Demonstrativpronomen \nBsp: dieser, jener"
    }, {
      "tag_name" : "PIAT",
      "tag_description" : "attribuierendes Indefinitpronomen ohne Determiner \nBsp: kein [Mensch], irgendein [Glas]   "
    }, {
      "tag_name" : "PIDAT",
      "tag_description" : "attribuierendes Indefinitpronomen mit Determiner \nBsp: [ein] wenig [Wasser], [die] beiden [Brüder] "
    }, {
      "tag_name" : "PIS",
      "tag_description" : "substituierendes Indefinitpronomen \nBsp: keiner, viele, man, niemand "
    }, {
      "tag_name" : "PPER",
      "tag_description" : "irreflexives Personalpronomen \nBsp: ich, er, ihm, mich, dir"
    }, {
      "tag_name" : "PPOSAT",
      "tag_description" : "attribuierendes Possessivpronome \nBsp: mein [Buch], deine [Mutter] "
    }, {
      "tag_name" : "PPOSS",
      "tag_description" : "substituierendes Possessivpronome \nBsp: meins, deiner"
    }, {
      "tag_name" : "PRELAT",
      "tag_description" : "attribuierendes Relativpronomen \nBsp: [der Mann ,] dessen [Hund]   "
    }, {
      "tag_name" : "PRELS",
      "tag_description" : "substituierendes Relativpronomen \nBsp: [der Hund ,] der  "
    }, {
      "tag_name" : "PRF",
      "tag_description" : "reflexives Personalpronomen \nBsp: sich, einander, dich, mir"
    }, {
      "tag_name" : "PROAV",
      "tag_description" : "PROAV"
    }, {
      "tag_name" : "PTKA",
      "tag_description" : "Partikel bei Adjektiv oder Adverb \nBsp: am [schönsten], zu [schnell]"
    }, {
      "tag_name" : "PTKANT",
      "tag_description" : "Antwortpartikel \nBsp: ja, nein, danke, bitte  "
    }, {
      "tag_name" : "PTKNEG",
      "tag_description" : "Negationspartikel \nBsp: nicht"
    }, {
      "tag_name" : "PTKVZ",
      "tag_description" : "abgetrennter Verbzusatz \nBsp: [er kommt] an, [er fährt] rad   "
    }, {
      "tag_name" : "PTKZU",
      "tag_description" : "``zu'' vor Infinitiv \nBsp: zu [gehen]"
    }, {
      "tag_name" : "PWAT",
      "tag_description" : "attribuierendes Interrogativpronomen \nBsp: welche [Farbe], wessen [Hut]  "
    }, {
      "tag_name" : "PWAV",
      "tag_description" : "adverbiales Interrogativ- oder Relativpronomen \nBsp: warum, wo, wann, worüber, wobei"
    }, {
      "tag_name" : "PWS",
      "tag_description" : "substituierendes Interrogativpronomen \nBsp: wer, was"
    }, {
      "tag_name" : "TRUNC",
      "tag_description" : "Kompositions-Erstglied \nBsp: An- [und Abreise]"
    }, {
      "tag_name" : "VAFIN",
      "tag_description" : "finites Verb, aux \nBsp: [du] bist, [wir] werden  "
    }, {
      "tag_name" : "VAIMP",
      "tag_description" : "Imperativ, aux \nBsp: sei [ruhig !]  "
    }, {
      "tag_name" : "VAINF",
      "tag_description" : "Infinitiv, aux \nBsp:werden, sein  "
    }, {
      "tag_name" : "VAPP",
      "tag_description" : "Partizip Perfekt, aux \nBsp: gewesen "
    }, {
      "tag_name" : "VMFIN",
      "tag_description" : "finites Verb, modal \nBsp: dürfen  "
    }, {
      "tag_name" : "VMINF",
      "tag_description" : "Infinitiv, modal \nBsp: wollen "
    }, {
      "tag_name" : "VMPP",
      "tag_description" : "Partizip Perfekt, modal \nBsp: gekonnt, [er hat gehen] können "
    }, {
      "tag_name" : "VVFIN",
      "tag_description" : "finites Verb, voll \nBsp: [du] gehst, [wir] kommen [an]   "
    }, {
      "tag_name" : "VVIMP",
      "tag_description" : "Imperativ, voll \nBsp: komm [!] "
    }, {
      "tag_name" : "VVINF",
      "tag_description" : "Infinitiv, voll \nBsp: gehen, ankommen"
    }, {
      "tag_name" : "VVIZU",
      "tag_description" : "Infinitiv mit ``zu'', voll \nBsp: anzukommen, loszulassen "
    }, {
      "tag_name" : "VVPP",
      "tag_description" : "Partizip Perfekt, voll \nBsp:gegangen, angekommen "
    }, {
      "tag_name" : "XY",
      "tag_description" : "Nichtwort, Sonderzeichen enthaltend \nBsp:3:7, H2O, D2XW3"
    } ],
    "create_tag" : false
  }, {
    "name" : "TIGER Dependencies",
    "typeUiName" : null,
    "description" : "Dependency annotation",
    "language" : "de",
    "type" : null,
    "type_name" : null,
    "type_description" : null,
    "tags" : [ {
      "tag_name" : "$",
      "tag_description" : "$"
    }, {
      "tag_name" : "--",
      "tag_description" : "--"
    }, {
      "tag_name" : "-PUNCT-",
      "tag_description" : "-PUNCT-"
    }, {
      "tag_name" : "AC",
      "tag_description" : "AC"
    }, {
      "tag_name" : "ADV",
      "tag_description" : "ADV"
    }, {
      "tag_name" : "AG",
      "tag_description" : "AG"
    }, {
      "tag_name" : "APP",
      "tag_description" : "APP"
    }, {
      "tag_name" : "ATTR",
      "tag_description" : "ATTR"
    }, {
      "tag_name" : "AUX",
      "tag_description" : "AUX"
    }, {
      "tag_name" : "AVZ",
      "tag_description" : "AVZ"
    }, {
      "tag_name" : "CC",
      "tag_description" : "CC"
    }, {
      "tag_name" : "CD",
      "tag_description" : "CD"
    }, {
      "tag_name" : "CJ",
      "tag_description" : "CJ"
    }, {
      "tag_name" : "CM",
      "tag_description" : "CM"
    }, {
      "tag_name" : "CP",
      "tag_description" : "CP"
    }, {
      "tag_name" : "CVC",
      "tag_description" : "CVC"
    }, {
      "tag_name" : "DA",
      "tag_description" : "DA"
    }, {
      "tag_name" : "DET",
      "tag_description" : "DET"
    }, {
      "tag_name" : "EP",
      "tag_description" : "EP"
    }, {
      "tag_name" : "ETH",
      "tag_description" : "ETH"
    }, {
      "tag_name" : "EXPL",
      "tag_description" : "EXPL"
    }, {
      "tag_name" : "GMOD",
      "tag_description" : "GMOD"
    }, {
      "tag_name" : "GRAD",
      "tag_description" : "GRAD"
    }, {
      "tag_name" : "JU",
      "tag_description" : "JU"
    }, {
      "tag_name" : "KOM",
      "tag_description" : "KOM"
    }, {
      "tag_name" : "KON",
      "tag_description" : "KON"
    }, {
      "tag_name" : "KONJ",
      "tag_description" : "KONJ"
    }, {
      "tag_name" : "MNR",
      "tag_description" : "MNR"
    }, {
      "tag_name" : "MO",
      "tag_description" : "MO"
    }, {
      "tag_name" : "NEB",
      "tag_description" : "NEB"
    }, {
      "tag_name" : "NG",
      "tag_description" : "NG"
    }, {
      "tag_name" : "NK",
      "tag_description" : "NK"
    }, {
      "tag_name" : "OA",
      "tag_description" : "OA"
    }, {
      "tag_name" : "OBJA",
      "tag_description" : "OBJA"
    }, {
      "tag_name" : "OBJA2",
      "tag_description" : "OBJA2"
    }, {
      "tag_name" : "OBJA3",
      "tag_description" : "OBJA3"
    }, {
      "tag_name" : "OBJC",
      "tag_description" : "OBJC"
    }, {
      "tag_name" : "OBJC2",
      "tag_description" : "OBJC2"
    }, {
      "tag_name" : "OBJC3",
      "tag_description" : "OBJC3"
    }, {
      "tag_name" : "OBJD",
      "tag_description" : "OBJD"
    }, {
      "tag_name" : "OBJD2",
      "tag_description" : "OBJD2"
    }, {
      "tag_name" : "OBJD3",
      "tag_description" : "OBJD3"
    }, {
      "tag_name" : "OBJG",
      "tag_description" : "OBJG"
    }, {
      "tag_name" : "OBJG2",
      "tag_description" : "OBJG2"
    }, {
      "tag_name" : "OBJG3",
      "tag_description" : "OBJG3"
    }, {
      "tag_name" : "OBJI",
      "tag_description" : "OBJI"
    }, {
      "tag_name" : "OBJI2",
      "tag_description" : "OBJI2"
    }, {
      "tag_name" : "OBJI3",
      "tag_description" : "OBJI3"
    }, {
      "tag_name" : "OBJP",
      "tag_description" : "OBJP"
    }, {
      "tag_name" : "OBJP2",
      "tag_description" : "OBJP2"
    }, {
      "tag_name" : "OBJP3",
      "tag_description" : "OBJP3"
    }, {
      "tag_name" : "OC",
      "tag_description" : "OC"
    }, {
      "tag_name" : "OCRC",
      "tag_description" : "OCRC"
    }, {
      "tag_name" : "OG",
      "tag_description" : "OG"
    }, {
      "tag_name" : "OP",
      "tag_description" : "OP"
    }, {
      "tag_name" : "PAR",
      "tag_description" : "PAR"
    }, {
      "tag_name" : "PART",
      "tag_description" : "PART"
    }, {
      "tag_name" : "PD",
      "tag_description" : "PD"
    }, {
      "tag_name" : "PM",
      "tag_description" : "PM"
    }, {
      "tag_name" : "PN",
      "tag_description" : "PN"
    }, {
      "tag_name" : "PNC",
      "tag_description" : "PNC"
    }, {
      "tag_name" : "PP",
      "tag_description" : "PP"
    }, {
      "tag_name" : "PRED",
      "tag_description" : "PRED"
    }, {
      "tag_name" : "RC",
      "tag_description" : "RC"
    }, {
      "tag_name" : "RE",
      "tag_description" : "RE"
    }, {
      "tag_name" : "REL",
      "tag_description" : "REL"
    }, {
      "tag_name" : "ROOT",
      "tag_description" : "ROOT"
    }, {
      "tag_name" : "S",
      "tag_description" : "S"
    }, {
      "tag_name" : "SB",
      "tag_description" : "SB"
    }, {
      "tag_name" : "SBP",
      "tag_description" : "SBP"
    }, {
      "tag_name" : "SUBJ",
      "tag_description" : "SUBJ"
    }, {
      "tag_name" : "SUBJ2",
      "tag_description" : "SUBJ2"
    }, {
      "tag_name" : "SUBJ3",
      "tag_description" : "SUBJ3"
    }, {
      "tag_name" : "SUBJC",
      "tag_description" : "SUBJC"
    }, {
      "tag_name" : "SUBJC2",
      "tag_description" : "SUBJC2"
    }, {
      "tag_name" : "SUBJC3",
      "tag_description" : "SUBJC3"
    }, {
      "tag_name" : "SUBJI",
      "tag_description" : "SUBJI"
    }, {
      "tag_name" : "SUBJI2",
      "tag_description" : "SUBJI2"
    }, {
      "tag_name" : "SUBJI3",
      "tag_description" : "SUBJI3"
    }, {
      "tag_name" : "SVP",
      "tag_description" : "SVP"
    }, {
      "tag_name" : "UC",
      "tag_description" : "UC"
    }, {
      "tag_name" : "VOK",
      "tag_description" : "VOK"
    }, {
      "tag_name" : "ZEIT",
      "tag_description" : "ZEIT"
    } ],
    "create_tag" : false
  }, {
    "name" : "TreeTagger English POS tags",
    "typeUiName" : null,
    "description" : "An extended version of the part-of-speech tagset used in the Penn Treebank. This version is used by the English model for TreeTagger.\r\n\r\nSee also:\r\n* https://catalog.ldc.upenn.edu/docs/LDC99T42/tagguid1.pdf\r\n* http://www.cis.uni-muenchen.de/~schmid/tools/TreeTagger/data/Penn-Treebank-Tagset.pdf",
    "language" : "en",
    "type" : null,
    "type_name" : null,
    "type_description" : null,
    "tags" : [ {
      "tag_name" : "\"",
      "tag_description" : "quotation marks\n' \" “ ’ „"
    }, {
      "tag_name" : "(",
      "tag_description" : "contextual separator, left paren\nExamples: ("
    }, {
      "tag_name" : ")",
      "tag_description" : "contextual separator, right paren\nExamples: )"
    }, {
      "tag_name" : ",",
      "tag_description" : "punctuation mark, comma\nExamples: ,"
    }, {
      "tag_name" : ".",
      "tag_description" : "punctuation mark, sentence closer\nExamples: .;?*"
    }, {
      "tag_name" : ":",
      "tag_description" : "punctuation mark, colon\nExamples: :"
    }, {
      "tag_name" : "CC",
      "tag_description" : "conjunction, coordinating\nExamples: and, or, but"
    }, {
      "tag_name" : "CD",
      "tag_description" : "cardinal number\nExamples: five, three, 13%"
    }, {
      "tag_name" : "DT",
      "tag_description" : "determiner\nExamples: the, a, these"
    }, {
      "tag_name" : "EX",
      "tag_description" : "existential there\nExamples: there were six boys"
    }, {
      "tag_name" : "FW",
      "tag_description" : "foreign word\nExamples: mais"
    }, {
      "tag_name" : "IN",
      "tag_description" : "conjunction, subordinating or preposition\nExamples: of, on, before, unless"
    }, {
      "tag_name" : "IN/that",
      "tag_description" : "that\nExamples: that"
    }, {
      "tag_name" : "JJ",
      "tag_description" : "adjective\nExamples: nice, easy"
    }, {
      "tag_name" : "JJR",
      "tag_description" : "adjective, comparative\nExamples: nicer, easier"
    }, {
      "tag_name" : "JJS",
      "tag_description" : "adjective, superlative\nExamples: nicest, easiest"
    }, {
      "tag_name" : "LS",
      "tag_description" : "list item marker\nExamples:  "
    }, {
      "tag_name" : "MD",
      "tag_description" : "verb, modal auxillary\nExamples: may, should"
    }, {
      "tag_name" : "NN",
      "tag_description" : "noun, singular or mass\nExamples: tiger, chair, laughter"
    }, {
      "tag_name" : "NNP",
      "tag_description" : "Proper noun, plural"
    }, {
      "tag_name" : "NNPS",
      "tag_description" : "Proper noun, singular"
    }, {
      "tag_name" : "NNS",
      "tag_description" : "noun, plural\nExamples: tigers, chairs, insects"
    }, {
      "tag_name" : "NP",
      "tag_description" : "noun, proper singular\nExamples: Germany, God, Alice"
    }, {
      "tag_name" : "NPS",
      "tag_description" : "noun, proper plural\nExamples: we met two Christmases ago"
    }, {
      "tag_name" : "PDT",
      "tag_description" : "predeterminer\nExamples: both his children"
    }, {
      "tag_name" : "POS",
      "tag_description" : "possessive ending\nExamples: 's"
    }, {
      "tag_name" : "PP",
      "tag_description" : "pronoun, personal\nExamples: me, you, it"
    }, {
      "tag_name" : "PP$",
      "tag_description" : "pronoun, possessive\nExamples: my, your, our"
    }, {
      "tag_name" : "PRP",
      "tag_description" : "Personal pronoun"
    }, {
      "tag_name" : "PRP$",
      "tag_description" : "Possessive pronoun"
    }, {
      "tag_name" : "RB",
      "tag_description" : "adverb\nExamples: extremely, loudly, hard "
    }, {
      "tag_name" : "RBR",
      "tag_description" : "adverb, comparative\nExamples: better"
    }, {
      "tag_name" : "RBS",
      "tag_description" : "adverb, superlative\nExamples: best"
    }, {
      "tag_name" : "RP",
      "tag_description" : "adverb, particle\nExamples: about, off, up"
    }, {
      "tag_name" : "SENT",
      "tag_description" : "sentence, punctuation end of sentence\nExamples: ."
    }, {
      "tag_name" : "SYM",
      "tag_description" : "symbol\nExamples: %"
    }, {
      "tag_name" : "TO",
      "tag_description" : "infinitival to\nExamples: what to do?"
    }, {
      "tag_name" : "UH",
      "tag_description" : "interjection\nExamples: oh, oops, gosh"
    }, {
      "tag_name" : "VB",
      "tag_description" : "verb to be, base form\nExamples: be"
    }, {
      "tag_name" : "VBD",
      "tag_description" : "verb to be, past tense\nExamples: they were"
    }, {
      "tag_name" : "VBG",
      "tag_description" : "verb to be, gerund or present participle\nExamples: being is fun"
    }, {
      "tag_name" : "VBN",
      "tag_description" : "verb to be, past participle\nExamples: been"
    }, {
      "tag_name" : "VBP",
      "tag_description" : "verb to be, non-3rd person singular present\nExamples: I am"
    }, {
      "tag_name" : "VBZ",
      "tag_description" : "verb to be, 3rd person singular present\nExamples: she is"
    }, {
      "tag_name" : "VH",
      "tag_description" : "verb to have, base form\nExamples: think"
    }, {
      "tag_name" : "VHD",
      "tag_description" : "verb to have, past tense\nExamples: they thought"
    }, {
      "tag_name" : "VHG",
      "tag_description" : "verb to have, gerund or present participle\nExamples: thinking is fun"
    }, {
      "tag_name" : "VHN",
      "tag_description" : "verb to have, past participle\nExamples: a sunken ship"
    }, {
      "tag_name" : "VHP",
      "tag_description" : "verb to have, non-3rd person singular present\nExamples: I think"
    }, {
      "tag_name" : "VHZ",
      "tag_description" : "verb to have, 3rd person singular present\nExamples: she thinks"
    }, {
      "tag_name" : "VV",
      "tag_description" : "verb, base form\nExamples: think"
    }, {
      "tag_name" : "VVD",
      "tag_description" : "verb, past tense\nExamples: they thought"
    }, {
      "tag_name" : "VVG",
      "tag_description" : "verb, gerund or present participle\nExamples: thinking is fun"
    }, {
      "tag_name" : "VVN",
      "tag_description" : "verb, past participle\nExamples: a sunken ship"
    }, {
      "tag_name" : "VVP",
      "tag_description" : "verb, non-3rd person singular present\nExamples: I think"
    }, {
      "tag_name" : "VVZ",
      "tag_description" : "verb, 3rd person singular present\nExamples: she thinks"
    }, {
      "tag_name" : "WDT",
      "tag_description" : "wh-determiner\nExamples: which, whatever, whichever"
    }, {
      "tag_name" : "WP",
      "tag_description" : "wh-pronoun, personal\nExamples: what, who, whom"
    }, {
      "tag_name" : "WP$",
      "tag_description" : "wh-pronoun, possessive\nExamples: whose, whosever"
    }, {
      "tag_name" : "WRB",
      "tag_description" : "wh-adverb\nExamples: where, when"
    } ],
    "create_tag" : false
  }, {
    "name" : "UD Universal Dependencies",
    "typeUiName" : null,
    "description" : "The idea of universal dependencies is to propose a set of universal grammatical relations which can be used with relative fidelity to capture any dependency relation between words in any language. Each dependency relation should be typed with one of the relations in the table below.\r\n\r\nThe table is adapted from Universal Stanford Dependencies: A cross-linguistic typology (de Marneffe et al. 2014). There have been modifications in the relations: we now have 40 universal relations (instead of the 42 ones proposed in the paper).\r\n\r\nNote: nmod, neg, and punct appear in two places.\r\n\r\n© 2014 Universal Dependencies contributors.\r\n\r\nSee also: http://universaldependencies.org/u/dep/index.html",
    "language" : "mul",
    "type" : null,
    "type_name" : null,
    "type_description" : null,
    "tags" : [ {
      "tag_name" : "acl",
      "tag_description" : "clausal modifier of noun (adjectival clause)"
    }, {
      "tag_name" : "advcl",
      "tag_description" : "adverbial clause modifier"
    }, {
      "tag_name" : "advmod",
      "tag_description" : "adverbial modifier"
    }, {
      "tag_name" : "amod",
      "tag_description" : "adjectival modifier"
    }, {
      "tag_name" : "appos",
      "tag_description" : "appositional modifier"
    }, {
      "tag_name" : "aux",
      "tag_description" : "auxiliary"
    }, {
      "tag_name" : "auxpass",
      "tag_description" : "passive auxiliary"
    }, {
      "tag_name" : "case",
      "tag_description" : "case marking"
    }, {
      "tag_name" : "cc",
      "tag_description" : "coordinating conjunction"
    }, {
      "tag_name" : "ccomp",
      "tag_description" : "clausal complement"
    }, {
      "tag_name" : "compound",
      "tag_description" : "compound"
    }, {
      "tag_name" : "conj",
      "tag_description" : "conjunct"
    }, {
      "tag_name" : "cop",
      "tag_description" : "copula"
    }, {
      "tag_name" : "csubj",
      "tag_description" : "clausal subject"
    }, {
      "tag_name" : "csubjpass",
      "tag_description" : "clausal passive subject"
    }, {
      "tag_name" : "dep",
      "tag_description" : "unspecified dependency"
    }, {
      "tag_name" : "det",
      "tag_description" : "determiner"
    }, {
      "tag_name" : "discourse",
      "tag_description" : "discourse element"
    }, {
      "tag_name" : "dislocated",
      "tag_description" : "dislocated elements"
    }, {
      "tag_name" : "dobj",
      "tag_description" : "direct object"
    }, {
      "tag_name" : "expl",
      "tag_description" : "expletive"
    }, {
      "tag_name" : "foreign",
      "tag_description" : "foreign words"
    }, {
      "tag_name" : "goeswith",
      "tag_description" : "goes with"
    }, {
      "tag_name" : "iobj",
      "tag_description" : "indirect object"
    }, {
      "tag_name" : "list",
      "tag_description" : "list"
    }, {
      "tag_name" : "mark",
      "tag_description" : "marker"
    }, {
      "tag_name" : "mwe",
      "tag_description" : "multi-word expression"
    }, {
      "tag_name" : "name",
      "tag_description" : "name"
    }, {
      "tag_name" : "neg",
      "tag_description" : "negation modifier"
    }, {
      "tag_name" : "nmod",
      "tag_description" : "nominal modifier"
    }, {
      "tag_name" : "nsubj",
      "tag_description" : "nominal subject"
    }, {
      "tag_name" : "nsubjpass",
      "tag_description" : "passive nominal subject"
    }, {
      "tag_name" : "nummod",
      "tag_description" : "numeric modifier"
    }, {
      "tag_name" : "parataxis",
      "tag_description" : "parataxis"
    }, {
      "tag_name" : "punct",
      "tag_description" : "punctuation"
    }, {
      "tag_name" : "remnant",
      "tag_description" : "remnant in ellipsis"
    }, {
      "tag_name" : "reparandum",
      "tag_description" : "overridden disfluency"
    }, {
      "tag_name" : "root",
      "tag_description" : "root"
    }, {
      "tag_name" : "vocative",
      "tag_description" : "vocative"
    }, {
      "tag_name" : "xcomp",
      "tag_description" : "open clausal complement"
    } ],
    "create_tag" : false
  }, {
    "name" : "UD Universal POS tags",
    "typeUiName" : null,
    "description" : "These tags mark the core part-of-speech categories from the Universal Dependencies project. To distinguish additional lexical and grammatical properties of words, use the universal features.\r\n\r\n© 2014 Universal Dependencies contributors\r\n\r\nSee: http://universaldependencies.org/u/pos/index.html",
    "language" : "mul",
    "type" : null,
    "type_name" : null,
    "type_description" : null,
    "tags" : [ {
      "tag_name" : "ADJ",
      "tag_description" : "adjective"
    }, {
      "tag_name" : "ADP",
      "tag_description" : "adposition"
    }, {
      "tag_name" : "ADV",
      "tag_description" : "adverb"
    }, {
      "tag_name" : "AUX",
      "tag_description" : "auxiliary verb"
    }, {
      "tag_name" : "CONJ",
      "tag_description" : "coordinating conjunction"
    }, {
      "tag_name" : "DET",
      "tag_description" : "determiner"
    }, {
      "tag_name" : "INTJ",
      "tag_description" : "interjection"
    }, {
      "tag_name" : "NOUN",
      "tag_description" : "noun"
    }, {
      "tag_name" : "NUM",
      "tag_description" : "numeral"
    }, {
      "tag_name" : "PART",
      "tag_description" : "particle"
    }, {
      "tag_name" : "PRON",
      "tag_description" : "pronoun"
    }, {
      "tag_name" : "PROPN",
      "tag_description" : "proper noun"
    }, {
      "tag_name" : "PUNCT",
      "tag_description" : "punctuation"
    }, {
      "tag_name" : "SCONJ",
      "tag_description" : "subordinating conjunction"
    }, {
      "tag_name" : "SYM",
      "tag_description" : "symbol"
    }, {
      "tag_name" : "VERB",
      "tag_description" : "verb"
    }, {
      "tag_name" : "X",
      "tag_description" : "other"
    } ],
    "create_tag" : false
  }, {
    "name" : "Universal POS tags",
    "typeUiName" : null,
    "description" : "\"A Universal Part-of-Speech Tagset\" by Slav Petrov, Dipanjan Das and Ryan McDonald\r\nFor more details: http://arxiv.org/abs/1104.2086",
    "language" : "mul",
    "type" : null,
    "type_name" : null,
    "type_description" : null,
    "tags" : [ {
      "tag_name" : ".",
      "tag_description" : "punctuation"
    }, {
      "tag_name" : "ADJ",
      "tag_description" : "adjectives"
    }, {
      "tag_name" : "ADP",
      "tag_description" : "adpositions (prepositions and postpositions)"
    }, {
      "tag_name" : "ADV",
      "tag_description" : "adverbs"
    }, {
      "tag_name" : "CONJ",
      "tag_description" : "conjunctions"
    }, {
      "tag_name" : "DET",
      "tag_description" : "determiners"
    }, {
      "tag_name" : "NOUN",
      "tag_description" : "nouns (common and proper)"
    }, {
      "tag_name" : "NUM",
      "tag_description" : "cardinal numbers"
    }, {
      "tag_name" : "PRON",
      "tag_description" : "pronouns "
    }, {
      "tag_name" : "PRT",
      "tag_description" : "particles or other function words"
    }, {
      "tag_name" : "VERB",
      "tag_description" : "verbs (all tenses and modes)"
    }, {
      "tag_name" : "X",
      "tag_description" : "other: foreign words, typos, abbreviations"
    } ],
    "create_tag" : false
  } ],
  "layers" : [ {
    "name" : "de.tudarmstadt.ukp.dkpro.core.api.syntax.type.chunk.Chunk",
    "features" : [ {
      "name" : "chunkValue",
      "tag_set" : null,
      "uiName" : "Tag",
      "type" : "uima.cas.String",
      "enabled" : true,
      "visible" : true,
      "include_in_hover" : false,
      "required" : false,
      "remember" : false,
      "hideUnconstraintFeature" : false,
      "description" : "Chunk tag",
      "project_name" : "Recommendation and Active Learning Example Project",
      "multi_value_mode" : "NONE",
      "link_mode" : "NONE",
      "link_type_name" : null,
      "link_type_role_feature_name" : null,
      "link_type_target_feature_name" : null,
      "traits" : null
    } ],
    "uiName" : "Chunk",
    "type" : "span",
    "description" : null,
    "enabled" : true,
    "built_in" : true,
    "readonly" : false,
    "attach_type" : null,
    "attach_feature" : null,
    "lock_to_token_offset" : false,
    "allow_stacking" : false,
    "cross_sentence" : false,
    "show_hover" : true,
    "multiple_tokens" : true,
    "project_name" : "Recommendation and Active Learning Example Project",
    "linked_list_behavior" : false,
    "on_click_javascript_action" : null
  }, {
    "name" : "de.tudarmstadt.ukp.dkpro.core.api.coref.type.Coreference",
    "features" : [ {
      "name" : "referenceRelation",
      "tag_set" : {
        "name" : "Coreference relations",
        "typeUiName" : null,
        "description" : "coreference relation annotation",
        "language" : "de",
        "type" : null,
        "type_name" : null,
        "type_description" : null,
        "tags" : [ {
          "tag_name" : "anaphoric",
          "tag_description" : "anaphoric"
        } ],
        "create_tag" : false
      },
      "uiName" : "referenceRelation",
      "type" : "uima.cas.String",
      "enabled" : true,
      "visible" : true,
      "include_in_hover" : false,
      "required" : false,
      "remember" : false,
      "hideUnconstraintFeature" : false,
      "description" : "Coreference relation",
      "project_name" : "Recommendation and Active Learning Example Project",
      "multi_value_mode" : "NONE",
      "link_mode" : "NONE",
      "link_type_name" : null,
      "link_type_role_feature_name" : null,
      "link_type_target_feature_name" : null,
      "traits" : null
    }, {
      "name" : "referenceType",
      "tag_set" : {
        "name" : "Coreference mentions",
        "typeUiName" : null,
        "description" : "coreference type annotation",
        "language" : "de",
        "type" : null,
        "type_name" : null,
        "type_description" : null,
        "tags" : [ {
          "tag_name" : "nam",
          "tag_description" : "nam"
        } ],
        "create_tag" : false
      },
      "uiName" : "referenceType",
      "type" : "uima.cas.String",
      "enabled" : true,
      "visible" : true,
      "include_in_hover" : false,
      "required" : false,
      "remember" : false,
      "hideUnconstraintFeature" : false,
      "description" : "Coreference type",
      "project_name" : "Recommendation and Active Learning Example Project",
      "multi_value_mode" : "NONE",
      "link_mode" : "NONE",
      "link_type_name" : null,
      "link_type_role_feature_name" : null,
      "link_type_target_feature_name" : null,
      "traits" : null
    } ],
    "uiName" : "Coreference",
    "type" : "chain",
    "description" : null,
    "enabled" : true,
    "built_in" : true,
    "readonly" : false,
    "attach_type" : null,
    "attach_feature" : null,
    "lock_to_token_offset" : false,
    "allow_stacking" : true,
    "cross_sentence" : true,
    "show_hover" : true,
    "multiple_tokens" : true,
    "project_name" : "Recommendation and Active Learning Example Project",
    "linked_list_behavior" : false,
    "on_click_javascript_action" : null
  }, {
    "name" : "de.tudarmstadt.ukp.dkpro.core.api.syntax.type.dependency.Dependency",
    "features" : [ {
      "name" : "flavor",
      "tag_set" : {
        "name" : "Dependency flavors",
        "typeUiName" : null,
        "description" : "Dependency flavors",
        "language" : "mul",
        "type" : null,
        "type_name" : null,
        "type_description" : null,
        "tags" : [ {
          "tag_name" : "basic",
          "tag_description" : "basic"
        }, {
          "tag_name" : "enhanced",
          "tag_description" : "enhanced"
        } ],
        "create_tag" : true
      },
      "uiName" : "Flavor",
      "type" : "uima.cas.String",
      "enabled" : true,
      "visible" : true,
      "include_in_hover" : false,
      "required" : false,
      "remember" : false,
      "hideUnconstraintFeature" : false,
      "description" : "Dependency relation",
      "project_name" : "Recommendation and Active Learning Example Project",
      "multi_value_mode" : "NONE",
      "link_mode" : "NONE",
      "link_type_name" : null,
      "link_type_role_feature_name" : null,
      "link_type_target_feature_name" : null,
      "traits" : null
    }, {
      "name" : "DependencyType",
      "tag_set" : {
        "name" : "UD Universal Dependencies",
        "typeUiName" : null,
        "description" : "The idea of universal dependencies is to propose a set of universal grammatical relations which can be used with relative fidelity to capture any dependency relation between words in any language. Each dependency relation should be typed with one of the relations in the table below.\r\n\r\nThe table is adapted from Universal Stanford Dependencies: A cross-linguistic typology (de Marneffe et al. 2014). There have been modifications in the relations: we now have 40 universal relations (instead of the 42 ones proposed in the paper).\r\n\r\nNote: nmod, neg, and punct appear in two places.\r\n\r\n© 2014 Universal Dependencies contributors.\r\n\r\nSee also: http://universaldependencies.org/u/dep/index.html",
        "language" : "mul",
        "type" : null,
        "type_name" : null,
        "type_description" : null,
        "tags" : [ {
          "tag_name" : "acl",
          "tag_description" : "clausal modifier of noun (adjectival clause)"
        }, {
          "tag_name" : "advcl",
          "tag_description" : "adverbial clause modifier"
        }, {
          "tag_name" : "advmod",
          "tag_description" : "adverbial modifier"
        }, {
          "tag_name" : "amod",
          "tag_description" : "adjectival modifier"
        }, {
          "tag_name" : "appos",
          "tag_description" : "appositional modifier"
        }, {
          "tag_name" : "aux",
          "tag_description" : "auxiliary"
        }, {
          "tag_name" : "auxpass",
          "tag_description" : "passive auxiliary"
        }, {
          "tag_name" : "case",
          "tag_description" : "case marking"
        }, {
          "tag_name" : "cc",
          "tag_description" : "coordinating conjunction"
        }, {
          "tag_name" : "ccomp",
          "tag_description" : "clausal complement"
        }, {
          "tag_name" : "compound",
          "tag_description" : "compound"
        }, {
          "tag_name" : "conj",
          "tag_description" : "conjunct"
        }, {
          "tag_name" : "cop",
          "tag_description" : "copula"
        }, {
          "tag_name" : "csubj",
          "tag_description" : "clausal subject"
        }, {
          "tag_name" : "csubjpass",
          "tag_description" : "clausal passive subject"
        }, {
          "tag_name" : "dep",
          "tag_description" : "unspecified dependency"
        }, {
          "tag_name" : "det",
          "tag_description" : "determiner"
        }, {
          "tag_name" : "discourse",
          "tag_description" : "discourse element"
        }, {
          "tag_name" : "dislocated",
          "tag_description" : "dislocated elements"
        }, {
          "tag_name" : "dobj",
          "tag_description" : "direct object"
        }, {
          "tag_name" : "expl",
          "tag_description" : "expletive"
        }, {
          "tag_name" : "foreign",
          "tag_description" : "foreign words"
        }, {
          "tag_name" : "goeswith",
          "tag_description" : "goes with"
        }, {
          "tag_name" : "iobj",
          "tag_description" : "indirect object"
        }, {
          "tag_name" : "list",
          "tag_description" : "list"
        }, {
          "tag_name" : "mark",
          "tag_description" : "marker"
        }, {
          "tag_name" : "mwe",
          "tag_description" : "multi-word expression"
        }, {
          "tag_name" : "name",
          "tag_description" : "name"
        }, {
          "tag_name" : "neg",
          "tag_description" : "negation modifier"
        }, {
          "tag_name" : "nmod",
          "tag_description" : "nominal modifier"
        }, {
          "tag_name" : "nsubj",
          "tag_description" : "nominal subject"
        }, {
          "tag_name" : "nsubjpass",
          "tag_description" : "passive nominal subject"
        }, {
          "tag_name" : "nummod",
          "tag_description" : "numeric modifier"
        }, {
          "tag_name" : "parataxis",
          "tag_description" : "parataxis"
        }, {
          "tag_name" : "punct",
          "tag_description" : "punctuation"
        }, {
          "tag_name" : "remnant",
          "tag_description" : "remnant in ellipsis"
        }, {
          "tag_name" : "reparandum",
          "tag_description" : "overridden disfluency"
        }, {
          "tag_name" : "root",
          "tag_description" : "root"
        }, {
          "tag_name" : "vocative",
          "tag_description" : "vocative"
        }, {
          "tag_name" : "xcomp",
          "tag_description" : "open clausal complement"
        } ],
        "create_tag" : false
      },
      "uiName" : "Relation",
      "type" : "uima.cas.String",
      "enabled" : true,
      "visible" : true,
      "include_in_hover" : false,
      "required" : false,
      "remember" : false,
      "hideUnconstraintFeature" : false,
      "description" : "Dependency relation",
      "project_name" : "Recommendation and Active Learning Example Project",
      "multi_value_mode" : "NONE",
      "link_mode" : "NONE",
      "link_type_name" : null,
      "link_type_role_feature_name" : null,
      "link_type_target_feature_name" : null,
      "traits" : null
    } ],
    "uiName" : "Dependency",
    "type" : "relation",
    "description" : null,
    "enabled" : true,
    "built_in" : true,
    "readonly" : false,
    "attach_type" : {
      "name" : "de.tudarmstadt.ukp.dkpro.core.api.segmentation.type.Token"
    },
    "attach_feature" : {
      "name" : "pos",
      "layer" : "de.tudarmstadt.ukp.dkpro.core.api.segmentation.type.Token"
    },
    "lock_to_token_offset" : true,
    "allow_stacking" : false,
    "cross_sentence" : false,
    "show_hover" : true,
    "multiple_tokens" : false,
    "project_name" : "Recommendation and Active Learning Example Project",
    "linked_list_behavior" : false,
    "on_click_javascript_action" : null
  }, {
    "name" : "de.tudarmstadt.ukp.inception.api.kb.type.Fact",
    "features" : [ {
      "name" : "predicate",
      "tag_set" : null,
      "uiName" : "1) Predicate",
      "type" : "kb-property:",
      "enabled" : true,
      "visible" : true,
      "include_in_hover" : false,
      "required" : false,
      "remember" : false,
      "hideUnconstraintFeature" : false,
      "description" : "Predicate of a fact",
      "project_name" : "Recommendation and Active Learning Example Project",
      "multi_value_mode" : "NONE",
      "link_mode" : "NONE",
      "link_type_name" : null,
      "link_type_role_feature_name" : null,
      "link_type_target_feature_name" : null,
      "traits" : null
    }, {
      "name" : "subject",
      "tag_set" : null,
      "uiName" : "2) Subject",
      "type" : "de.tudarmstadt.ukp.dkpro.core.api.ner.type.NamedEntity",
      "enabled" : true,
      "visible" : true,
      "include_in_hover" : false,
      "required" : false,
      "remember" : false,
      "hideUnconstraintFeature" : false,
      "description" : "The subject of a fact.",
      "project_name" : "Recommendation and Active Learning Example Project",
      "multi_value_mode" : "ARRAY",
      "link_mode" : "WITH_ROLE",
      "link_type_name" : "de.tudarmstadt.ukp.inception.api.kb.type.FactSubjectLink",
      "link_type_role_feature_name" : "role",
      "link_type_target_feature_name" : "target",
      "traits" : null
    }, {
      "name" : "object",
      "tag_set" : null,
      "uiName" : "3) Object",
      "type" : "de.tudarmstadt.ukp.dkpro.core.api.ner.type.NamedEntity",
      "enabled" : true,
      "visible" : true,
      "include_in_hover" : false,
      "required" : false,
      "remember" : false,
      "hideUnconstraintFeature" : false,
      "description" : "The object of a fact.",
      "project_name" : "Recommendation and Active Learning Example Project",
      "multi_value_mode" : "ARRAY",
      "link_mode" : "WITH_ROLE",
      "link_type_name" : "de.tudarmstadt.ukp.inception.api.kb.type.FactObjectLink",
      "link_type_role_feature_name" : "role",
      "link_type_target_feature_name" : "target",
      "traits" : null
    }, {
      "name" : "qualifiers",
      "tag_set" : null,
      "uiName" : "4) Qualifiers",
      "type" : "de.tudarmstadt.ukp.dkpro.core.api.ner.type.NamedEntity",
      "enabled" : true,
      "visible" : true,
      "include_in_hover" : false,
      "required" : false,
      "remember" : false,
      "hideUnconstraintFeature" : false,
      "description" : "The qualifier of a fact.",
      "project_name" : "Recommendation and Active Learning Example Project",
      "multi_value_mode" : "ARRAY",
      "link_mode" : "WITH_ROLE",
      "link_type_name" : "de.tudarmstadt.ukp.inception.api.kb.type.FactQualifierLink",
      "link_type_role_feature_name" : "role",
      "link_type_target_feature_name" : "target",
      "traits" : null
    } ],
    "uiName" : "Fact",
    "type" : "span",
    "description" : null,
    "enabled" : true,
    "built_in" : false,
    "readonly" : false,
    "attach_type" : null,
    "attach_feature" : null,
    "lock_to_token_offset" : false,
    "allow_stacking" : true,
    "cross_sentence" : false,
    "show_hover" : true,
    "multiple_tokens" : true,
    "project_name" : "Recommendation and Active Learning Example Project",
    "linked_list_behavior" : false,
    "on_click_javascript_action" : null
  }, {
    "name" : "de.tudarmstadt.ukp.dkpro.core.api.segmentation.type.Lemma",
    "features" : [ {
      "name" : "value",
      "tag_set" : null,
      "uiName" : "Lemma",
      "type" : "uima.cas.String",
      "enabled" : true,
      "visible" : true,
      "include_in_hover" : false,
      "required" : false,
      "remember" : false,
      "hideUnconstraintFeature" : false,
      "description" : "lemma Annotation",
      "project_name" : "Recommendation and Active Learning Example Project",
      "multi_value_mode" : "NONE",
      "link_mode" : "NONE",
      "link_type_name" : null,
      "link_type_role_feature_name" : null,
      "link_type_target_feature_name" : null,
      "traits" : null
    } ],
    "uiName" : "Lemma",
    "type" : "span",
    "description" : null,
    "enabled" : true,
    "built_in" : true,
    "readonly" : false,
    "attach_type" : {
      "name" : "de.tudarmstadt.ukp.dkpro.core.api.segmentation.type.Token"
    },
    "attach_feature" : {
      "name" : "lemma",
      "layer" : "de.tudarmstadt.ukp.dkpro.core.api.segmentation.type.Token"
    },
    "lock_to_token_offset" : true,
    "allow_stacking" : false,
    "cross_sentence" : false,
    "show_hover" : true,
    "multiple_tokens" : false,
    "project_name" : "Recommendation and Active Learning Example Project",
    "linked_list_behavior" : false,
    "on_click_javascript_action" : null
  }, {
    "name" : "de.tudarmstadt.ukp.dkpro.core.api.lexmorph.type.morph.MorphologicalFeatures",
    "features" : [ {
      "name" : "value",
      "tag_set" : null,
      "uiName" : "Features",
      "type" : "uima.cas.String",
      "enabled" : true,
      "visible" : false,
      "include_in_hover" : false,
      "required" : false,
      "remember" : false,
      "hideUnconstraintFeature" : false,
      "description" : "Morphological features",
      "project_name" : "Recommendation and Active Learning Example Project",
      "multi_value_mode" : "NONE",
      "link_mode" : "NONE",
      "link_type_name" : null,
      "link_type_role_feature_name" : null,
      "link_type_target_feature_name" : null,
      "traits" : null
    } ],
    "uiName" : "Morphological features",
    "type" : "span",
    "description" : null,
    "enabled" : true,
    "built_in" : true,
    "readonly" : false,
    "attach_type" : {
      "name" : "de.tudarmstadt.ukp.dkpro.core.api.segmentation.type.Token"
    },
    "attach_feature" : {
      "name" : "morph",
      "layer" : "de.tudarmstadt.ukp.dkpro.core.api.segmentation.type.Token"
    },
    "lock_to_token_offset" : true,
    "allow_stacking" : false,
    "cross_sentence" : false,
    "show_hover" : true,
    "multiple_tokens" : false,
    "project_name" : "Recommendation and Active Learning Example Project",
    "linked_list_behavior" : false,
    "on_click_javascript_action" : null
  }, {
    "name" : "de.tudarmstadt.ukp.dkpro.core.api.ner.type.NamedEntity",
    "features" : [ {
      "name" : "identifier",
      "tag_set" : null,
      "uiName" : "identifier",
      "type" : "kb:<ANY>",
      "enabled" : true,
      "visible" : true,
      "include_in_hover" : false,
      "required" : false,
      "remember" : false,
      "hideUnconstraintFeature" : false,
      "description" : "Linked entity",
      "project_name" : "Recommendation and Active Learning Example Project",
      "multi_value_mode" : "NONE",
      "link_mode" : "NONE",
      "link_type_name" : null,
      "link_type_role_feature_name" : null,
      "link_type_target_feature_name" : null,
      "traits" : null
    }, {
      "name" : "value",
      "tag_set" : {
        "name" : "Named Entity tags",
        "typeUiName" : null,
        "description" : "Named Entity annotation",
        "language" : "de",
        "type" : null,
        "type_name" : null,
        "type_description" : null,
        "tags" : [ {
          "tag_name" : "LOC",
          "tag_description" : "Location derivatives"
        }, {
          "tag_name" : "LOCderiv",
          "tag_description" : "Location derivative"
        }, {
          "tag_name" : "LOCpart",
          "tag_description" : "Hyphenated part  is location"
        }, {
          "tag_name" : "ORG",
          "tag_description" : "Organization"
        }, {
          "tag_name" : "ORGderiv",
          "tag_description" : "Organization derivative"
        }, {
          "tag_name" : "ORGpart",
          "tag_description" : "Hyphenated part  is organization"
        }, {
          "tag_name" : "OTH",
          "tag_description" : "Other: Every name that is not a location, person or organisation"
        }, {
          "tag_name" : "OTHderiv",
          "tag_description" : "Other derivative"
        }, {
          "tag_name" : "OTHpart",
          "tag_description" : "Hyphenated part  is Other"
        }, {
          "tag_name" : "PER",
          "tag_description" : "Person"
        }, {
          "tag_name" : "PERderiv",
          "tag_description" : "Person derivative"
        }, {
          "tag_name" : "PERpart",
          "tag_description" : "Hyphenated part  is person"
        } ],
        "create_tag" : false
      },
      "uiName" : "value",
      "type" : "uima.cas.String",
      "enabled" : true,
      "visible" : true,
      "include_in_hover" : false,
      "required" : false,
      "remember" : false,
      "hideUnconstraintFeature" : false,
      "description" : "Named entity type",
      "project_name" : "Recommendation and Active Learning Example Project",
      "multi_value_mode" : "NONE",
      "link_mode" : "NONE",
      "link_type_name" : null,
      "link_type_role_feature_name" : null,
      "link_type_target_feature_name" : null,
      "traits" : null
    } ],
    "uiName" : "Named entity",
    "type" : "span",
    "description" : null,
    "enabled" : true,
    "built_in" : true,
    "readonly" : false,
    "attach_type" : null,
    "attach_feature" : null,
    "lock_to_token_offset" : false,
    "allow_stacking" : true,
    "cross_sentence" : false,
    "show_hover" : true,
    "multiple_tokens" : true,
    "project_name" : "Recommendation and Active Learning Example Project",
    "linked_list_behavior" : false,
    "on_click_javascript_action" : null
  }, {
    "name" : "de.tudarmstadt.ukp.dkpro.core.api.transform.type.SofaChangeAnnotation",
    "features" : [ {
      "name" : "value",
      "tag_set" : null,
      "uiName" : "Correction",
      "type" : "uima.cas.String",
      "enabled" : true,
      "visible" : true,
      "include_in_hover" : false,
      "required" : false,
      "remember" : false,
      "hideUnconstraintFeature" : false,
      "description" : "Correct this token using the specified operation.",
      "project_name" : "Recommendation and Active Learning Example Project",
      "multi_value_mode" : "NONE",
      "link_mode" : "NONE",
      "link_type_name" : null,
      "link_type_role_feature_name" : null,
      "link_type_target_feature_name" : null,
      "traits" : null
    }, {
      "name" : "operation",
      "tag_set" : {
        "name" : "Operation",
        "typeUiName" : null,
        "description" : "operation to be done with specified in tokenIDs token/tokens in order to correct",
        "language" : "en",
        "type" : null,
        "type_name" : null,
        "type_description" : null,
        "tags" : [ {
          "tag_name" : "delete",
          "tag_description" : "delete"
        }, {
          "tag_name" : "insert_after",
          "tag_description" : "insert after"
        }, {
          "tag_name" : "insert_before",
          "tag_description" : "insert before"
        }, {
          "tag_name" : "replace",
          "tag_description" : "replace"
        } ],
        "create_tag" : true
      },
      "uiName" : "Operation",
      "type" : "uima.cas.String",
      "enabled" : true,
      "visible" : false,
      "include_in_hover" : false,
      "required" : false,
      "remember" : false,
      "hideUnconstraintFeature" : false,
      "description" : "An operation taken to change this token.",
      "project_name" : "Recommendation and Active Learning Example Project",
      "multi_value_mode" : "NONE",
      "link_mode" : "NONE",
      "link_type_name" : null,
      "link_type_role_feature_name" : null,
      "link_type_target_feature_name" : null,
      "traits" : null
    } ],
    "uiName" : "Orthography Correction",
    "type" : "span",
    "description" : null,
    "enabled" : true,
    "built_in" : true,
    "readonly" : false,
    "attach_type" : null,
    "attach_feature" : null,
    "lock_to_token_offset" : true,
    "allow_stacking" : false,
    "cross_sentence" : false,
    "show_hover" : true,
    "multiple_tokens" : false,
    "project_name" : "Recommendation and Active Learning Example Project",
    "linked_list_behavior" : false,
    "on_click_javascript_action" : null
  }, {
    "name" : "de.tudarmstadt.ukp.dkpro.core.api.lexmorph.type.pos.POS",
    "features" : [ {
      "name" : "PosValue",
      "tag_set" : {
        "name" : "TreeTagger English POS tags",
        "typeUiName" : null,
        "description" : "An extended version of the part-of-speech tagset used in the Penn Treebank. This version is used by the English model for TreeTagger.\r\n\r\nSee also:\r\n* https://catalog.ldc.upenn.edu/docs/LDC99T42/tagguid1.pdf\r\n* http://www.cis.uni-muenchen.de/~schmid/tools/TreeTagger/data/Penn-Treebank-Tagset.pdf",
        "language" : "en",
        "type" : null,
        "type_name" : null,
        "type_description" : null,
        "tags" : [ {
          "tag_name" : "\"",
          "tag_description" : "quotation marks\n' \" “ ’ „"
        }, {
          "tag_name" : "(",
          "tag_description" : "contextual separator, left paren\nExamples: ("
        }, {
          "tag_name" : ")",
          "tag_description" : "contextual separator, right paren\nExamples: )"
        }, {
          "tag_name" : ",",
          "tag_description" : "punctuation mark, comma\nExamples: ,"
        }, {
          "tag_name" : ".",
          "tag_description" : "punctuation mark, sentence closer\nExamples: .;?*"
        }, {
          "tag_name" : ":",
          "tag_description" : "punctuation mark, colon\nExamples: :"
        }, {
          "tag_name" : "CC",
          "tag_description" : "conjunction, coordinating\nExamples: and, or, but"
        }, {
          "tag_name" : "CD",
          "tag_description" : "cardinal number\nExamples: five, three, 13%"
        }, {
          "tag_name" : "DT",
          "tag_description" : "determiner\nExamples: the, a, these"
        }, {
          "tag_name" : "EX",
          "tag_description" : "existential there\nExamples: there were six boys"
        }, {
          "tag_name" : "FW",
          "tag_description" : "foreign word\nExamples: mais"
        }, {
          "tag_name" : "IN",
          "tag_description" : "conjunction, subordinating or preposition\nExamples: of, on, before, unless"
        }, {
          "tag_name" : "IN/that",
          "tag_description" : "that\nExamples: that"
        }, {
          "tag_name" : "JJ",
          "tag_description" : "adjective\nExamples: nice, easy"
        }, {
          "tag_name" : "JJR",
          "tag_description" : "adjective, comparative\nExamples: nicer, easier"
        }, {
          "tag_name" : "JJS",
          "tag_description" : "adjective, superlative\nExamples: nicest, easiest"
        }, {
          "tag_name" : "LS",
          "tag_description" : "list item marker\nExamples:  "
        }, {
          "tag_name" : "MD",
          "tag_description" : "verb, modal auxillary\nExamples: may, should"
        }, {
          "tag_name" : "NN",
          "tag_description" : "noun, singular or mass\nExamples: tiger, chair, laughter"
        }, {
          "tag_name" : "NNP",
          "tag_description" : "Proper noun, plural"
        }, {
          "tag_name" : "NNPS",
          "tag_description" : "Proper noun, singular"
        }, {
          "tag_name" : "NNS",
          "tag_description" : "noun, plural\nExamples: tigers, chairs, insects"
        }, {
          "tag_name" : "NP",
          "tag_description" : "noun, proper singular\nExamples: Germany, God, Alice"
        }, {
          "tag_name" : "NPS",
          "tag_description" : "noun, proper plural\nExamples: we met two Christmases ago"
        }, {
          "tag_name" : "PDT",
          "tag_description" : "predeterminer\nExamples: both his children"
        }, {
          "tag_name" : "POS",
          "tag_description" : "possessive ending\nExamples: 's"
        }, {
          "tag_name" : "PP",
          "tag_description" : "pronoun, personal\nExamples: me, you, it"
        }, {
          "tag_name" : "PP$",
          "tag_description" : "pronoun, possessive\nExamples: my, your, our"
        }, {
          "tag_name" : "PRP",
          "tag_description" : "Personal pronoun"
        }, {
          "tag_name" : "PRP$",
          "tag_description" : "Possessive pronoun"
        }, {
          "tag_name" : "RB",
          "tag_description" : "adverb\nExamples: extremely, loudly, hard "
        }, {
          "tag_name" : "RBR",
          "tag_description" : "adverb, comparative\nExamples: better"
        }, {
          "tag_name" : "RBS",
          "tag_description" : "adverb, superlative\nExamples: best"
        }, {
          "tag_name" : "RP",
          "tag_description" : "adverb, particle\nExamples: about, off, up"
        }, {
          "tag_name" : "SENT",
          "tag_description" : "sentence, punctuation end of sentence\nExamples: ."
        }, {
          "tag_name" : "SYM",
          "tag_description" : "symbol\nExamples: %"
        }, {
          "tag_name" : "TO",
          "tag_description" : "infinitival to\nExamples: what to do?"
        }, {
          "tag_name" : "UH",
          "tag_description" : "interjection\nExamples: oh, oops, gosh"
        }, {
          "tag_name" : "VB",
          "tag_description" : "verb to be, base form\nExamples: be"
        }, {
          "tag_name" : "VBD",
          "tag_description" : "verb to be, past tense\nExamples: they were"
        }, {
          "tag_name" : "VBG",
          "tag_description" : "verb to be, gerund or present participle\nExamples: being is fun"
        }, {
          "tag_name" : "VBN",
          "tag_description" : "verb to be, past participle\nExamples: been"
        }, {
          "tag_name" : "VBP",
          "tag_description" : "verb to be, non-3rd person singular present\nExamples: I am"
        }, {
          "tag_name" : "VBZ",
          "tag_description" : "verb to be, 3rd person singular present\nExamples: she is"
        }, {
          "tag_name" : "VH",
          "tag_description" : "verb to have, base form\nExamples: think"
        }, {
          "tag_name" : "VHD",
          "tag_description" : "verb to have, past tense\nExamples: they thought"
        }, {
          "tag_name" : "VHG",
          "tag_description" : "verb to have, gerund or present participle\nExamples: thinking is fun"
        }, {
          "tag_name" : "VHN",
          "tag_description" : "verb to have, past participle\nExamples: a sunken ship"
        }, {
          "tag_name" : "VHP",
          "tag_description" : "verb to have, non-3rd person singular present\nExamples: I think"
        }, {
          "tag_name" : "VHZ",
          "tag_description" : "verb to have, 3rd person singular present\nExamples: she thinks"
        }, {
          "tag_name" : "VV",
          "tag_description" : "verb, base form\nExamples: think"
        }, {
          "tag_name" : "VVD",
          "tag_description" : "verb, past tense\nExamples: they thought"
        }, {
          "tag_name" : "VVG",
          "tag_description" : "verb, gerund or present participle\nExamples: thinking is fun"
        }, {
          "tag_name" : "VVN",
          "tag_description" : "verb, past participle\nExamples: a sunken ship"
        }, {
          "tag_name" : "VVP",
          "tag_description" : "verb, non-3rd person singular present\nExamples: I think"
        }, {
          "tag_name" : "VVZ",
          "tag_description" : "verb, 3rd person singular present\nExamples: she thinks"
        }, {
          "tag_name" : "WDT",
          "tag_description" : "wh-determiner\nExamples: which, whatever, whichever"
        }, {
          "tag_name" : "WP",
          "tag_description" : "wh-pronoun, personal\nExamples: what, who, whom"
        }, {
          "tag_name" : "WP$",
          "tag_description" : "wh-pronoun, possessive\nExamples: whose, whosever"
        }, {
          "tag_name" : "WRB",
          "tag_description" : "wh-adverb\nExamples: where, when"
        } ],
        "create_tag" : false
      },
      "uiName" : "PosValue",
      "type" : "uima.cas.String",
      "enabled" : true,
      "visible" : true,
      "include_in_hover" : false,
      "required" : false,
      "remember" : false,
      "hideUnconstraintFeature" : false,
      "description" : "Part-of-speech tag",
      "project_name" : "Recommendation and Active Learning Example Project",
      "multi_value_mode" : "NONE",
      "link_mode" : "NONE",
      "link_type_name" : null,
      "link_type_role_feature_name" : null,
      "link_type_target_feature_name" : null,
      "traits" : null
    } ],
    "uiName" : "POS",
    "type" : "span",
    "description" : null,
    "enabled" : true,
    "built_in" : true,
    "readonly" : false,
    "attach_type" : {
      "name" : "de.tudarmstadt.ukp.dkpro.core.api.segmentation.type.Token"
    },
    "attach_feature" : {
      "name" : "pos",
      "layer" : "de.tudarmstadt.ukp.dkpro.core.api.segmentation.type.Token"
    },
    "lock_to_token_offset" : true,
    "allow_stacking" : false,
    "cross_sentence" : false,
    "show_hover" : true,
    "multiple_tokens" : false,
    "project_name" : "Recommendation and Active Learning Example Project",
    "linked_list_behavior" : false,
    "on_click_javascript_action" : null
  }, {
    "name" : "de.tudarmstadt.ukp.dkpro.core.api.semantics.type.SemArg",
    "features" : [ ],
    "uiName" : "SemArg",
    "type" : "span",
    "description" : null,
    "enabled" : true,
    "built_in" : true,
    "readonly" : false,
    "attach_type" : null,
    "attach_feature" : null,
    "lock_to_token_offset" : false,
    "allow_stacking" : true,
    "cross_sentence" : false,
    "show_hover" : true,
    "multiple_tokens" : true,
    "project_name" : "Recommendation and Active Learning Example Project",
    "linked_list_behavior" : false,
    "on_click_javascript_action" : null
  }, {
    "name" : "de.tudarmstadt.ukp.dkpro.core.api.semantics.type.SemPred",
    "features" : [ {
      "name" : "arguments",
      "tag_set" : null,
      "uiName" : "arguments",
      "type" : "de.tudarmstadt.ukp.dkpro.core.api.semantics.type.SemArg",
      "enabled" : true,
      "visible" : true,
      "include_in_hover" : false,
      "required" : false,
      "remember" : false,
      "hideUnconstraintFeature" : false,
      "description" : "Arguments of the semantic predicate",
      "project_name" : "Recommendation and Active Learning Example Project",
      "multi_value_mode" : "ARRAY",
      "link_mode" : "WITH_ROLE",
      "link_type_name" : "de.tudarmstadt.ukp.dkpro.core.api.semantics.type.SemArgLink",
      "link_type_role_feature_name" : "role",
      "link_type_target_feature_name" : "target",
      "traits" : null
    }, {
      "name" : "category",
      "tag_set" : null,
      "uiName" : "category",
      "type" : "uima.cas.String",
      "enabled" : true,
      "visible" : true,
      "include_in_hover" : false,
      "required" : false,
      "remember" : false,
      "hideUnconstraintFeature" : false,
      "description" : "Category of the semantic predicate, e.g. the frame identifier.",
      "project_name" : "Recommendation and Active Learning Example Project",
      "multi_value_mode" : "NONE",
      "link_mode" : "NONE",
      "link_type_name" : null,
      "link_type_role_feature_name" : null,
      "link_type_target_feature_name" : null,
      "traits" : null
    } ],
    "uiName" : "SemPred",
    "type" : "span",
    "description" : null,
    "enabled" : true,
    "built_in" : true,
    "readonly" : false,
    "attach_type" : null,
    "attach_feature" : null,
    "lock_to_token_offset" : false,
    "allow_stacking" : true,
    "cross_sentence" : false,
    "show_hover" : true,
    "multiple_tokens" : true,
    "project_name" : "Recommendation and Active Learning Example Project",
    "linked_list_behavior" : false,
    "on_click_javascript_action" : null
  }, {
    "name" : "de.tudarmstadt.ukp.dkpro.core.api.segmentation.type.SurfaceForm",
    "features" : [ {
      "name" : "value",
      "tag_set" : null,
      "uiName" : "Form",
      "type" : "uima.cas.String",
      "enabled" : true,
      "visible" : true,
      "include_in_hover" : false,
      "required" : false,
      "remember" : false,
      "hideUnconstraintFeature" : false,
      "description" : "Original surface text",
      "project_name" : "Recommendation and Active Learning Example Project",
      "multi_value_mode" : "NONE",
      "link_mode" : "NONE",
      "link_type_name" : null,
      "link_type_role_feature_name" : null,
      "link_type_target_feature_name" : null,
      "traits" : null
    } ],
    "uiName" : "Surface form",
    "type" : "span",
    "description" : null,
    "enabled" : true,
    "built_in" : true,
    "readonly" : false,
    "attach_type" : null,
    "attach_feature" : null,
    "lock_to_token_offset" : false,
    "allow_stacking" : false,
    "cross_sentence" : false,
    "show_hover" : true,
    "multiple_tokens" : true,
    "project_name" : "Recommendation and Active Learning Example Project",
    "linked_list_behavior" : false,
    "on_click_javascript_action" : null
  }, {
    "name" : "de.tudarmstadt.ukp.dkpro.core.api.segmentation.type.Token",
    "features" : [ {
      "name" : "lemma",
      "tag_set" : null,
      "uiName" : "lemma",
      "type" : "de.tudarmstadt.ukp.dkpro.core.api.segmentation.type.Lemma",
      "enabled" : true,
      "visible" : true,
      "include_in_hover" : false,
      "required" : false,
      "remember" : false,
      "hideUnconstraintFeature" : false,
      "description" : null,
      "project_name" : "Recommendation and Active Learning Example Project",
      "multi_value_mode" : "NONE",
      "link_mode" : "NONE",
      "link_type_name" : null,
      "link_type_role_feature_name" : null,
      "link_type_target_feature_name" : null,
      "traits" : null
    }, {
      "name" : "morph",
      "tag_set" : null,
      "uiName" : "morph",
      "type" : "de.tudarmstadt.ukp.dkpro.core.api.segmentation.type.Lemma",
      "enabled" : true,
      "visible" : true,
      "include_in_hover" : false,
      "required" : false,
      "remember" : false,
      "hideUnconstraintFeature" : false,
      "description" : null,
      "project_name" : "Recommendation and Active Learning Example Project",
      "multi_value_mode" : "NONE",
      "link_mode" : "NONE",
      "link_type_name" : null,
      "link_type_role_feature_name" : null,
      "link_type_target_feature_name" : null,
      "traits" : null
    }, {
      "name" : "pos",
      "tag_set" : null,
      "uiName" : "pos",
      "type" : "de.tudarmstadt.ukp.dkpro.core.api.lexmorph.type.pos.POS",
      "enabled" : true,
      "visible" : true,
      "include_in_hover" : false,
      "required" : false,
      "remember" : false,
      "hideUnconstraintFeature" : false,
      "description" : null,
      "project_name" : "Recommendation and Active Learning Example Project",
      "multi_value_mode" : "NONE",
      "link_mode" : "NONE",
      "link_type_name" : null,
      "link_type_role_feature_name" : null,
      "link_type_target_feature_name" : null,
      "traits" : null
    } ],
    "uiName" : "Token",
    "type" : "span",
    "description" : null,
    "enabled" : true,
    "built_in" : true,
    "readonly" : false,
    "attach_type" : null,
    "attach_feature" : null,
    "lock_to_token_offset" : true,
    "allow_stacking" : false,
    "cross_sentence" : false,
    "show_hover" : true,
    "multiple_tokens" : false,
    "project_name" : "Recommendation and Active Learning Example Project",
    "linked_list_behavior" : false,
    "on_click_javascript_action" : null
  } ],
  "disableExport" : false,
  "script_direction" : "LTR",
  "created" : 1529307805856,
  "updated" : 1530781406644,
  "knowledge_bases" : [ ],
  "recommenders" : [ {
    "alwaysSelected" : false,
    "enabled" : true,
    "feature" : "PosValue",
    "layerName" : "de.tudarmstadt.ukp.dkpro.core.api.lexmorph.type.pos.POS",
    "name" : "[PosValue@POS] OpenNlpPosClassificationTool (0.00)",
    "threshold" : 0.0,
    "tool" : "de.tudarmstadt.ukp.inception.recommendation.imls.opennlp.pos.OpenNlpPosClassificationTool",
    "traits" : null
  }, {
    "alwaysSelected" : false,
    "enabled" : true,
    "feature" : "PosValue",
    "layerName" : "de.tudarmstadt.ukp.dkpro.core.api.lexmorph.type.pos.POS",
    "name" : "[PosValue@POS] StringMatchingPosClassificationTool (0.00)",
    "threshold" : 0.0,
    "tool" : "de.tudarmstadt.ukp.inception.recommendation.imls.stringmatch.pos.StringMatchingPosClassificationTool",
    "traits" : null
  } ]
}