#FORMAT=WebAnno TSV 3.2
#T_SP=de.tudarmstadt.ukp.dkpro.core.api.ner.type.NamedEntity|identifier|value
#T_SP=webanno.custom.Claim|


#Text=The wines of Clos de Vougeot rose to fame when the Cistercians tended the entire vineyard and produced the wine.
1-1	0-3	The	_	_	_	
1-2	4-9	wines	_	_	_	
1-3	10-12	of	_	_	_	
1-4	13-17	Clos	http://www.w3.org/TR/2003/PR-owl-guide-20031209/wine#ClosDeVougeotCotesDOr[1]	WINE[1]	_	
1-5	18-20	de	http://www.w3.org/TR/2003/PR-owl-guide-20031209/wine#ClosDeVougeotCotesDOr[1]	WINE[1]	_	
1-6	21-28	Vougeot	http://www.w3.org/TR/2003/PR-owl-guide-20031209/wine#ClosDeVougeotCotesDOr[1]	WINE[1]	_	
1-7	29-33	rose	_	_	_	
1-8	34-36	to	_	_	_	
1-9	37-41	fame	_	_	_	
1-10	42-46	when	_	_	_	
1-11	47-50	the	_	_	_	
1-12	51-62	Cistercians	_	_	_	
1-13	63-69	tended	_	_	_	
1-14	70-73	the	_	_	_	
1-15	74-80	entire	_	_	_	
1-16	81-89	vineyard	_	_	_	
1-17	90-93	and	_	_	_	
1-18	94-102	produced	_	_	_	
1-19	103-106	the	_	_	_	
1-20	107-111	wine	_	_	_	
1-21	111-112	.	_	_	_	

#Text=In producing Clos de Vougeot, the Cistercians first produced cuvées from the different parts of the vineyard, and then blended them to produce a high-class wine.
2-1	113-115	In	_	_	_	
2-2	116-125	producing	_	_	_	
2-3	126-130	Clos	http://www.w3.org/TR/2003/PR-owl-guide-20031209/wine#ClosDeVougeotCotesDOr[2]	WINE[2]	_	
2-4	131-133	de	http://www.w3.org/TR/2003/PR-owl-guide-20031209/wine#ClosDeVougeotCotesDOr[2]	WINE[2]	_	
2-5	134-141	Vougeot	http://www.w3.org/TR/2003/PR-owl-guide-20031209/wine#ClosDeVougeotCotesDOr[2]	WINE[2]	_	
2-6	141-142	,	_	_	_	
2-7	143-146	the	_	_	_	
2-8	147-158	Cistercians	_	_	_	
2-9	159-164	first	_	_	_	
2-10	165-173	produced	_	_	_	
2-11	174-180	cuvées	_	_	_	
2-12	181-185	from	_	_	_	
2-13	186-189	the	_	_	_	
2-14	190-199	different	_	_	_	
2-15	200-205	parts	_	_	_	
2-16	206-208	of	_	_	_	
2-17	209-212	the	_	_	_	
2-18	213-221	vineyard	_	_	_	
2-19	221-222	,	_	_	_	
2-20	223-226	and	_	_	_	
2-21	227-231	then	_	_	_	
2-22	232-239	blended	_	_	_	
2-23	240-244	them	_	_	_	
2-24	245-247	to	_	_	_	
2-25	248-255	produce	_	_	_	
2-26	256-257	a	_	_	_	
2-27	258-268	high-class	_	_	_	
2-28	269-273	wine	_	_	_	
2-29	273-274	.	_	_	_	

#Text=Typically, wine from the top and middle parts would be used, and only sometimes would the bottom part be used for the final Clos de Vougeot wine.
3-1	275-284	Typically	_	_	_	
3-2	284-285	,	_	_	_	
3-3	286-290	wine	_	_	_	
3-4	291-295	from	_	_	_	
3-5	296-299	the	_	_	_	
3-6	300-303	top	_	_	_	
3-7	304-307	and	_	_	_	
3-8	308-314	middle	_	_	_	
3-9	315-320	parts	_	_	_	
3-10	321-326	would	_	_	_	
3-11	327-329	be	_	_	_	
3-12	330-334	used	_	_	_	
3-13	334-335	,	_	_	_	
3-14	336-339	and	_	_	_	
3-15	340-344	only	_	_	_	
3-16	345-354	sometimes	_	_	_	
3-17	355-360	would	_	_	_	
3-18	361-364	the	_	_	_	
3-19	365-371	bottom	_	_	_	
3-20	372-376	part	_	_	_	
3-21	377-379	be	_	_	_	
3-22	380-384	used	_	_	_	
3-23	385-388	for	_	_	_	
3-24	389-392	the	_	_	_	
3-25	393-398	final	_	_	_	
3-26	399-403	Clos	http://www.w3.org/TR/2003/PR-owl-guide-20031209/wine#ClosDeVougeotCotesDOr[3]	WINE[3]	_	
3-27	404-406	de	http://www.w3.org/TR/2003/PR-owl-guide-20031209/wine#ClosDeVougeotCotesDOr[3]	WINE[3]	_	
3-28	407-414	Vougeot	http://www.w3.org/TR/2003/PR-owl-guide-20031209/wine#ClosDeVougeotCotesDOr[3]	WINE[3]	_	
3-29	415-419	wine	_	_	_	
3-30	419-420	.	_	_	_	

#Text=Wine from lower down the slope can be better in dry years, so this blending practice allowed the production of a wine that should have been consistent in quality.
4-1	421-425	Wine	_	_	_	
4-2	426-430	from	_	_	_	
4-3	431-436	lower	_	_	_	
4-4	437-441	down	_	_	_	
4-5	442-445	the	_	_	_	
4-6	446-451	slope	_	_	_	
4-7	452-455	can	_	_	_	
4-8	456-458	be	_	_	_	
4-9	459-465	better	_	_	_	
4-10	466-468	in	_	_	_	
4-11	469-472	dry	_	_	_	
4-12	473-478	years	_	_	_	
4-13	478-479	,	_	_	_	
4-14	480-482	so	_	_	_	
4-15	483-487	this	_	_	_	
4-16	488-496	blending	_	_	_	
4-17	497-505	practice	_	_	_	
4-18	506-513	allowed	_	_	_	
4-19	514-517	the	_	_	_	
4-20	518-528	production	_	_	_	
4-21	529-531	of	_	_	_	
4-22	532-533	a	_	_	_	
4-23	534-538	wine	_	_	_	
4-24	539-543	that	_	_	_	
4-25	544-550	should	_	_	_	
4-26	551-555	have	_	_	_	
4-27	556-560	been	_	_	_	
4-28	561-571	consistent	_	_	_	
4-29	572-574	in	_	_	_	
4-30	575-582	quality	_	_	_	
4-31	582-583	.	_	_	_	

#Text=This dark, brooding wine is still tight and closed.
5-1	585-589	This	_	_	_	
5-2	590-594	dark	_	_	_	
5-3	594-595	,	_	_	_	
5-4	596-604	brooding	_	_	_	
5-5	605-609	wine	_	_	_	
5-6	610-612	is	_	_	_	
5-7	613-618	still	_	_	_	
5-8	619-624	tight	_	_	_	
5-9	625-628	and	_	_	_	
5-10	629-635	closed	_	_	_	
5-11	635-636	.	_	_	_	

#Text=Clos de Vougeot is a powerful and concentrated wine, with gripping tannins as well as delicious black fruits.
6-1	637-641	Clos	http://www.w3.org/TR/2003/PR-owl-guide-20031209/wine#ClosDeVougeotCotesDOr[4]	WINE[4]	*[5]	
6-2	642-644	de	http://www.w3.org/TR/2003/PR-owl-guide-20031209/wine#ClosDeVougeotCotesDOr[4]	WINE[4]	*[5]	
6-3	645-652	Vougeot	http://www.w3.org/TR/2003/PR-owl-guide-20031209/wine#ClosDeVougeotCotesDOr[4]	WINE[4]	*[5]	
6-4	653-655	is	_	_	*[5]	
6-5	656-657	a	_	_	*[5]	
6-6	658-666	powerful	_	_	*[5]	
6-7	667-670	and	_	_	*[5]	
6-8	671-683	concentrated	_	_	*[5]	
6-9	684-688	wine	_	_	*[5]	
6-10	688-689	,	_	_	*[5]	
6-11	690-694	with	_	_	*[5]	
6-12	695-703	gripping	_	_	*[5]	
6-13	704-711	tannins	_	_	*[5]	
6-14	712-714	as	_	_	*[5]	
6-15	715-719	well	_	_	*[5]	
6-16	720-722	as	_	_	*[5]	
6-17	723-732	delicious	_	_	*[5]	
6-18	733-738	black	_	_	*[5]	
6-19	739-745	fruits	_	_	*[5]	
6-20	745-746	.	_	_	_	

#Text=It's solid, chunky and very firm while retaining the generous fruitiness of the vintage.
7-1	747-751	It's	_	_	_	
7-2	752-757	solid	_	_	_	
7-3	757-758	,	_	_	_	
7-4	759-765	chunky	_	_	_	
7-5	766-769	and	_	_	_	
7-6	770-774	very	_	_	_	
7-7	775-779	firm	_	_	_	
7-8	780-785	while	_	_	_	
7-9	786-795	retaining	_	_	_	
7-10	796-799	the	_	_	_	
7-11	800-808	generous	_	_	_	
7-12	809-819	fruitiness	_	_	_	
7-13	820-822	of	_	_	_	
7-14	823-826	the	_	_	_	
7-15	827-834	vintage	_	_	_	
7-16	834-835	.	_	_	_	

#Text=Don't drink before 2020.
8-1	836-841	Don't	_	_	_	
8-2	842-847	drink	_	_	_	
8-3	848-854	before	_	_	_	
8-4	855-859	2020	_	_	_	
8-5	859-860	.	_	_	_	
