#FORMAT=WebAnno TSV 3.2
#T_SP=de.tudarmstadt.ukp.dkpro.core.api.ner.type.NamedEntity|identifier|value


#Text=Sauternes is a French sweet wine from the Sauternais region of the Graves section in Bordeaux.
1-1	0-9	Sauternes	http://www.w3.org/TR/2003/PR-owl-guide-20031209/wine#Sauternes	WINE	
1-2	10-12	is	_	_	
1-3	13-14	a	_	_	
1-4	15-21	French	_	_	
1-5	22-27	sweet	_	_	
1-6	28-32	wine	_	_	
1-7	33-37	from	_	_	
1-8	38-41	the	_	_	
1-9	42-52	Sauternais	http://www.w3.org/TR/2003/PR-owl-guide-20031209/wine#SauterneRegion	LOC	
1-10	53-59	region	_	_	
1-11	60-62	of	_	_	
1-12	63-66	the	_	_	
1-13	67-73	Graves	*	LOC	
1-14	74-81	section	_	_	
1-15	82-84	in	_	_	
1-16	85-93	Bordeaux	http://www.w3.org/TR/2003/PR-owl-guide-20031209/wine#BordeauxRegion	LOC	
1-17	93-94	.	_	_	

#Text=Sauternes is made from Sémillon, Sauvignon blanc, and Muscadelle grapes that have been affected by Botrytis cinerea, also known as noble rot.
2-1	95-104	Sauternes	http://www.w3.org/TR/2003/PR-owl-guide-20031209/wine#Sauternes	GRAPE	
2-2	105-107	is	_	_	
2-3	108-112	made	_	_	
2-4	113-117	from	_	_	
2-5	118-126	Sémillon	*	GRAPE	
2-6	126-127	,	_	_	
2-7	128-137	Sauvignon	*[1]	GRAPE[1]	
2-8	138-143	blanc	*[1]	GRAPE[1]	
2-9	143-144	,	_	_	
2-10	145-148	and	_	_	
2-11	149-159	Muscadelle	*	GRAPE	
2-12	160-166	grapes	_	_	
2-13	167-171	that	_	_	
2-14	172-176	have	_	_	
2-15	177-181	been	_	_	
2-16	182-190	affected	_	_	
2-17	191-193	by	_	_	
2-18	194-202	Botrytis	_	_	
2-19	203-210	cinerea	_	_	
2-20	210-211	,	_	_	
2-21	212-216	also	_	_	
2-22	217-222	known	_	_	
2-23	223-225	as	_	_	
2-24	226-231	noble	_	_	
2-25	232-235	rot	_	_	
2-26	235-236	.	_	_	

#Text=This causes the grapes to become partially raisined, resulting in concentrated and distinctively flavored wines.
3-1	237-241	This	_	_	
3-2	242-248	causes	_	_	
3-3	249-252	the	_	_	
3-4	253-259	grapes	_	_	
3-5	260-262	to	_	_	
3-6	263-269	become	_	_	
3-7	270-279	partially	_	_	
3-8	280-288	raisined	_	_	
3-9	288-289	,	_	_	
3-10	290-299	resulting	_	_	
3-11	300-302	in	_	_	
3-12	303-315	concentrated	_	_	
3-13	316-319	and	_	_	
3-14	320-333	distinctively	_	_	
3-15	334-342	flavored	_	_	
3-16	343-348	wines	_	_	
3-17	348-349	.	_	_	

#Text=Due to its climate, Sauternes is one of the few wine regions where infection with noble rot is a frequent occurrence.
4-1	350-353	Due	_	_	
4-2	354-356	to	_	_	
4-3	357-360	its	_	_	
4-4	361-368	climate	_	_	
4-5	368-369	,	_	_	
4-6	370-379	Sauternes	http://www.w3.org/TR/2003/PR-owl-guide-20031209/wine#SauterneRegion	LOC	
4-7	380-382	is	_	_	
4-8	383-386	one	_	_	
4-9	387-389	of	_	_	
4-10	390-393	the	_	_	
4-11	394-397	few	_	_	
4-12	398-402	wine	_	_	
4-13	403-410	regions	_	_	
4-14	411-416	where	_	_	
4-15	417-426	infection	_	_	
4-16	427-431	with	_	_	
4-17	432-437	noble	_	_	
4-18	438-441	rot	_	_	
4-19	442-444	is	_	_	
4-20	445-446	a	_	_	
4-21	447-455	frequent	_	_	
4-22	456-466	occurrence	_	_	
4-23	466-467	.	_	_	

#Text=Even so, production is a hit-or-miss proposition, with widely varying harvests from vintage to vintage.
5-1	468-472	Even	_	_	
5-2	473-475	so	_	_	
5-3	475-476	,	_	_	
5-4	477-487	production	_	_	
5-5	488-490	is	_	_	
5-6	491-492	a	_	_	
5-7	493-504	hit-or-miss	_	_	
5-8	505-516	proposition	_	_	
5-9	516-517	,	_	_	
5-10	518-522	with	_	_	
5-11	523-529	widely	_	_	
5-12	530-537	varying	_	_	
5-13	538-546	harvests	_	_	
5-14	547-551	from	_	_	
5-15	552-559	vintage	_	_	
5-16	560-562	to	_	_	
5-17	563-570	vintage	_	_	
5-18	570-571	.	_	_	

#Text=Wines from Sauternes, especially the Premier Cru Supérieur estate Château d'Yquem, can be very expensive, due largely to the very high cost of production.
6-1	572-577	Wines	_	_	
6-2	578-582	from	_	_	
6-3	583-592	Sauternes	http://www.w3.org/TR/2003/PR-owl-guide-20031209/wine#SauterneRegion	LOC	
6-4	592-593	,	_	_	
6-5	594-604	especially	_	_	
6-6	605-608	the	_	_	
6-7	609-616	Premier	_	_	
6-8	617-620	Cru	_	_	
6-9	621-630	Supérieur	_	_	
6-10	631-637	estate	_	_	
6-11	638-645	Château	http://www.w3.org/TR/2003/PR-owl-guide-20031209/wine#ChateauDYchemSauterne[2]	WINE[2]	
6-12	646-653	d'Yquem	http://www.w3.org/TR/2003/PR-owl-guide-20031209/wine#ChateauDYchemSauterne[2]	WINE[2]	
6-13	653-654	,	_	_	
6-14	655-658	can	_	_	
6-15	659-661	be	_	_	
6-16	662-666	very	_	_	
6-17	667-676	expensive	_	_	
6-18	676-677	,	_	_	
6-19	678-681	due	_	_	
6-20	682-689	largely	_	_	
6-21	690-692	to	_	_	
6-22	693-696	the	_	_	
6-23	697-701	very	_	_	
6-24	702-706	high	_	_	
6-25	707-711	cost	_	_	
6-26	712-714	of	_	_	
6-27	715-725	production	_	_	
6-28	725-726	.	_	_	

#Text=Barsac lies within Sauternes, and is entitled to use either name.
7-1	727-733	Barsac	*	LOC	
7-2	734-738	lies	_	_	
7-3	739-745	within	_	_	
7-4	746-755	Sauternes	http://www.w3.org/TR/2003/PR-owl-guide-20031209/wine#SauterneRegion	LOC	
7-5	755-756	,	_	_	
7-6	757-760	and	_	_	
7-7	761-763	is	_	_	
7-8	764-772	entitled	_	_	
7-9	773-775	to	_	_	
7-10	776-779	use	_	_	
7-11	780-786	either	_	_	
7-12	787-791	name	_	_	
7-13	791-792	.	_	_	

#Text=Somewhat similar but less expensive and typically less-distinguished wines are produced in the neighboring regions of Monbazillac, Cérons, Loupiac and Cadillac.
8-1	793-801	Somewhat	_	_	
8-2	802-809	similar	_	_	
8-3	810-813	but	_	_	
8-4	814-818	less	_	_	
8-5	819-828	expensive	_	_	
8-6	829-832	and	_	_	
8-7	833-842	typically	_	_	
8-8	843-861	less-distinguished	_	_	
8-9	862-867	wines	_	_	
8-10	868-871	are	_	_	
8-11	872-880	produced	_	_	
8-12	881-883	in	_	_	
8-13	884-887	the	_	_	
8-14	888-899	neighboring	_	_	
8-15	900-907	regions	_	_	
8-16	908-910	of	_	_	
8-17	911-922	Monbazillac	*	LOC	
8-18	922-923	,	_	_	
8-19	924-930	Cérons	*	LOC	
8-20	930-931	,	_	_	
8-21	932-939	Loupiac	*	LOC	
8-22	940-943	and	_	_	
8-23	944-952	Cadillac	*	*	
8-24	952-953	.	_	_	

#Text=In the United States, there is a semi-generic label for sweet white dessert wines known as sauterne without the "s" at the end and uncapitalized.
9-1	954-956	In	_	_	
9-2	957-960	the	_	_	
9-3	961-967	United	*[3]	LOC[3]	
9-4	968-974	States	*[3]	LOC[3]	
9-5	974-975	,	_	_	
9-6	976-981	there	_	_	
9-7	982-984	is	_	_	
9-8	985-986	a	_	_	
9-9	987-999	semi-generic	_	_	
9-10	1000-1005	label	_	_	
9-11	1006-1009	for	_	_	
9-12	1010-1015	sweet	_	_	
9-13	1016-1021	white	_	_	
9-14	1022-1029	dessert	_	_	
9-15	1030-1035	wines	_	_	
9-16	1036-1041	known	_	_	
9-17	1042-1044	as	_	_	
9-18	1045-1053	sauterne	_	_	
9-19	1054-1061	without	_	_	
9-20	1062-1065	the	_	_	
9-21	1066-1067	"	_	_	
9-22	1067-1068	s	_	_	
9-23	1068-1069	"	_	_	
9-24	1070-1072	at	_	_	
9-25	1073-1076	the	_	_	
9-26	1077-1080	end	_	_	
9-27	1081-1084	and	_	_	
9-28	1085-1098	uncapitalized	_	_	
9-29	1098-1099	.	_	_	

#Text=Like most of the Bordeaux wine region, the Sauternes region has a maritime climate which brings the viticultural hazards of autumn frost, hail and rains that can ruin an entire vintage.
10-1	1101-1105	Like	_	_	
10-2	1106-1110	most	_	_	
10-3	1111-1113	of	_	_	
10-4	1114-1117	the	_	_	
10-5	1118-1126	Bordeaux	http://www.w3.org/TR/2003/PR-owl-guide-20031209/wine#BordeauxRegion	LOC	
10-6	1127-1131	wine	_	_	
10-7	1132-1138	region	_	_	
10-8	1138-1139	,	_	_	
10-9	1140-1143	the	_	_	
10-10	1144-1153	Sauternes	http://www.w3.org/TR/2003/PR-owl-guide-20031209/wine#SauterneRegion	LOC	
10-11	1154-1160	region	_	_	
10-12	1161-1164	has	_	_	
10-13	1165-1166	a	_	_	
10-14	1167-1175	maritime	_	_	
10-15	1176-1183	climate	_	_	
10-16	1184-1189	which	_	_	
10-17	1190-1196	brings	_	_	
10-18	1197-1200	the	_	_	
10-19	1201-1213	viticultural	_	_	
10-20	1214-1221	hazards	_	_	
10-21	1222-1224	of	_	_	
10-22	1225-1231	autumn	_	_	
10-23	1232-1237	frost	_	_	
10-24	1237-1238	,	_	_	
10-25	1239-1243	hail	_	_	
10-26	1244-1247	and	_	_	
10-27	1248-1253	rains	_	_	
10-28	1254-1258	that	_	_	
10-29	1259-1262	can	_	_	
10-30	1263-1267	ruin	_	_	
10-31	1268-1270	an	_	_	
10-32	1271-1277	entire	_	_	
10-33	1278-1285	vintage	_	_	
10-34	1285-1286	.	_	_	

#Text=The Sauternes region is located 40 km (25 mi) southeast of the city of Bordeaux along the Garonne river and its tributary, the Ciron.[1] The source of the Ciron is a spring which has cooler waters than the Garonne.
11-1	1287-1290	The	_	_	
11-2	1291-1300	Sauternes	_	_	
11-3	1301-1307	region	_	_	
11-4	1308-1310	is	_	_	
11-5	1311-1318	located	_	_	
11-6	1319-1321	40	_	_	
11-7	1322-1324	km	_	_	
11-8	1325-1326	(	_	_	
11-9	1326-1328	25	_	_	
11-10	1329-1331	mi	_	_	
11-11	1331-1332	)	_	_	
11-12	1333-1342	southeast	_	_	
11-13	1343-1345	of	_	_	
11-14	1346-1349	the	_	_	
11-15	1350-1354	city	_	_	
11-16	1355-1357	of	_	_	
11-17	1358-1366	Bordeaux	_	_	
11-18	1367-1372	along	_	_	
11-19	1373-1376	the	_	_	
11-20	1377-1384	Garonne	_	_	
11-21	1385-1390	river	_	_	
11-22	1391-1394	and	_	_	
11-23	1395-1398	its	_	_	
11-24	1399-1408	tributary	_	_	
11-25	1408-1409	,	_	_	
11-26	1410-1413	the	_	_	
11-27	1414-1419	Ciron	_	_	
11-28	1419-1420	.	_	_	
11-29	1420-1421	[	_	_	
11-30	1421-1422	1	_	_	
11-31	1422-1423	]	_	_	
11-32	1424-1427	The	_	_	
11-33	1428-1434	source	_	_	
11-34	1435-1437	of	_	_	
11-35	1438-1441	the	_	_	
11-36	1442-1447	Ciron	_	_	
11-37	1448-1450	is	_	_	
11-38	1451-1452	a	_	_	
11-39	1453-1459	spring	_	_	
11-40	1460-1465	which	_	_	
11-41	1466-1469	has	_	_	
11-42	1470-1476	cooler	_	_	
11-43	1477-1483	waters	_	_	
11-44	1484-1488	than	_	_	
11-45	1489-1492	the	_	_	
11-46	1493-1500	Garonne	_	_	
11-47	1500-1501	.	_	_	

#Text=In the autumn, when the climate is warm and dry, the different temperatures from the two rivers meet to produce mist that descends upon the vineyards from evening to late morning.
12-1	1502-1504	In	_	_	
12-2	1505-1508	the	_	_	
12-3	1509-1515	autumn	_	_	
12-4	1515-1516	,	_	_	
12-5	1517-1521	when	_	_	
12-6	1522-1525	the	_	_	
12-7	1526-1533	climate	_	_	
12-8	1534-1536	is	_	_	
12-9	1537-1541	warm	_	_	
12-10	1542-1545	and	_	_	
12-11	1546-1549	dry	_	_	
12-12	1549-1550	,	_	_	
12-13	1551-1554	the	_	_	
12-14	1555-1564	different	_	_	
12-15	1565-1577	temperatures	_	_	
12-16	1578-1582	from	_	_	
12-17	1583-1586	the	_	_	
12-18	1587-1590	two	_	_	
12-19	1591-1597	rivers	_	_	
12-20	1598-1602	meet	_	_	
12-21	1603-1605	to	_	_	
12-22	1606-1613	produce	_	_	
12-23	1614-1618	mist	_	_	
12-24	1619-1623	that	_	_	
12-25	1624-1632	descends	_	_	
12-26	1633-1637	upon	_	_	
12-27	1638-1641	the	_	_	
12-28	1642-1651	vineyards	_	_	
12-29	1652-1656	from	_	_	
12-30	1657-1664	evening	_	_	
12-31	1665-1667	to	_	_	
12-32	1668-1672	late	_	_	
12-33	1673-1680	morning	_	_	
12-34	1680-1681	.	_	_	

#Text=This condition promotes the development of the Botrytis cinerea fungus.
13-1	1682-1686	This	_	_	
13-2	1687-1696	condition	_	_	
13-3	1697-1705	promotes	_	_	
13-4	1706-1709	the	_	_	
13-5	1710-1721	development	_	_	
13-6	1722-1724	of	_	_	
13-7	1725-1728	the	_	_	
13-8	1729-1737	Botrytis	_	_	
13-9	1738-1745	cinerea	_	_	
13-10	1746-1752	fungus	_	_	
13-11	1752-1753	.	_	_	

#Text=By mid day, the warm sun will help dissipate the mist and dry the grapes to keep them from developing less favorable rot.[5]
#Text=
#Text=Sauternes are characterized by the balance of sweetness with the zest of acidity.
14-1	1754-1756	By	_	_	
14-2	1757-1760	mid	_	_	
14-3	1761-1764	day	_	_	
14-4	1764-1765	,	_	_	
14-5	1766-1769	the	_	_	
14-6	1770-1774	warm	_	_	
14-7	1775-1778	sun	_	_	
14-8	1779-1783	will	_	_	
14-9	1784-1788	help	_	_	
14-10	1789-1798	dissipate	_	_	
14-11	1799-1802	the	_	_	
14-12	1803-1807	mist	_	_	
14-13	1808-1811	and	_	_	
14-14	1812-1815	dry	_	_	
14-15	1816-1819	the	_	_	
14-16	1820-1826	grapes	_	_	
14-17	1827-1829	to	_	_	
14-18	1830-1834	keep	_	_	
14-19	1835-1839	them	_	_	
14-20	1840-1844	from	_	_	
14-21	1845-1855	developing	_	_	
14-22	1856-1860	less	_	_	
14-23	1861-1870	favorable	_	_	
14-24	1871-1874	rot	_	_	
14-25	1874-1875	.	_	_	
14-26	1875-1876	[	_	_	
14-27	1876-1877	5	_	_	
14-28	1877-1878	]	_	_	
14-29	1880-1889	Sauternes	_	_	
14-30	1890-1893	are	_	_	
14-31	1894-1907	characterized	_	_	
14-32	1908-1910	by	_	_	
14-33	1911-1914	the	_	_	
14-34	1915-1922	balance	_	_	
14-35	1923-1925	of	_	_	
14-36	1926-1935	sweetness	_	_	
14-37	1936-1940	with	_	_	
14-38	1941-1944	the	_	_	
14-39	1945-1949	zest	_	_	
14-40	1950-1952	of	_	_	
14-41	1953-1960	acidity	_	_	
14-42	1960-1961	.	_	_	

#Text=Some common flavor notes include apricots, honey, peaches but with a nutty note, which is a typical characteristic of noble semillon itself (cf.
15-1	1962-1966	Some	_	_	
15-2	1967-1973	common	_	_	
15-3	1974-1980	flavor	_	_	
15-4	1981-1986	notes	_	_	
15-5	1987-1994	include	_	_	
15-6	1995-2003	apricots	_	_	
15-7	2003-2004	,	_	_	
15-8	2005-2010	honey	_	_	
15-9	2010-2011	,	_	_	
15-10	2012-2019	peaches	_	_	
15-11	2020-2023	but	_	_	
15-12	2024-2028	with	_	_	
15-13	2029-2030	a	_	_	
15-14	2031-2036	nutty	_	_	
15-15	2037-2041	note	_	_	
15-16	2041-2042	,	_	_	
15-17	2043-2048	which	_	_	
15-18	2049-2051	is	_	_	
15-19	2052-2053	a	_	_	
15-20	2054-2061	typical	_	_	
15-21	2062-2076	characteristic	_	_	
15-22	2077-2079	of	_	_	
15-23	2080-2085	noble	_	_	
15-24	2086-2094	semillon	_	_	
15-25	2095-2101	itself	_	_	
15-26	2102-2103	(	_	_	
15-27	2103-2105	cf	_	_	
15-28	2105-2106	.	_	_	

#Text=Australian noble (late-harvest) semillon).
16-1	2107-2117	Australian	_	_	
16-2	2118-2123	noble	_	_	
16-3	2124-2125	(	_	_	
16-4	2125-2137	late-harvest	_	_	
16-5	2137-2138	)	_	_	
16-6	2139-2147	semillon	_	_	
16-7	2147-2148	)	_	_	
16-8	2148-2149	.	_	_	

#Text=The finish can resonate on the palate for several minutes.
17-1	2150-2153	The	_	_	
17-2	2154-2160	finish	_	_	
17-3	2161-2164	can	_	_	
17-4	2165-2173	resonate	_	_	
17-5	2174-2176	on	_	_	
17-6	2177-2180	the	_	_	
17-7	2181-2187	palate	_	_	
17-8	2188-2191	for	_	_	
17-9	2192-2199	several	_	_	
17-10	2200-2207	minutes	_	_	
17-11	2207-2208	.	_	_	

#Text=Sauternes are some of longest-lived wines, with premium examples from exceptional vintages properly kept having the potential to age well even beyond 100 years.[7] Sauternes typically starts out with a golden, yellow color that becomes progressively darker as it ages.
18-1	2209-2218	Sauternes	_	_	
18-2	2219-2222	are	_	_	
18-3	2223-2227	some	_	_	
18-4	2228-2230	of	_	_	
18-5	2231-2244	longest-lived	_	_	
18-6	2245-2250	wines	_	_	
18-7	2250-2251	,	_	_	
18-8	2252-2256	with	_	_	
18-9	2257-2264	premium	_	_	
18-10	2265-2273	examples	_	_	
18-11	2274-2278	from	_	_	
18-12	2279-2290	exceptional	_	_	
18-13	2291-2299	vintages	_	_	
18-14	2300-2308	properly	_	_	
18-15	2309-2313	kept	_	_	
18-16	2314-2320	having	_	_	
18-17	2321-2324	the	_	_	
18-18	2325-2334	potential	_	_	
18-19	2335-2337	to	_	_	
18-20	2338-2341	age	_	_	
18-21	2342-2346	well	_	_	
18-22	2347-2351	even	_	_	
18-23	2352-2358	beyond	_	_	
18-24	2359-2362	100	_	_	
18-25	2363-2368	years	_	_	
18-26	2368-2369	.	_	_	
18-27	2369-2370	[	_	_	
18-28	2370-2371	7	_	_	
18-29	2371-2372	]	_	_	
18-30	2373-2382	Sauternes	_	_	
18-31	2383-2392	typically	_	_	
18-32	2393-2399	starts	_	_	
18-33	2400-2403	out	_	_	
18-34	2404-2408	with	_	_	
18-35	2409-2410	a	_	_	
18-36	2411-2417	golden	_	_	
18-37	2417-2418	,	_	_	
18-38	2419-2425	yellow	_	_	
18-39	2426-2431	color	_	_	
18-40	2432-2436	that	_	_	
18-41	2437-2444	becomes	_	_	
18-42	2445-2458	progressively	_	_	
18-43	2459-2465	darker	_	_	
18-44	2466-2468	as	_	_	
18-45	2469-2471	it	_	_	
18-46	2472-2476	ages	_	_	
18-47	2476-2477	.	_	_	

#Text=Some wine experts, like Ed McCarthy and Master of Wine Mary Ewing-Mulligan, believe that only once the wine reaches the color of an old copper coin has it started to develop its more complex and mature flavors.[1]
#Text=
#Text=Several Sauternes are sold in half bottles of 375 ml, though larger bottles are also produced.
19-1	2478-2482	Some	_	_	
19-2	2483-2487	wine	_	_	
19-3	2488-2495	experts	_	_	
19-4	2495-2496	,	_	_	
19-5	2497-2501	like	_	_	
19-6	2502-2504	Ed	_	_	
19-7	2505-2513	McCarthy	_	_	
19-8	2514-2517	and	_	_	
19-9	2518-2524	Master	_	_	
19-10	2525-2527	of	_	_	
19-11	2528-2532	Wine	_	_	
19-12	2533-2537	Mary	_	_	
19-13	2538-2552	Ewing-Mulligan	_	_	
19-14	2552-2553	,	_	_	
19-15	2554-2561	believe	_	_	
19-16	2562-2566	that	_	_	
19-17	2567-2571	only	_	_	
19-18	2572-2576	once	_	_	
19-19	2577-2580	the	_	_	
19-20	2581-2585	wine	_	_	
19-21	2586-2593	reaches	_	_	
19-22	2594-2597	the	_	_	
19-23	2598-2603	color	_	_	
19-24	2604-2606	of	_	_	
19-25	2607-2609	an	_	_	
19-26	2610-2613	old	_	_	
19-27	2614-2620	copper	_	_	
19-28	2621-2625	coin	_	_	
19-29	2626-2629	has	_	_	
19-30	2630-2632	it	_	_	
19-31	2633-2640	started	_	_	
19-32	2641-2643	to	_	_	
19-33	2644-2651	develop	_	_	
19-34	2652-2655	its	_	_	
19-35	2656-2660	more	_	_	
19-36	2661-2668	complex	_	_	
19-37	2669-2672	and	_	_	
19-38	2673-2679	mature	_	_	
19-39	2680-2687	flavors	_	_	
19-40	2687-2688	.	_	_	
19-41	2688-2689	[	_	_	
19-42	2689-2690	1	_	_	
19-43	2690-2691	]	_	_	
19-44	2693-2700	Several	_	_	
19-45	2701-2710	Sauternes	_	_	
19-46	2711-2714	are	_	_	
19-47	2715-2719	sold	_	_	
19-48	2720-2722	in	_	_	
19-49	2723-2727	half	_	_	
19-50	2728-2735	bottles	_	_	
19-51	2736-2738	of	_	_	
19-52	2739-2742	375	_	_	
19-53	2743-2745	ml	_	_	
19-54	2745-2746	,	_	_	
19-55	2747-2753	though	_	_	
19-56	2754-2760	larger	_	_	
19-57	2761-2768	bottles	_	_	
19-58	2769-2772	are	_	_	
19-59	2773-2777	also	_	_	
19-60	2778-2786	produced	_	_	
19-61	2786-2787	.	_	_	

#Text=The wines are typically served chilled at 52–53°F (11°C) though wines older than 15 years are often served a few degrees warmer.
20-1	2788-2791	The	_	_	
20-2	2792-2797	wines	_	_	
20-3	2798-2801	are	_	_	
20-4	2802-2811	typically	_	_	
20-5	2812-2818	served	_	_	
20-6	2819-2826	chilled	_	_	
20-7	2827-2829	at	_	_	
20-8	2830-2832	52	_	_	
20-9	2832-2833	–	_	_	
20-10	2833-2835	53	_	_	
20-11	2835-2836	°	_	_	
20-12	2836-2837	F	_	_	
20-13	2838-2839	(	_	_	
20-14	2839-2841	11	_	_	
20-15	2841-2842	°	_	_	
20-16	2842-2843	C	_	_	
20-17	2843-2844	)	_	_	
20-18	2845-2851	though	_	_	
20-19	2852-2857	wines	_	_	
20-20	2858-2863	older	_	_	
20-21	2864-2868	than	_	_	
20-22	2869-2871	15	_	_	
20-23	2872-2877	years	_	_	
20-24	2878-2881	are	_	_	
20-25	2882-2887	often	_	_	
20-26	2888-2894	served	_	_	
20-27	2895-2896	a	_	_	
20-28	2897-2900	few	_	_	
20-29	2901-2908	degrees	_	_	
20-30	2909-2915	warmer	_	_	
20-31	2915-2916	.	_	_	

#Text=Sauternes can be paired with a variety of foods.
21-1	2917-2926	Sauternes	_	_	
21-2	2927-2930	can	_	_	
21-3	2931-2933	be	_	_	
21-4	2934-2940	paired	_	_	
21-5	2941-2945	with	_	_	
21-6	2946-2947	a	_	_	
21-7	2948-2955	variety	_	_	
21-8	2956-2958	of	_	_	
21-9	2959-2964	foods	_	_	
21-10	2964-2965	.	_	_	

#Text=Foie gras is a classic match.[1]
22-1	2966-2970	Foie	_	_	
22-2	2971-2975	gras	_	_	
22-3	2976-2978	is	_	_	
22-4	2979-2980	a	_	_	
22-5	2981-2988	classic	_	_	
22-6	2989-2994	match	_	_	
22-7	2994-2995	.	_	_	
22-8	2995-2996	[	_	_	
22-9	2996-2997	1	_	_	
22-10	2997-2998	]	_	_	
