#FORMAT=WebAnno TSV 3.2
#T_SP=de.tudarmstadt.ukp.dkpro.core.api.lexmorph.type.pos.POS|PosValue|coarseValue


#Text=Avram Noam Chomsky (born December 7, 1928) is an American linguist, philosopher, cognitive scientist, historian, social critic and political activist.
1-1	0-5	Avram	_	_	
1-2	6-10	Noam	_	_	
1-3	11-18	Chomsky	_	_	
1-4	19-20	(	_	_	
1-5	20-24	born	_	_	
1-6	25-33	December	_	_	
1-7	34-35	7	_	_	
1-8	35-36	,	_	_	
1-9	37-41	1928	_	_	
1-10	41-42	)	_	_	
1-11	43-45	is	_	_	
1-12	46-48	an	_	_	
1-13	49-57	American	_	_	
1-14	58-66	linguist	_	_	
1-15	66-67	,	_	_	
1-16	68-79	philosopher	_	_	
1-17	79-80	,	_	_	
1-18	81-90	cognitive	_	_	
1-19	91-100	scientist	_	_	
1-20	100-101	,	_	_	
1-21	102-111	historian	_	_	
1-22	111-112	,	_	_	
1-23	113-119	social	_	_	
1-24	120-126	critic	NN	*	
1-25	127-130	and	_	_	
1-26	131-140	political	JJ	*	
1-27	141-149	activist	_	_	
1-28	149-150	.	_	_	

#Text=Sometimes described as "the father of modern linguistics", Chomsky is also a major figure in analytic philosophy and one of the founders of the field of cognitive science.
2-1	151-160	Sometimes	_	_	
2-2	161-170	described	_	_	
2-3	171-173	as	_	_	
2-4	174-175	"	_	_	
2-5	175-178	the	_	_	
2-6	179-185	father	_	_	
2-7	186-188	of	_	_	
2-8	189-195	modern	_	_	
2-9	196-207	linguistics	_	_	
2-10	207-208	"	_	_	
2-11	208-209	,	_	_	
2-12	210-217	Chomsky	_	_	
2-13	218-220	is	_	_	
2-14	221-225	also	_	_	
2-15	226-227	a	_	_	
2-16	228-233	major	_	_	
2-17	234-240	figure	_	_	
2-18	241-243	in	_	_	
2-19	244-252	analytic	_	_	
2-20	253-263	philosophy	_	_	
2-21	264-267	and	_	_	
2-22	268-271	one	_	_	
2-23	272-274	of	_	_	
2-24	275-278	the	_	_	
2-25	279-287	founders	_	_	
2-26	288-290	of	_	_	
2-27	291-294	the	_	_	
2-28	295-300	field	_	_	
2-29	301-303	of	_	_	
2-30	304-313	cognitive	_	_	
2-31	314-321	science	_	_	
2-32	321-322	.	_	_	

#Text=He holds a joint appointment as Institute Professor Emeritus at the Massachusetts Institute of Technology (MIT) and laureate professor at the University of Arizona,[22][23] and is the author of over 100 books on topics such as linguistics, war, politics, and mass media.
3-1	323-325	He	_	_	
3-2	326-331	holds	_	_	
3-3	332-333	a	_	_	
3-4	334-339	joint	_	_	
3-5	340-351	appointment	_	_	
3-6	352-354	as	_	_	
3-7	355-364	Institute	_	_	
3-8	365-374	Professor	_	_	
3-9	375-383	Emeritus	_	_	
3-10	384-386	at	_	_	
3-11	387-390	the	_	_	
3-12	391-404	Massachusetts	_	_	
3-13	405-414	Institute	_	_	
3-14	415-417	of	_	_	
3-15	418-428	Technology	_	_	
3-16	429-430	(	_	_	
3-17	430-433	MIT	_	_	
3-18	433-434	)	_	_	
3-19	435-438	and	_	_	
3-20	439-447	laureate	_	_	
3-21	448-457	professor	_	_	
3-22	458-460	at	_	_	
3-23	461-464	the	_	_	
3-24	465-475	University	_	_	
3-25	476-478	of	_	_	
3-26	479-486	Arizona	_	_	
3-27	486-487	,	_	_	
3-28	487-488	[	_	_	
3-29	488-490	22	_	_	
3-30	490-491	]	_	_	
3-31	491-492	[	_	_	
3-32	492-494	23	_	_	
3-33	494-495	]	_	_	
3-34	496-499	and	_	_	
3-35	500-502	is	_	_	
3-36	503-506	the	_	_	
3-37	507-513	author	_	_	
3-38	514-516	of	_	_	
3-39	517-521	over	_	_	
3-40	522-525	100	_	_	
3-41	526-531	books	_	_	
3-42	532-534	on	_	_	
3-43	535-541	topics	_	_	
3-44	542-546	such	_	_	
3-45	547-549	as	_	_	
3-46	550-561	linguistics	_	_	
3-47	561-562	,	_	_	
3-48	563-566	war	_	_	
3-49	566-567	,	_	_	
3-50	568-576	politics	_	_	
3-51	576-577	,	_	_	
3-52	578-581	and	_	_	
3-53	582-586	mass	_	_	
3-54	587-592	media	_	_	
3-55	592-593	.	_	_	

#Text=Ideologically, he aligns with anarcho-syndicalism and libertarian socialism.
4-1	594-607	Ideologically	_	_	
4-2	607-608	,	_	_	
4-3	609-611	he	_	_	
4-4	612-618	aligns	_	_	
4-5	619-623	with	_	_	
4-6	624-643	anarcho-syndicalism	_	_	
4-7	644-647	and	_	_	
4-8	648-659	libertarian	_	_	
4-9	660-669	socialism	_	_	
4-10	669-670	.	_	_	

#Text=Born to middle-class Ashkenazi Jewish immigrants in Philadelphia, Chomsky developed an early interest in anarchism from alternative bookstores in New York City.
5-1	672-676	Born	_	_	
5-2	677-679	to	_	_	
5-3	680-692	middle-class	_	_	
5-4	693-702	Ashkenazi	_	_	
5-5	703-709	Jewish	_	_	
5-6	710-720	immigrants	_	_	
5-7	721-723	in	_	_	
5-8	724-736	Philadelphia	_	_	
5-9	736-737	,	_	_	
5-10	738-745	Chomsky	_	_	
5-11	746-755	developed	_	_	
5-12	756-758	an	_	_	
5-13	759-764	early	_	_	
5-14	765-773	interest	_	_	
5-15	774-776	in	_	_	
5-16	777-786	anarchism	_	_	
5-17	787-791	from	_	_	
5-18	792-803	alternative	_	_	
5-19	804-814	bookstores	_	_	
5-20	815-817	in	_	_	
5-21	818-821	New	_	_	
5-22	822-826	York	_	_	
5-23	827-831	City	_	_	
5-24	831-832	.	_	_	

#Text=He began studying at the University of Pennsylvania at age 16, taking courses in linguistics, mathematics, and philosophy.
6-1	833-835	He	_	_	
6-2	836-841	began	_	_	
6-3	842-850	studying	_	_	
6-4	851-853	at	_	_	
6-5	854-857	the	_	_	
6-6	858-868	University	_	_	
6-7	869-871	of	_	_	
6-8	872-884	Pennsylvania	_	_	
6-9	885-887	at	_	_	
6-10	888-891	age	_	_	
6-11	892-894	16	_	_	
6-12	894-895	,	_	_	
6-13	896-902	taking	_	_	
6-14	903-910	courses	_	_	
6-15	911-913	in	_	_	
6-16	914-925	linguistics	_	_	
6-17	925-926	,	_	_	
6-18	927-938	mathematics	_	_	
6-19	938-939	,	_	_	
6-20	940-943	and	_	_	
6-21	944-954	philosophy	_	_	
6-22	954-955	.	_	_	

#Text=From 1951 to 1955, he was appointed to Harvard University's Society of Fellows.
7-1	956-960	From	_	_	
7-2	961-965	1951	_	_	
7-3	966-968	to	_	_	
7-4	969-973	1955	_	_	
7-5	973-974	,	_	_	
7-6	975-977	he	_	_	
7-7	978-981	was	_	_	
7-8	982-991	appointed	_	_	
7-9	992-994	to	_	_	
7-10	995-1002	Harvard	_	_	
7-11	1003-1015	University's	_	_	
7-12	1016-1023	Society	_	_	
7-13	1024-1026	of	_	_	
7-14	1027-1034	Fellows	_	_	
7-15	1034-1035	.	_	_	

#Text=While at Harvard, he developed the theory of transformational grammar; for this, he was awarded his doctorate in 1955.
8-1	1036-1041	While	_	_	
8-2	1042-1044	at	_	_	
8-3	1045-1052	Harvard	_	_	
8-4	1052-1053	,	_	_	
8-5	1054-1056	he	_	_	
8-6	1057-1066	developed	_	_	
8-7	1067-1070	the	_	_	
8-8	1071-1077	theory	_	_	
8-9	1078-1080	of	_	_	
8-10	1081-1097	transformational	_	_	
8-11	1098-1105	grammar	_	_	
8-12	1105-1106	;	_	_	
8-13	1107-1110	for	_	_	
8-14	1111-1115	this	_	_	
8-15	1115-1116	,	_	_	
8-16	1117-1119	he	_	_	
8-17	1120-1123	was	_	_	
8-18	1124-1131	awarded	_	_	
8-19	1132-1135	his	_	_	
8-20	1136-1145	doctorate	_	_	
8-21	1146-1148	in	_	_	
8-22	1149-1153	1955	_	_	
8-23	1153-1154	.	_	_	

#Text=Chomsky began teaching at MIT in 1957 and emerged as a significant figure in the field of linguistics for his landmark work Syntactic Structures, which remodeled the scientific study of language.
9-1	1155-1162	Chomsky	_	_	
9-2	1163-1168	began	_	_	
9-3	1169-1177	teaching	_	_	
9-4	1178-1180	at	_	_	
9-5	1181-1184	MIT	_	_	
9-6	1185-1187	in	_	_	
9-7	1188-1192	1957	_	_	
9-8	1193-1196	and	_	_	
9-9	1197-1204	emerged	_	_	
9-10	1205-1207	as	_	_	
9-11	1208-1209	a	_	_	
9-12	1210-1221	significant	_	_	
9-13	1222-1228	figure	_	_	
9-14	1229-1231	in	_	_	
9-15	1232-1235	the	_	_	
9-16	1236-1241	field	_	_	
9-17	1242-1244	of	_	_	
9-18	1245-1256	linguistics	_	_	
9-19	1257-1260	for	_	_	
9-20	1261-1264	his	_	_	
9-21	1265-1273	landmark	_	_	
9-22	1274-1278	work	_	_	
9-23	1279-1288	Syntactic	_	_	
9-24	1289-1299	Structures	_	_	
9-25	1299-1300	,	_	_	
9-26	1301-1306	which	_	_	
9-27	1307-1316	remodeled	_	_	
9-28	1317-1320	the	_	_	
9-29	1321-1331	scientific	_	_	
9-30	1332-1337	study	_	_	
9-31	1338-1340	of	_	_	
9-32	1341-1349	language	_	_	
9-33	1349-1350	.	_	_	

#Text=From 1958 to 1959, he was a National Science Foundation fellow at the Institute for Advanced Study.
10-1	1351-1355	From	_	_	
10-2	1356-1360	1958	_	_	
10-3	1361-1363	to	_	_	
10-4	1364-1368	1959	_	_	
10-5	1368-1369	,	_	_	
10-6	1370-1372	he	_	_	
10-7	1373-1376	was	_	_	
10-8	1377-1378	a	_	_	
10-9	1379-1387	National	_	_	
10-10	1388-1395	Science	_	_	
10-11	1396-1406	Foundation	_	_	
10-12	1407-1413	fellow	_	_	
10-13	1414-1416	at	_	_	
10-14	1417-1420	the	_	_	
10-15	1421-1430	Institute	_	_	
10-16	1431-1434	for	_	_	
10-17	1435-1443	Advanced	_	_	
10-18	1444-1449	Study	_	_	
10-19	1449-1450	.	_	_	

#Text=Chomsky is credited as the creator or co-creator of the universal grammar theory, the generative grammar theory, the Chomsky hierarchy, and the minimalist program.
11-1	1451-1458	Chomsky	_	_	
11-2	1459-1461	is	_	_	
11-3	1462-1470	credited	_	_	
11-4	1471-1473	as	_	_	
11-5	1474-1477	the	_	_	
11-6	1478-1485	creator	_	_	
11-7	1486-1488	or	_	_	
11-8	1489-1499	co-creator	_	_	
11-9	1500-1502	of	_	_	
11-10	1503-1506	the	_	_	
11-11	1507-1516	universal	_	_	
11-12	1517-1524	grammar	_	_	
11-13	1525-1531	theory	_	_	
11-14	1531-1532	,	_	_	
11-15	1533-1536	the	_	_	
11-16	1537-1547	generative	_	_	
11-17	1548-1555	grammar	_	_	
11-18	1556-1562	theory	_	_	
11-19	1562-1563	,	_	_	
11-20	1564-1567	the	_	_	
11-21	1568-1575	Chomsky	_	_	
11-22	1576-1585	hierarchy	_	_	
11-23	1585-1586	,	_	_	
11-24	1587-1590	and	_	_	
11-25	1591-1594	the	_	_	
11-26	1595-1605	minimalist	_	_	
11-27	1606-1613	program	_	_	
11-28	1613-1614	.	_	_	

#Text=Chomsky also played a pivotal role in the decline of behaviorism, being particularly critical of the work of B.
12-1	1615-1622	Chomsky	_	_	
12-2	1623-1627	also	_	_	
12-3	1628-1634	played	_	_	
12-4	1635-1636	a	_	_	
12-5	1637-1644	pivotal	_	_	
12-6	1645-1649	role	_	_	
12-7	1650-1652	in	_	_	
12-8	1653-1656	the	_	_	
12-9	1657-1664	decline	_	_	
12-10	1665-1667	of	_	_	
12-11	1668-1679	behaviorism	_	_	
12-12	1679-1680	,	_	_	
12-13	1681-1686	being	_	_	
12-14	1687-1699	particularly	_	_	
12-15	1700-1708	critical	_	_	
12-16	1709-1711	of	_	_	
12-17	1712-1715	the	_	_	
12-18	1716-1720	work	_	_	
12-19	1721-1723	of	_	_	
12-20	1724-1725	B	_	_	
12-21	1725-1726	.	_	_	

#Text=F.
13-1	1727-1728	F	_	_	
13-2	1728-1729	.	_	_	

#Text=Skinner.
14-1	1730-1737	Skinner	_	_	
14-2	1737-1738	.	_	_	

#Text=Chomsky vocally opposed U.S. involvement in the Vietnam War, believing the war to be an act of American imperialism.
15-1	1740-1747	Chomsky	_	_	
15-2	1748-1755	vocally	_	_	
15-3	1756-1763	opposed	_	_	
15-4	1764-1767	U.S	_	_	
15-5	1767-1768	.	_	_	
15-6	1769-1780	involvement	_	_	
15-7	1781-1783	in	_	_	
15-8	1784-1787	the	_	_	
15-9	1788-1795	Vietnam	_	_	
15-10	1796-1799	War	_	_	
15-11	1799-1800	,	_	_	
15-12	1801-1810	believing	_	_	
15-13	1811-1814	the	_	_	
15-14	1815-1818	war	_	_	
15-15	1819-1821	to	_	_	
15-16	1822-1824	be	_	_	
15-17	1825-1827	an	_	_	
15-18	1828-1831	act	_	_	
15-19	1832-1834	of	_	_	
15-20	1835-1843	American	_	_	
15-21	1844-1855	imperialism	_	_	
15-22	1855-1856	.	_	_	

#Text=In 1967, Chomsky attracted widespread public attention for his anti-war essay entitled "The Responsibility of Intellectuals".
16-1	1857-1859	In	_	_	
16-2	1860-1864	1967	_	_	
16-3	1864-1865	,	_	_	
16-4	1866-1873	Chomsky	_	_	
16-5	1874-1883	attracted	_	_	
16-6	1884-1894	widespread	_	_	
16-7	1895-1901	public	_	_	
16-8	1902-1911	attention	_	_	
16-9	1912-1915	for	_	_	
16-10	1916-1919	his	_	_	
16-11	1920-1928	anti-war	_	_	
16-12	1929-1934	essay	_	_	
16-13	1935-1943	entitled	_	_	
16-14	1944-1945	"	_	_	
16-15	1945-1948	The	_	_	
16-16	1949-1963	Responsibility	_	_	
16-17	1964-1966	of	_	_	
16-18	1967-1980	Intellectuals	_	_	
16-19	1980-1981	"	_	_	
16-20	1981-1982	.	_	_	

#Text=Associated with the New Left, he was arrested multiple times for his activism and was placed on Nixon's Enemies List.
17-1	1983-1993	Associated	_	_	
17-2	1994-1998	with	_	_	
17-3	1999-2002	the	_	_	
17-4	2003-2006	New	_	_	
17-5	2007-2011	Left	_	_	
17-6	2011-2012	,	_	_	
17-7	2013-2015	he	_	_	
17-8	2016-2019	was	_	_	
17-9	2020-2028	arrested	_	_	
17-10	2029-2037	multiple	_	_	
17-11	2038-2043	times	_	_	
17-12	2044-2047	for	_	_	
17-13	2048-2051	his	_	_	
17-14	2052-2060	activism	_	_	
17-15	2061-2064	and	_	_	
17-16	2065-2068	was	_	_	
17-17	2069-2075	placed	_	_	
17-18	2076-2078	on	_	_	
17-19	2079-2086	Nixon's	_	_	
17-20	2087-2094	Enemies	_	_	
17-21	2095-2099	List	_	_	
17-22	2099-2100	.	_	_	

#Text=While expanding his work in linguistics over subsequent decades, he also became involved in the Linguistics Wars.
18-1	2101-2106	While	_	_	
18-2	2107-2116	expanding	_	_	
18-3	2117-2120	his	_	_	
18-4	2121-2125	work	_	_	
18-5	2126-2128	in	_	_	
18-6	2129-2140	linguistics	_	_	
18-7	2141-2145	over	_	_	
18-8	2146-2156	subsequent	_	_	
18-9	2157-2164	decades	_	_	
18-10	2164-2165	,	_	_	
18-11	2166-2168	he	_	_	
18-12	2169-2173	also	_	_	
18-13	2174-2180	became	_	_	
18-14	2181-2189	involved	_	_	
18-15	2190-2192	in	_	_	
18-16	2193-2196	the	_	_	
18-17	2197-2208	Linguistics	_	_	
18-18	2209-2213	Wars	_	_	
18-19	2213-2214	.	_	_	

#Text=In collaboration with Edward S.
19-1	2215-2217	In	_	_	
19-2	2218-2231	collaboration	_	_	
19-3	2232-2236	with	_	_	
19-4	2237-2243	Edward	_	_	
19-5	2244-2245	S	_	_	
19-6	2245-2246	.	_	_	

#Text=Herman, Chomsky later co-wrote an analysis, which articulated the propaganda model of media criticism, and worked to expose the Indonesian occupation of East Timor.
20-1	2247-2253	Herman	_	_	
20-2	2253-2254	,	_	_	
20-3	2255-2262	Chomsky	_	_	
20-4	2263-2268	later	_	_	
20-5	2269-2277	co-wrote	_	_	
20-6	2278-2280	an	_	_	
20-7	2281-2289	analysis	_	_	
20-8	2289-2290	,	_	_	
20-9	2291-2296	which	_	_	
20-10	2297-2308	articulated	_	_	
20-11	2309-2312	the	_	_	
20-12	2313-2323	propaganda	_	_	
20-13	2324-2329	model	_	_	
20-14	2330-2332	of	_	_	
20-15	2333-2338	media	_	_	
20-16	2339-2348	criticism	_	_	
20-17	2348-2349	,	_	_	
20-18	2350-2353	and	_	_	
20-19	2354-2360	worked	_	_	
20-20	2361-2363	to	_	_	
20-21	2364-2370	expose	_	_	
20-22	2371-2374	the	_	_	
20-23	2375-2385	Indonesian	_	_	
20-24	2386-2396	occupation	_	_	
20-25	2397-2399	of	_	_	
20-26	2400-2404	East	_	_	
20-27	2405-2410	Timor	_	_	
20-28	2410-2411	.	_	_	

#Text=Additionally, his defense of unconditional freedom of speech—including free speech for Holocaust deniers—generated significant controversy in the Faurisson affair of the early 1980s.
21-1	2412-2424	Additionally	_	_	
21-2	2424-2425	,	_	_	
21-3	2426-2429	his	_	_	
21-4	2430-2437	defense	_	_	
21-5	2438-2440	of	_	_	
21-6	2441-2454	unconditional	_	_	
21-7	2455-2462	freedom	_	_	
21-8	2463-2465	of	_	_	
21-9	2466-2482	speech—including	_	_	
21-10	2483-2487	free	_	_	
21-11	2488-2494	speech	_	_	
21-12	2495-2498	for	_	_	
21-13	2499-2508	Holocaust	_	_	
21-14	2509-2526	deniers—generated	_	_	
21-15	2527-2538	significant	_	_	
21-16	2539-2550	controversy	_	_	
21-17	2551-2553	in	_	_	
21-18	2554-2557	the	_	_	
21-19	2558-2567	Faurisson	_	_	
21-20	2568-2574	affair	_	_	
21-21	2575-2577	of	_	_	
21-22	2578-2581	the	_	_	
21-23	2582-2587	early	_	_	
21-24	2588-2593	1980s	_	_	
21-25	2593-2594	.	_	_	

#Text=Following his retirement from active teaching, Chomsky has continued his vocal political activism by opposing the War on Terror and supporting the Occupy Movement.
22-1	2595-2604	Following	_	_	
22-2	2605-2608	his	_	_	
22-3	2609-2619	retirement	_	_	
22-4	2620-2624	from	_	_	
22-5	2625-2631	active	_	_	
22-6	2632-2640	teaching	_	_	
22-7	2640-2641	,	_	_	
22-8	2642-2649	Chomsky	_	_	
22-9	2650-2653	has	_	_	
22-10	2654-2663	continued	_	_	
22-11	2664-2667	his	_	_	
22-12	2668-2673	vocal	_	_	
22-13	2674-2683	political	_	_	
22-14	2684-2692	activism	_	_	
22-15	2693-2695	by	_	_	
22-16	2696-2704	opposing	_	_	
22-17	2705-2708	the	_	_	
22-18	2709-2712	War	_	_	
22-19	2713-2715	on	_	_	
22-20	2716-2722	Terror	_	_	
22-21	2723-2726	and	_	_	
22-22	2727-2737	supporting	_	_	
22-23	2738-2741	the	_	_	
22-24	2742-2748	Occupy	_	_	
22-25	2749-2757	Movement	_	_	
22-26	2757-2758	.	_	_	

#Text=One of the most cited scholars in history, Chomsky has influenced a broad array of academic fields.
23-1	2760-2763	One	_	_	
23-2	2764-2766	of	_	_	
23-3	2767-2770	the	_	_	
23-4	2771-2775	most	_	_	
23-5	2776-2781	cited	_	_	
23-6	2782-2790	scholars	_	_	
23-7	2791-2793	in	_	_	
23-8	2794-2801	history	_	_	
23-9	2801-2802	,	_	_	
23-10	2803-2810	Chomsky	_	_	
23-11	2811-2814	has	_	_	
23-12	2815-2825	influenced	_	_	
23-13	2826-2827	a	_	_	
23-14	2828-2833	broad	_	_	
23-15	2834-2839	array	_	_	
23-16	2840-2842	of	_	_	
23-17	2843-2851	academic	_	_	
23-18	2852-2858	fields	_	_	
23-19	2858-2859	.	_	_	

#Text=He is widely recognized as a paradigm shifter who helped spark a major revolution in the human sciences, contributing to the development of a new cognitivistic framework for the study of language and the mind.
24-1	2860-2862	He	_	_	
24-2	2863-2865	is	_	_	
24-3	2866-2872	widely	_	_	
24-4	2873-2883	recognized	_	_	
24-5	2884-2886	as	_	_	
24-6	2887-2888	a	_	_	
24-7	2889-2897	paradigm	_	_	
24-8	2898-2905	shifter	_	_	
24-9	2906-2909	who	_	_	
24-10	2910-2916	helped	_	_	
24-11	2917-2922	spark	_	_	
24-12	2923-2924	a	_	_	
24-13	2925-2930	major	_	_	
24-14	2931-2941	revolution	_	_	
24-15	2942-2944	in	_	_	
24-16	2945-2948	the	_	_	
24-17	2949-2954	human	_	_	
24-18	2955-2963	sciences	_	_	
24-19	2963-2964	,	_	_	
24-20	2965-2977	contributing	_	_	
24-21	2978-2980	to	_	_	
24-22	2981-2984	the	_	_	
24-23	2985-2996	development	_	_	
24-24	2997-2999	of	_	_	
24-25	3000-3001	a	_	_	
24-26	3002-3005	new	_	_	
24-27	3006-3019	cognitivistic	_	_	
24-28	3020-3029	framework	_	_	
24-29	3030-3033	for	_	_	
24-30	3034-3037	the	_	_	
24-31	3038-3043	study	_	_	
24-32	3044-3046	of	_	_	
24-33	3047-3055	language	_	_	
24-34	3056-3059	and	_	_	
24-35	3060-3063	the	_	_	
24-36	3064-3068	mind	_	_	
24-37	3068-3069	.	_	_	

#Text=In addition to his continued scholarly research, he remains a leading critic of U.S. foreign policy, neoliberalism and contemporary state capitalism, the Israeli–Palestinian conflict, and mainstream news media.
25-1	3070-3072	In	_	_	
25-2	3073-3081	addition	_	_	
25-3	3082-3084	to	_	_	
25-4	3085-3088	his	_	_	
25-5	3089-3098	continued	_	_	
25-6	3099-3108	scholarly	_	_	
25-7	3109-3117	research	_	_	
25-8	3117-3118	,	_	_	
25-9	3119-3121	he	_	_	
25-10	3122-3129	remains	_	_	
25-11	3130-3131	a	_	_	
25-12	3132-3139	leading	_	_	
25-13	3140-3146	critic	_	_	
25-14	3147-3149	of	_	_	
25-15	3150-3153	U.S	_	_	
25-16	3153-3154	.	_	_	
25-17	3155-3162	foreign	_	_	
25-18	3163-3169	policy	_	_	
25-19	3169-3170	,	_	_	
25-20	3171-3184	neoliberalism	_	_	
25-21	3185-3188	and	_	_	
25-22	3189-3201	contemporary	_	_	
25-23	3202-3207	state	_	_	
25-24	3208-3218	capitalism	_	_	
25-25	3218-3219	,	_	_	
25-26	3220-3223	the	_	_	
25-27	3224-3243	Israeli–Palestinian	_	_	
25-28	3244-3252	conflict	_	_	
25-29	3252-3253	,	_	_	
25-30	3254-3257	and	_	_	
25-31	3258-3268	mainstream	_	_	
25-32	3269-3273	news	_	_	
25-33	3274-3279	media	_	_	
25-34	3279-3280	.	_	_	

#Text=His ideas have proved highly significant within the anti-capitalist and anti-imperialist movements.
26-1	3281-3284	His	_	_	
26-2	3285-3290	ideas	_	_	
26-3	3291-3295	have	_	_	
26-4	3296-3302	proved	_	_	
26-5	3303-3309	highly	_	_	
26-6	3310-3321	significant	_	_	
26-7	3322-3328	within	_	_	
26-8	3329-3332	the	_	_	
26-9	3333-3348	anti-capitalist	_	_	
26-10	3349-3352	and	_	_	
26-11	3353-3369	anti-imperialist	_	_	
26-12	3370-3379	movements	_	_	
26-13	3379-3380	.	_	_	

#Text=Some of his critics have accused him of anti-Americanism.
27-1	3381-3385	Some	_	_	
27-2	3386-3388	of	_	_	
27-3	3389-3392	his	_	_	
27-4	3393-3400	critics	_	_	
27-5	3401-3405	have	_	_	
27-6	3406-3413	accused	_	_	
27-7	3414-3417	him	_	_	
27-8	3418-3420	of	_	_	
27-9	3421-3437	anti-Americanism	_	_	
27-10	3437-3438	.	_	_	
