#FORMAT=WebAnno TSV 3.2


#Text=Barack Hussein Obama II born August 4, 1961) is an American politician who served as the 44th President of the United States from 2009 to 2017.
1-1	0-6	Barack	
1-2	7-14	Hussein	
1-3	15-20	Obama	
1-4	21-23	II	
1-5	24-28	born	
1-6	29-35	August	
1-7	36-37	4	
1-8	37-38	,	
1-9	39-43	1961	
1-10	43-44	)	
1-11	45-47	is	
1-12	48-50	an	
1-13	51-59	American	
1-14	60-70	politician	
1-15	71-74	who	
1-16	75-81	served	
1-17	82-84	as	
1-18	85-88	the	
1-19	89-93	44th	
1-20	94-103	President	
1-21	104-106	of	
1-22	107-110	the	
1-23	111-117	United	
1-24	118-124	States	
1-25	125-129	from	
1-26	130-134	2009	
1-27	135-137	to	
1-28	138-142	2017	
1-29	142-143	.	

#Text=The first African American to assume the presidency, he was previously the junior United States Senator from Illinois from 2005 to 2008.
2-1	144-147	The	
2-2	148-153	first	
2-3	154-161	African	
2-4	162-170	American	
2-5	171-173	to	
2-6	174-180	assume	
2-7	181-184	the	
2-8	185-195	presidency	
2-9	195-196	,	
2-10	197-199	he	
2-11	200-203	was	
2-12	204-214	previously	
2-13	215-218	the	
2-14	219-225	junior	
2-15	226-232	United	
2-16	233-239	States	
2-17	240-247	Senator	
2-18	248-252	from	
2-19	253-261	Illinois	
2-20	262-266	from	
2-21	267-271	2005	
2-22	272-274	to	
2-23	275-279	2008	
2-24	279-280	.	

#Text=He served in the Illinois State Senate from 1997 until 2004.
3-1	281-283	He	
3-2	284-290	served	
3-3	291-293	in	
3-4	294-297	the	
3-5	298-306	Illinois	
3-6	307-312	State	
3-7	313-319	Senate	
3-8	320-324	from	
3-9	325-329	1997	
3-10	330-335	until	
3-11	336-340	2004	
3-12	340-341	.	

#Text=Obama was born in 1961 in Honolulu, Hawaii, two years after the territory was admitted to the Union as the 50th state.
4-1	343-348	Obama	
4-2	349-352	was	
4-3	353-357	born	
4-4	358-360	in	
4-5	361-365	1961	
4-6	366-368	in	
4-7	369-377	Honolulu	
4-8	377-378	,	
4-9	379-385	Hawaii	
4-10	385-386	,	
4-11	387-390	two	
4-12	391-396	years	
4-13	397-402	after	
4-14	403-406	the	
4-15	407-416	territory	
4-16	417-420	was	
4-17	421-429	admitted	
4-18	430-432	to	
4-19	433-436	the	
4-20	437-442	Union	
4-21	443-445	as	
4-22	446-449	the	
4-23	450-454	50th	
4-24	455-460	state	
4-25	460-461	.	

#Text=Raised largely in Hawaii, Obama also spent one year of his childhood in Washington State and four years in Indonesia.
5-1	462-468	Raised	
5-2	469-476	largely	
5-3	477-479	in	
5-4	480-486	Hawaii	
5-5	486-487	,	
5-6	488-493	Obama	
5-7	494-498	also	
5-8	499-504	spent	
5-9	505-508	one	
5-10	509-513	year	
5-11	514-516	of	
5-12	517-520	his	
5-13	521-530	childhood	
5-14	531-533	in	
5-15	534-544	Washington	
5-16	545-550	State	
5-17	551-554	and	
5-18	555-559	four	
5-19	560-565	years	
5-20	566-568	in	
5-21	569-578	Indonesia	
5-22	578-579	.	

#Text=After graduating from Columbia University in New York City in 1983, he worked as a community organizer in Chicago.
6-1	580-585	After	
6-2	586-596	graduating	
6-3	597-601	from	
6-4	602-610	Columbia	
6-5	611-621	University	
6-6	622-624	in	
6-7	625-628	New	
6-8	629-633	York	
6-9	634-638	City	
6-10	639-641	in	
6-11	642-646	1983	
6-12	646-647	,	
6-13	648-650	he	
6-14	651-657	worked	
6-15	658-660	as	
6-16	661-662	a	
6-17	663-672	community	
6-18	673-682	organizer	
6-19	683-685	in	
6-20	686-693	Chicago	
6-21	693-694	.	

#Text=In 1988 Obama enrolled in Harvard Law School, where he was the first black president of the Harvard Law Review.
7-1	695-697	In	
7-2	698-702	1988	
7-3	703-708	Obama	
7-4	709-717	enrolled	
7-5	718-720	in	
7-6	721-728	Harvard	
7-7	729-732	Law	
7-8	733-739	School	
7-9	739-740	,	
7-10	741-746	where	
7-11	747-749	he	
7-12	750-753	was	
7-13	754-757	the	
7-14	758-763	first	
7-15	764-769	black	
7-16	770-779	president	
7-17	780-782	of	
7-18	783-786	the	
7-19	787-794	Harvard	
7-20	795-798	Law	
7-21	799-805	Review	
7-22	805-806	.	

#Text=After graduation, he became a civil rights attorney and professor, and taught constitutional law at the University of Chicago Law School from 1992 to 2004.
8-1	807-812	After	
8-2	813-823	graduation	
8-3	823-824	,	
8-4	825-827	he	
8-5	828-834	became	
8-6	835-836	a	
8-7	837-842	civil	
8-8	843-849	rights	
8-9	850-858	attorney	
8-10	859-862	and	
8-11	863-872	professor	
8-12	872-873	,	
8-13	874-877	and	
8-14	878-884	taught	
8-15	885-899	constitutional	
8-16	900-903	law	
8-17	904-906	at	
8-18	907-910	the	
8-19	911-921	University	
8-20	922-924	of	
8-21	925-932	Chicago	
8-22	933-936	Law	
8-23	937-943	School	
8-24	944-948	from	
8-25	949-953	1992	
8-26	954-956	to	
8-27	957-961	2004	
8-28	961-962	.	

#Text=Obama represented the 13th District for three terms in the Illinois Senate from 1997 to 2004, when he ran for the U.S.
9-1	963-968	Obama	
9-2	969-980	represented	
9-3	981-984	the	
9-4	985-989	13th	
9-5	990-998	District	
9-6	999-1002	for	
9-7	1003-1008	three	
9-8	1009-1014	terms	
9-9	1015-1017	in	
9-10	1018-1021	the	
9-11	1022-1030	Illinois	
9-12	1031-1037	Senate	
9-13	1038-1042	from	
9-14	1043-1047	1997	
9-15	1048-1050	to	
9-16	1051-1055	2004	
9-17	1055-1056	,	
9-18	1057-1061	when	
9-19	1062-1064	he	
9-20	1065-1068	ran	
9-21	1069-1072	for	
9-22	1073-1076	the	
9-23	1077-1080	U.S	
9-24	1080-1081	.	

#Text=Senate.
10-1	1082-1088	Senate	
10-2	1088-1089	.	

#Text=Obama received national attention in 2004 with his unexpected March primary win, his well-received July Democratic National Convention keynote address, and his landslide November election to the Senate.
11-1	1090-1095	Obama	
11-2	1096-1104	received	
11-3	1105-1113	national	
11-4	1114-1123	attention	
11-5	1124-1126	in	
11-6	1127-1131	2004	
11-7	1132-1136	with	
11-8	1137-1140	his	
11-9	1141-1151	unexpected	
11-10	1152-1157	March	
11-11	1158-1165	primary	
11-12	1166-1169	win	
11-13	1169-1170	,	
11-14	1171-1174	his	
11-15	1175-1188	well-received	
11-16	1189-1193	July	
11-17	1194-1204	Democratic	
11-18	1205-1213	National	
11-19	1214-1224	Convention	
11-20	1225-1232	keynote	
11-21	1233-1240	address	
11-22	1240-1241	,	
11-23	1242-1245	and	
11-24	1246-1249	his	
11-25	1250-1259	landslide	
11-26	1260-1268	November	
11-27	1269-1277	election	
11-28	1278-1280	to	
11-29	1281-1284	the	
11-30	1285-1291	Senate	
11-31	1291-1292	.	

#Text=In 2008, Obama was nominated for president a year after his campaign began and after a close primary campaign against Hillary Clinton.
12-1	1293-1295	In	
12-2	1296-1300	2008	
12-3	1300-1301	,	
12-4	1302-1307	Obama	
12-5	1308-1311	was	
12-6	1312-1321	nominated	
12-7	1322-1325	for	
12-8	1326-1335	president	
12-9	1336-1337	a	
12-10	1338-1342	year	
12-11	1343-1348	after	
12-12	1349-1352	his	
12-13	1353-1361	campaign	
12-14	1362-1367	began	
12-15	1368-1371	and	
12-16	1372-1377	after	
12-17	1378-1379	a	
12-18	1380-1385	close	
12-19	1386-1393	primary	
12-20	1394-1402	campaign	
12-21	1403-1410	against	
12-22	1411-1418	Hillary	
12-23	1419-1426	Clinton	
12-24	1426-1427	.	

#Text=He was elected over Republican John McCain and was inaugurated on January 20, 2009.
13-1	1428-1430	He	
13-2	1431-1434	was	
13-3	1435-1442	elected	
13-4	1443-1447	over	
13-5	1448-1458	Republican	
13-6	1459-1463	John	
13-7	1464-1470	McCain	
13-8	1471-1474	and	
13-9	1475-1478	was	
13-10	1479-1490	inaugurated	
13-11	1491-1493	on	
13-12	1494-1501	January	
13-13	1502-1504	20	
13-14	1504-1505	,	
13-15	1506-1510	2009	
13-16	1510-1511	.	

#Text=Nine months later, Obama was named the 2009 Nobel Peace Prize laureate, accepting the award with the caveat that he felt there were others "far more deserving of this honor than I."
14-1	1512-1516	Nine	
14-2	1517-1523	months	
14-3	1524-1529	later	
14-4	1529-1530	,	
14-5	1531-1536	Obama	
14-6	1537-1540	was	
14-7	1541-1546	named	
14-8	1547-1550	the	
14-9	1551-1555	2009	
14-10	1556-1561	Nobel	
14-11	1562-1567	Peace	
14-12	1568-1573	Prize	
14-13	1574-1582	laureate	
14-14	1582-1583	,	
14-15	1584-1593	accepting	
14-16	1594-1597	the	
14-17	1598-1603	award	
14-18	1604-1608	with	
14-19	1609-1612	the	
14-20	1613-1619	caveat	
14-21	1620-1624	that	
14-22	1625-1627	he	
14-23	1628-1632	felt	
14-24	1633-1638	there	
14-25	1639-1643	were	
14-26	1644-1650	others	
14-27	1651-1652	"	
14-28	1652-1655	far	
14-29	1656-1660	more	
14-30	1661-1670	deserving	
14-31	1671-1673	of	
14-32	1674-1678	this	
14-33	1679-1684	honor	
14-34	1685-1689	than	
14-35	1690-1691	I	
14-36	1691-1692	.	
14-37	1692-1693	"	

#Text=During his first two years in office, Obama signed many landmark bills into law.
15-1	1695-1701	During	
15-2	1702-1705	his	
15-3	1706-1711	first	
15-4	1712-1715	two	
15-5	1716-1721	years	
15-6	1722-1724	in	
15-7	1725-1731	office	
15-8	1731-1732	,	
15-9	1733-1738	Obama	
15-10	1739-1745	signed	
15-11	1746-1750	many	
15-12	1751-1759	landmark	
15-13	1760-1765	bills	
15-14	1766-1770	into	
15-15	1771-1774	law	
15-16	1774-1775	.	

#Text=The main reforms were the Patient Protection and Affordable Care Act (often referred to as "Obamacare", shortened as the "Affordable Care Act"), the Dodd–Frank Wall Street Reform and Consumer Protection Act, and the Don't Ask, Don't Tell Repeal Act of 2010.
16-1	1776-1779	The	
16-2	1780-1784	main	
16-3	1785-1792	reforms	
16-4	1793-1797	were	
16-5	1798-1801	the	
16-6	1802-1809	Patient	
16-7	1810-1820	Protection	
16-8	1821-1824	and	
16-9	1825-1835	Affordable	
16-10	1836-1840	Care	
16-11	1841-1844	Act	
16-12	1845-1846	(	
16-13	1846-1851	often	
16-14	1852-1860	referred	
16-15	1861-1863	to	
16-16	1864-1866	as	
16-17	1867-1868	"	
16-18	1868-1877	Obamacare	
16-19	1877-1878	"	
16-20	1878-1879	,	
16-21	1880-1889	shortened	
16-22	1890-1892	as	
16-23	1893-1896	the	
16-24	1897-1898	"	
16-25	1898-1908	Affordable	
16-26	1909-1913	Care	
16-27	1914-1917	Act	
16-28	1917-1918	"	
16-29	1918-1919	)	
16-30	1919-1920	,	
16-31	1921-1924	the	
16-32	1925-1935	Dodd–Frank	
16-33	1936-1940	Wall	
16-34	1941-1947	Street	
16-35	1948-1954	Reform	
16-36	1955-1958	and	
16-37	1959-1967	Consumer	
16-38	1968-1978	Protection	
16-39	1979-1982	Act	
16-40	1982-1983	,	
16-41	1984-1987	and	
16-42	1988-1991	the	
16-43	1992-1997	Don't	
16-44	1998-2001	Ask	
16-45	2001-2002	,	
16-46	2003-2008	Don't	
16-47	2009-2013	Tell	
16-48	2014-2020	Repeal	
16-49	2021-2024	Act	
16-50	2025-2027	of	
16-51	2028-2032	2010	
16-52	2032-2033	.	

#Text=The American Recovery and Reinvestment Act of 2009 and Tax Relief, Unemployment Insurance Reauthorization, and Job Creation Act of 2010 served as economic stimulus amidst the Great Recession.
17-1	2034-2037	The	
17-2	2038-2046	American	
17-3	2047-2055	Recovery	
17-4	2056-2059	and	
17-5	2060-2072	Reinvestment	
17-6	2073-2076	Act	
17-7	2077-2079	of	
17-8	2080-2084	2009	
17-9	2085-2088	and	
17-10	2089-2092	Tax	
17-11	2093-2099	Relief	
17-12	2099-2100	,	
17-13	2101-2113	Unemployment	
17-14	2114-2123	Insurance	
17-15	2124-2139	Reauthorization	
17-16	2139-2140	,	
17-17	2141-2144	and	
17-18	2145-2148	Job	
17-19	2149-2157	Creation	
17-20	2158-2161	Act	
17-21	2162-2164	of	
17-22	2165-2169	2010	
17-23	2170-2176	served	
17-24	2177-2179	as	
17-25	2180-2188	economic	
17-26	2189-2197	stimulus	
17-27	2198-2204	amidst	
17-28	2205-2208	the	
17-29	2209-2214	Great	
17-30	2215-2224	Recession	
17-31	2224-2225	.	

#Text=After a lengthy debate over the national debt limit, Obama signed the Budget Control and the American Taxpayer Relief Acts.
18-1	2226-2231	After	
18-2	2232-2233	a	
18-3	2234-2241	lengthy	
18-4	2242-2248	debate	
18-5	2249-2253	over	
18-6	2254-2257	the	
18-7	2258-2266	national	
18-8	2267-2271	debt	
18-9	2272-2277	limit	
18-10	2277-2278	,	
18-11	2279-2284	Obama	
18-12	2285-2291	signed	
18-13	2292-2295	the	
18-14	2296-2302	Budget	
18-15	2303-2310	Control	
18-16	2311-2314	and	
18-17	2315-2318	the	
18-18	2319-2327	American	
18-19	2328-2336	Taxpayer	
18-20	2337-2343	Relief	
18-21	2344-2348	Acts	
18-22	2348-2349	.	

#Text=In foreign policy, Obama increased U.S. troop levels in Afghanistan, reduced nuclear weapons with the United States–Russia New START treaty, and ended military involvement in the Iraq War.
19-1	2350-2352	In	
19-2	2353-2360	foreign	
19-3	2361-2367	policy	
19-4	2367-2368	,	
19-5	2369-2374	Obama	
19-6	2375-2384	increased	
19-7	2385-2388	U.S	
19-8	2388-2389	.	
19-9	2390-2395	troop	
19-10	2396-2402	levels	
19-11	2403-2405	in	
19-12	2406-2417	Afghanistan	
19-13	2417-2418	,	
19-14	2419-2426	reduced	
19-15	2427-2434	nuclear	
19-16	2435-2442	weapons	
19-17	2443-2447	with	
19-18	2448-2451	the	
19-19	2452-2458	United	
19-20	2459-2472	States–Russia	
19-21	2473-2476	New	
19-22	2477-2482	START	
19-23	2483-2489	treaty	
19-24	2489-2490	,	
19-25	2491-2494	and	
19-26	2495-2500	ended	
19-27	2501-2509	military	
19-28	2510-2521	involvement	
19-29	2522-2524	in	
19-30	2525-2528	the	
19-31	2529-2533	Iraq	
19-32	2534-2537	War	
19-33	2537-2538	.	

#Text=He ordered military involvement in Libya in opposition to Muammar Gaddafi, and he also ordered the military operation that resulted in the death of Osama bin Laden.
20-1	2539-2541	He	
20-2	2542-2549	ordered	
20-3	2550-2558	military	
20-4	2559-2570	involvement	
20-5	2571-2573	in	
20-6	2574-2579	Libya	
20-7	2580-2582	in	
20-8	2583-2593	opposition	
20-9	2594-2596	to	
20-10	2597-2604	Muammar	
20-11	2605-2612	Gaddafi	
20-12	2612-2613	,	
20-13	2614-2617	and	
20-14	2618-2620	he	
20-15	2621-2625	also	
20-16	2626-2633	ordered	
20-17	2634-2637	the	
20-18	2638-2646	military	
20-19	2647-2656	operation	
20-20	2657-2661	that	
20-21	2662-2670	resulted	
20-22	2671-2673	in	
20-23	2674-2677	the	
20-24	2678-2683	death	
20-25	2684-2686	of	
20-26	2687-2692	Osama	
20-27	2693-2696	bin	
20-28	2697-2702	Laden	
20-29	2702-2703	.	

#Text=After winning re-election by defeating Republican opponent Mitt Romney, Obama was sworn in for a second term in 2013.
21-1	2705-2710	After	
21-2	2711-2718	winning	
21-3	2719-2730	re-election	
21-4	2731-2733	by	
21-5	2734-2743	defeating	
21-6	2744-2754	Republican	
21-7	2755-2763	opponent	
21-8	2764-2768	Mitt	
21-9	2769-2775	Romney	
21-10	2775-2776	,	
21-11	2777-2782	Obama	
21-12	2783-2786	was	
21-13	2787-2792	sworn	
21-14	2793-2795	in	
21-15	2796-2799	for	
21-16	2800-2801	a	
21-17	2802-2808	second	
21-18	2809-2813	term	
21-19	2814-2816	in	
21-20	2817-2821	2013	
21-21	2821-2822	.	

#Text=During his second term, Obama promoted inclusiveness for LGBT Americans.
22-1	2823-2829	During	
22-2	2830-2833	his	
22-3	2834-2840	second	
22-4	2841-2845	term	
22-5	2845-2846	,	
22-6	2847-2852	Obama	
22-7	2853-2861	promoted	
22-8	2862-2875	inclusiveness	
22-9	2876-2879	for	
22-10	2880-2884	LGBT	
22-11	2885-2894	Americans	
22-12	2894-2895	.	

#Text=His administration filed briefs that urged the Supreme Court to strike down same-sex marriage bans as unconstitutional (United States v.
23-1	2896-2899	His	
23-2	2900-2914	administration	
23-3	2915-2920	filed	
23-4	2921-2927	briefs	
23-5	2928-2932	that	
23-6	2933-2938	urged	
23-7	2939-2942	the	
23-8	2943-2950	Supreme	
23-9	2951-2956	Court	
23-10	2957-2959	to	
23-11	2960-2966	strike	
23-12	2967-2971	down	
23-13	2972-2980	same-sex	
23-14	2981-2989	marriage	
23-15	2990-2994	bans	
23-16	2995-2997	as	
23-17	2998-3014	unconstitutional	
23-18	3015-3016	(	
23-19	3016-3022	United	
23-20	3023-3029	States	
23-21	3030-3031	v	
23-22	3031-3032	.	

#Text=Windsor and Obergefell v.
24-1	3033-3040	Windsor	
24-2	3041-3044	and	
24-3	3045-3055	Obergefell	
24-4	3056-3057	v	
24-5	3057-3058	.	

#Text=Hodges).
25-1	3059-3065	Hodges	
25-2	3065-3066	)	
25-3	3066-3067	.	

#Text=Obama advocated for gun control in response to the Sandy Hook Elementary School shooting, and issued wide-ranging executive actions concerning climate change and immigration.
26-1	3068-3073	Obama	
26-2	3074-3083	advocated	
26-3	3084-3087	for	
26-4	3088-3091	gun	
26-5	3092-3099	control	
26-6	3100-3102	in	
26-7	3103-3111	response	
26-8	3112-3114	to	
26-9	3115-3118	the	
26-10	3119-3124	Sandy	
26-11	3125-3129	Hook	
26-12	3130-3140	Elementary	
26-13	3141-3147	School	
26-14	3148-3156	shooting	
26-15	3156-3157	,	
26-16	3158-3161	and	
26-17	3162-3168	issued	
26-18	3169-3181	wide-ranging	
26-19	3182-3191	executive	
26-20	3192-3199	actions	
26-21	3200-3210	concerning	
26-22	3211-3218	climate	
26-23	3219-3225	change	
26-24	3226-3229	and	
26-25	3230-3241	immigration	
26-26	3241-3242	.	

#Text=In foreign policy, Obama ordered military intervention in Iraq in response to gains made by ISIL after the 2011 withdrawal from Iraq, continued the process of ending U.S. combat operations in Afghanistan, promoted discussions that led to the 2015 Paris Agreement on global climate change, initiated sanctions against Russia following the invasion in Ukraine and again after Russian interference in the 2016 United States elections, brokered a nuclear deal with Iran, and normalized U.S. relations with Cuba.
27-1	3243-3245	In	
27-2	3246-3253	foreign	
27-3	3254-3260	policy	
27-4	3260-3261	,	
27-5	3262-3267	Obama	
27-6	3268-3275	ordered	
27-7	3276-3284	military	
27-8	3285-3297	intervention	
27-9	3298-3300	in	
27-10	3301-3305	Iraq	
27-11	3306-3308	in	
27-12	3309-3317	response	
27-13	3318-3320	to	
27-14	3321-3326	gains	
27-15	3327-3331	made	
27-16	3332-3334	by	
27-17	3335-3339	ISIL	
27-18	3340-3345	after	
27-19	3346-3349	the	
27-20	3350-3354	2011	
27-21	3355-3365	withdrawal	
27-22	3366-3370	from	
27-23	3371-3375	Iraq	
27-24	3375-3376	,	
27-25	3377-3386	continued	
27-26	3387-3390	the	
27-27	3391-3398	process	
27-28	3399-3401	of	
27-29	3402-3408	ending	
27-30	3409-3412	U.S	
27-31	3412-3413	.	
27-32	3414-3420	combat	
27-33	3421-3431	operations	
27-34	3432-3434	in	
27-35	3435-3446	Afghanistan	
27-36	3446-3447	,	
27-37	3448-3456	promoted	
27-38	3457-3468	discussions	
27-39	3469-3473	that	
27-40	3474-3477	led	
27-41	3478-3480	to	
27-42	3481-3484	the	
27-43	3485-3489	2015	
27-44	3490-3495	Paris	
27-45	3496-3505	Agreement	
27-46	3506-3508	on	
27-47	3509-3515	global	
27-48	3516-3523	climate	
27-49	3524-3530	change	
27-50	3530-3531	,	
27-51	3532-3541	initiated	
27-52	3542-3551	sanctions	
27-53	3552-3559	against	
27-54	3560-3566	Russia	
27-55	3567-3576	following	
27-56	3577-3580	the	
27-57	3581-3589	invasion	
27-58	3590-3592	in	
27-59	3593-3600	Ukraine	
27-60	3601-3604	and	
27-61	3605-3610	again	
27-62	3611-3616	after	
27-63	3617-3624	Russian	
27-64	3625-3637	interference	
27-65	3638-3640	in	
27-66	3641-3644	the	
27-67	3645-3649	2016	
27-68	3650-3656	United	
27-69	3657-3663	States	
27-70	3664-3673	elections	
27-71	3673-3674	,	
27-72	3675-3683	brokered	
27-73	3684-3685	a	
27-74	3686-3693	nuclear	
27-75	3694-3698	deal	
27-76	3699-3703	with	
27-77	3704-3708	Iran	
27-78	3708-3709	,	
27-79	3710-3713	and	
27-80	3714-3724	normalized	
27-81	3725-3728	U.S	
27-82	3728-3729	.	
27-83	3730-3739	relations	
27-84	3740-3744	with	
27-85	3745-3749	Cuba	
27-86	3749-3750	.	

#Text=Obama left office in January 2017 with a 60% approval rating and currently resides in Washington, D.C.
28-1	3751-3756	Obama	
28-2	3757-3761	left	
28-3	3762-3768	office	
28-4	3769-3771	in	
28-5	3772-3779	January	
28-6	3780-3784	2017	
28-7	3785-3789	with	
28-8	3790-3791	a	
28-9	3792-3795	60%	
28-10	3796-3804	approval	
28-11	3805-3811	rating	
28-12	3812-3815	and	
28-13	3816-3825	currently	
28-14	3826-3833	resides	
28-15	3834-3836	in	
28-16	3837-3847	Washington	
28-17	3847-3848	,	
28-18	3849-3852	D.C	
28-19	3852-3853	.	
