<?xml version='1.0' encoding='UTF-8'?>
<xmi:XMI xmlns:xmi="http://www.omg.org/XMI" xmlns:cas="http:///uima/cas.ecore" xmlns:custom="http:///webanno/custom.ecore" xmi:version="2.0">
  <cas:NULL xmi:id="0"/>
  <custom:head xmi:id="2" begin="9" end="28" sofa="1"/>
  <custom:p xmi:id="3" rend="i" begin="37" end="103" sofa="1"/>
  <custom:hi xmi:id="4" rend="i" begin="112" end="130" sofa="1"/>
  <custom:hi xmi:id="5" rend="i" begin="374" end="381" sofa="1"/>
  <custom:hi xmi:id="6" rend="i" begin="452" end="467" sofa="1"/>
  <custom:p xmi:id="7" begin="112" end="621" sofa="1"/>
  <custom:l xmi:id="8" begin="641" end="686" sofa="1"/>
  <custom:l xmi:id="9" begin="697" end="748" sofa="1"/>
  <custom:quote xmi:id="10" begin="641" end="748" sofa="1"/>
  <custom:hi xmi:id="11" rend="i" begin="870" end="883" sofa="1"/>
  <custom:p xmi:id="12" begin="749" end="889" sofa="1"/>
  <custom:hi xmi:id="13" rend="i" begin="922" end="934" sofa="1"/>
  <custom:hi xmi:id="14" rend="i" begin="990" end="997" sofa="1"/>
  <custom:hi xmi:id="15" rend="i" begin="1106" end="1113" sofa="1"/>
  <custom:hi xmi:id="16" rend="i" begin="1147" end="1166" sofa="1"/>
  <custom:p xmi:id="17" begin="898" end="1185" sofa="1"/>
  <cas:Sofa xmi:id="1" sofaNum="1" sofaID="_InitialView" sofaString="&#10;        LE COCU IMAGINAIRE,&#10;        Comédie en un acte et en vers, représentée à Paris le 28 mai 1660.&#10;        Le Cocu imaginaire fut joué quarante fois de suite, quoique dans l’été, et pendant que le mariage du roi retenait toute la cour hors de Paris. C’est une pièce en un acte, où il entre un peu de caractère, et dont l’intrigue est comique par elle-même. On voit que Molière perfectionna sa manière d’écrire, par son séjour à Paris. Le style du Cocu imaginaire l’emporte beaucoup sur celui de ses premières pièces en vers ; on y trouve bien moins de fautes de langage. Il est vrai qu’il y a quelques grossièretés :&#10;        &#10;          La bière est un séjour par trop mélancolique,&#10;          Et trop malsain pour ceux qui craignent la colique. Il y a des expressions qui ont vieilli. Il y a aussi des termes que la politesse a bannis aujourd’hui du théâtre, comme, carogne, cocu, etc.&#10;        Le dénouement, que fait Villebrequin, est un des moins bien ménagés et des moins heureux de Molière_ Cette pièce eut le sort des bons ouvrages, qui ont et de mauvais censeurs et de mauvais copistes. Un nommé Donneau fit jouer à l’hôtel de Bourgogne la Cocue imaginaire  à la fin de 1661.&#10;      "/>
  <cas:View sofa="1" members="2 3 4 5 6 7 8 9 10 11 12 13 14 15 16 17"/>
</xmi:XMI>
