<?xml version='1.0' encoding='UTF-8'?>
<xmi:XMI xmlns:xmi="http://www.omg.org/XMI" xmlns:cas="http:///uima/cas.ecore" xmlns:custom="http:///webanno/custom.ecore" xmi:version="2.0">
  <cas:NULL xmi:id="0"/>
  <custom:head xmi:id="2" begin="9" end="25" sofa="1"/>
  <custom:p xmi:id="3" rend="i" begin="34" end="173" sofa="1"/>
  <custom:hi xmi:id="4" rend="i" begin="182" end="197" sofa="1"/>
  <custom:hi xmi:id="5" rend="i" begin="317" end="334" sofa="1"/>
  <custom:hi xmi:id="6" rend="i" begin="426" end="431" sofa="1"/>
  <custom:p xmi:id="7" begin="182" end="432" sofa="1"/>
  <custom:hi xmi:id="8" rend="i" begin="478" end="485" sofa="1"/>
  <custom:p xmi:id="9" begin="441" end="637" sofa="1"/>
  <custom:hi xmi:id="10" rend="i" begin="806" end="813" sofa="1"/>
  <custom:p xmi:id="11" begin="646" end="1046" sofa="1"/>
  <cas:Sofa xmi:id="1" sofaNum="1" sofaID="_InitialView" sofaString="&#10;        L’AMOUR MÉDECIN,&#10;        Petite comédie en un acte et en prose, représentée à Versailles le 15 septembre 1665, et sur le théâtre du Palais-Royal le 22 du même mois.&#10;        L’Amour médecin est un impromptu, fait pour le roi en cinq jours de temps : cependant cette petite pièce est d’un meilleur comique que Le Mariage forcé. Elle fut accompagnée d’un prologue en musique, qui est l’une des premières compositions de Lulli_&#10;        C’est le premier ouvrage dans lequel Molière ait joué les médecins. Ils étaient fort différents de ceux d’aujourd’hui ; ils allaient presque toujours en robe et en rabat, et consultaient en latin.&#10;        Si les médecins de notre temps ne connaissent pas mieux la nature, ils connaissent mieux le monde, et savent que le grand art d’un médecin est l’art de plaire. Molière peut avoir contribué à leur ôter leur pédanterie ; mais les mœurs du siècle, qui ont changé en tout, y ont contribué davantage. L’esprit de raison s’est introduit dans toutes les sciences, et la politesse dans toutes les conditions.&#10;      "/>
  <cas:View sofa="1" members="2 3 4 5 6 7 8 9 10 11"/>
</xmi:XMI>
