<?xml version='1.0' encoding='UTF-8'?>
<xmi:XMI xmlns:xmi="http://www.omg.org/XMI" xmlns:cas="http:///uima/cas.ecore" xmlns:custom="http:///webanno/custom.ecore" xmi:version="2.0">
  <cas:NULL xmi:id="0"/>
  <custom:head xmi:id="2" begin="9" end="16" sofa="1"/>
  <custom:lb xmi:id="3" begin="165" end="165" sofa="1"/>
  <custom:p xmi:id="4" rend="i" begin="25" end="263" sofa="1"/>
  <custom:hi xmi:id="5" rend="i" begin="346" end="353" sofa="1"/>
  <custom:hi xmi:id="6" rend="i" begin="408" end="414" sofa="1"/>
  <custom:hi xmi:id="7" rend="i" begin="469" end="478" sofa="1"/>
  <custom:hi xmi:id="8" rend="i" begin="481" end="488" sofa="1"/>
  <custom:hi xmi:id="9" rend="i" begin="548" end="556" sofa="1"/>
  <custom:hi xmi:id="10" rend="i" begin="1338" end="1345" sofa="1"/>
  <custom:hi xmi:id="11" rend="i" begin="1423" end="1428" sofa="1"/>
  <custom:hi xmi:id="12" rend="i" begin="1432" end="1440" sofa="1"/>
  <custom:p xmi:id="13" begin="272" end="1616" sofa="1"/>
  <custom:hi xmi:id="14" rend="i" begin="1652" end="1659" sofa="1"/>
  <custom:hi xmi:id="15" rend="i" begin="1756" end="1765" sofa="1"/>
  <custom:hi xmi:id="16" rend="i" begin="1769" end="1784" sofa="1"/>
  <custom:hi xmi:id="17" rend="i" begin="1901" end="1908" sofa="1"/>
  <custom:hi xmi:id="18" rend="i" begin="2046" end="2057" sofa="1"/>
  <custom:p xmi:id="19" begin="1625" end="2083" sofa="1"/>
  <custom:hi xmi:id="20" rend="i" begin="2208" end="2224" sofa="1"/>
  <custom:hi xmi:id="21" rend="i" begin="2383" end="2392" sofa="1"/>
  <custom:hi xmi:id="22" rend="i" begin="2406" end="2411" sofa="1"/>
  <custom:hi xmi:id="23" rend="i" begin="2455" end="2471" sofa="1"/>
  <custom:p xmi:id="24" begin="2092" end="2570" sofa="1"/>
  <custom:hi xmi:id="25" rend="i" begin="2622" end="2630" sofa="1"/>
  <custom:hi xmi:id="26" rend="i" begin="2633" end="2638" sofa="1"/>
  <custom:hi xmi:id="27" rend="i" begin="2717" end="2723" sofa="1"/>
  <custom:p xmi:id="28" begin="2579" end="2868" sofa="1"/>
  <custom:hi xmi:id="29" rend="i" begin="2877" end="2883" sofa="1"/>
  <custom:p xmi:id="30" begin="2877" end="3108" sofa="1"/>
  <cas:Sofa xmi:id="1" sofaNum="1" sofaID="_InitialView" sofaString="&#10;        PSYCHÉ,&#10;        Tragédie-ballet en vers libres et en cinq actes, représentée devant le roi, dans la salle des machines du palais des Tuileries, en janvier, et durant le carnaval de l’année 1670, et donnée au public sur le théâtre du Palais-Royal en 1671.&#10;        Le spectacle de l’opéra, connu en France sous le ministère du cardinal de Mazarin, était tombé par sa mort. Il commençait à se relever. Perrin introducteur des ambassadeurs chez Monsieur, frère de Louis XIV ; Cambert intendant de la musique de la reine mère, et le marquis de Sourdiac homme de goût, qui avait du génie pour les machines, avaient obtenu, en 1669 le privilège de l’opéra ; mais ils ne donnèrent rien au public qu’en 1671. On ne croyait pas alors que les Français pussent jamais soutenir trois heures de musique, et qu’une tragédie toute chantée pût réussir. On pensait que le comble de la perfection est une tragédie déclamée, avec des chants et des danses dans les intermèdes. On ne songeait pas que si une tragédie est belle et intéressante, les entractes de musique doivent en devenir froids ; et que si les intermèdes sont brillants, l’oreille a peine à revenir tout d’un coup du charme de la musique à la simple déclamation. Un ballet peut délasser dans les entr’actes d’une pièce ennuyeuse ; mais une bonne pièce n’en a pas besoin, et l’on joue Athalie sans les chœurs et sans la musique. Ce ne fut que quelques années après, que Lulli et Quinault nous apprirent qu’on pouvait chanter toute une tragédie, comme on faisait en Italie, et qu’on la pouvait même rendre intéressante : perfection que l’Italie ne connaissait pas.&#10;        Depuis la mort du cardinal Mazarin, on n’avait donc donné que des pièces à machines avec des divertissements en musique, telles qu’Andromède et La Toison d’or. On voulut donner au roi et à la cour pour l’hiver de 1670, un divertissement dans ce goût, et y ajouter des danses. Molière fut chargé du sujet de la fable le plus ingénieux et le plus galant, et qui était alors en vogue par le roman beaucoup trop allongé, que La Fontaine venait de donner en 1669.&#10;        Il ne put faire que le premier acte, la première scène du second, et la première du troisième ; le temps pressait : Pierre Corneille se chargea du reste de la pièce ; il voulut bien s’assujettir au plan d’un autre ; et ce génie mâle, que l’âge rendait sec et sévère, s’amollit pour plaire à Louis XIV_ L’auteur de Cinna fit à l’âge de 67 ans cette déclaration de Psyché à l’Amour qui passe encore pour un des morceaux les plus tendres et les plus naturels qui soient au théâtre.&#10;        Toutes les paroles qui se chantent sont de Quinault ; Lulli composa les airs. Il ne manquait à cette société de grands hommes que le seul Racine, afin que tout ce qu’il y eut jamais de plus excellent au théâtre se fût réuni pour servir un roi, qui méritait d’être servi par de tels hommes.&#10;        Psyché n’est pas une excellente pièce, et les derniers actes en sont très languissants ; mais la beauté du sujet, les ornements dont elle fut embellie, et la dépense royale qu’on fit pour ce spectacle, firent pardonner ses défauts.&#10;      "/>
  <cas:View sofa="1" members="2 3 4 5 6 7 8 9 10 11 12 13 14 15 16 17 18 19 20 21 22 23 24 25 26 27 28 29 30"/>
</xmi:XMI>
