<?xml version='1.0' encoding='UTF-8'?>
<xmi:XMI xmlns:xmi="http://www.omg.org/XMI" xmlns:cas="http:///uima/cas.ecore" xmlns:custom="http:///webanno/custom.ecore" xmi:version="2.0">
  <cas:NULL xmi:id="0"/>
  <custom:head xmi:id="2" begin="9" end="34" sofa="1"/>
  <custom:p xmi:id="3" rend="i" begin="43" end="230" sofa="1"/>
  <custom:hi xmi:id="4" rend="i" begin="301" end="308" sofa="1"/>
  <custom:hi xmi:id="5" rend="i" begin="348" end="364" sofa="1"/>
  <custom:hi xmi:id="6" rend="i" begin="366" end="378" sofa="1"/>
  <custom:hi xmi:id="7" rend="i" begin="433" end="440" sofa="1"/>
  <custom:hi xmi:id="8" rend="i" begin="560" end="565" sofa="1"/>
  <custom:hi xmi:id="9" rend="i" begin="645" end="657" sofa="1"/>
  <custom:p xmi:id="10" begin="239" end="835" sofa="1"/>
  <custom:hi xmi:id="11" rend="i" begin="870" end="882" sofa="1"/>
  <custom:hi xmi:id="12" rend="i" begin="1141" end="1148" sofa="1"/>
  <custom:p xmi:id="13" begin="844" end="1350" sofa="1"/>
  <cas:Sofa xmi:id="1" sofaNum="1" sofaID="_InitialView" sofaString="&#10;        MONSIEUR DE POURCEAUGNAC,&#10;        Comédie-ballet en prose et en trois actes, faite et jouée à Chambord, pour le roi au mois de septembre 1669, et représentée sur le théâtre du Palais-Royal le 15 novembre de la même année.&#10;        Ce fut à la représentation de cette comédie, que la troupe de Molière prit pour la première fois le titre de la troupe du roi_ Pourceaugnac est une farce ; mais il y a dans toutes les farces de Molière des scènes dignes de la haute comédie. Un homme supérieur, quand il badine, ne peut s’empêcher de badiner avec esprit. Lulli, qui n’avait point encore le privilège de l’opéra, fit la musique du ballet de Pourceaugnac ; il y dansa, il y chanta, il y joua du violon. Tous les grands talents étaient employés aux divertissements du roi, et tout ce qui avait rapport aux beaux-arts était honorable.&#10;        On n’écrivit point contre Pourceaugnac : on ne cherche à rabaisser les grands hommes, que quand ils veulent s’élever. Loin d’examiner sévèrement cette farce, les gens de bon goût reprochèrent à l’auteur d’avilir trop souvent son génie à des ouvrages frivoles qui ne méritaient pas d’examen ; mais Molière leur répondait qu’il était comédien aussi bien qu’auteur, qu’il fallait réjouir la cour et attirer le peuple, et qu’il était réduit à consulter l’intérêt de ses acteurs aussi bien que sa propre gloire.&#10;      "/>
  <cas:View sofa="1" members="2 3 4 5 6 7 8 9 10 11 12 13"/>
</xmi:XMI>
