<?xml version='1.0' encoding='UTF-8'?>
<xmi:XMI xmlns:xmi="http://www.omg.org/XMI" xmlns:cas="http:///uima/cas.ecore" xmlns:custom="http:///webanno/custom.ecore" xmi:version="2.0">
  <cas:NULL xmi:id="0"/>
  <custom:head xmi:id="2" begin="9" end="28" sofa="1"/>
  <custom:lb xmi:id="3" begin="125" end="125" sofa="1"/>
  <custom:p xmi:id="4" rend="i" begin="37" end="145" sofa="1"/>
  <custom:hi xmi:id="5" rend="i" begin="168" end="175" sofa="1"/>
  <custom:hi xmi:id="6" rend="i" begin="442" end="453" sofa="1"/>
  <custom:hi xmi:id="7" rend="i" begin="566" end="584" sofa="1"/>
  <custom:p xmi:id="8" begin="154" end="712" sofa="1"/>
  <custom:p xmi:id="9" begin="721" end="795" sofa="1"/>
  <custom:l xmi:id="10" begin="815" end="853" sofa="1"/>
  <custom:l xmi:id="11" begin="864" end="898" sofa="1"/>
  <custom:l xmi:id="12" begin="909" end="935" sofa="1"/>
  <custom:l xmi:id="13" begin="946" end="976" sofa="1"/>
  <custom:quote xmi:id="14" begin="815" end="976" sofa="1"/>
  <custom:hi xmi:id="15" rend="i" begin="1019" end="1036" sofa="1"/>
  <custom:hi xmi:id="16" rend="i" begin="1083" end="1091" sofa="1"/>
  <custom:hi xmi:id="17" rend="i" begin="1097" end="1115" sofa="1"/>
  <custom:hi xmi:id="18" rend="i" begin="1143" end="1160" sofa="1"/>
  <custom:hi xmi:id="19" rend="i" begin="1244" end="1251" sofa="1"/>
  <custom:hi xmi:id="20" rend="i" begin="1269" end="1335" sofa="1"/>
  <custom:hi xmi:id="21" rend="i" begin="1396" end="1403" sofa="1"/>
  <custom:hi xmi:id="22" rend="i" begin="1478" end="1484" sofa="1"/>
  <custom:hi xmi:id="23" rend="i" begin="1792" end="1798" sofa="1"/>
  <custom:p xmi:id="24" begin="977" end="1799" sofa="1"/>
  <cas:Sofa xmi:id="1" sofaNum="1" sofaID="_InitialView" sofaString="&#10;        L’ÉCOLE DES FEMMES,&#10;        Comédie en vers et en cinq actes, représentée à Paris, sur le théâtre du Palais-Royal, &#10;le 26 Décembre 1662.&#10;        Le théâtre de Molière, qui avait donné naissance à la bonne comédie, fut abandonné la moitié de l’année 1661, et toute l’année 1662, pour certaines farces moitié italiennes, moitié françaises, qui furent alors accréditées par le retour d’un fameux pantomime italien, connu sous le nom de Scaramouche_ Les mêmes spectateurs qui applaudissaient sans réserve à ces farces monstrueuses, se rendirent difficiles pour l’École des femmes, pièce d’un genre tout nouveau, laquelle, quoique toute en récits, est ménagée avec tant d’art, que tout paraît être en action.&#10;        Elle fut très-suivie et très-critiquée, comme le dit la gazette de Loret :&#10;        &#10;          Pièce qu’en plusieurs lieux on fronde,&#10;          Mais où pourtant va tant de monde,&#10;          Que jamais sujet important&#10;          Pour le voir n’en attira tant. Elle passe pour être inférieure en tout à l’École des maris, et surtout dans le dénouement, qui est aussi postiche dans l’École des femmes, qu’il est bien amené dans l’École des maris_ On se révolta généralement contre quelques expressions qui paraissent indignes de Molière ; on désapprouva le corbillon, la tarte à la crème, les enfants faits par l’oreille_ Mais aussi les connaisseurs admirèrent avec quelle adresse Molière avait su attacher et plaire pendant cinq actes, par la seule confidence d’Horace au vieillard, et par de simples récits. Il semblait qu’un sujet ainsi traité ne dût fournir qu’un acte. Mais c’est le caractère du vrai génie, de répandre sa fécondité sur un sujet stérile, et de varier ce qui semble uniforme. On peut dire en passant, que c’est là le grand art des tragédies de l’admirable Racine_&#10;      "/>
  <cas:View sofa="1" members="2 3 4 5 6 7 8 9 10 11 12 13 14 15 16 17 18 19 20 21 22 23 24"/>
</xmi:XMI>
