<?xml version='1.0' encoding='UTF-8'?>
<xmi:XMI xmlns:xmi="http://www.omg.org/XMI" xmlns:cas="http:///uima/cas.ecore" xmlns:custom="http:///webanno/custom.ecore" xmi:version="2.0">
  <cas:NULL xmi:id="0"/>
  <custom:head xmi:id="2" begin="9" end="31" sofa="1"/>
  <custom:p xmi:id="3" rend="i" begin="40" end="135" sofa="1"/>
  <custom:hi xmi:id="4" rend="i" begin="144" end="151" sofa="1"/>
  <custom:hi xmi:id="5" rend="i" begin="187" end="198" sofa="1"/>
  <custom:hi xmi:id="6" rend="i" begin="255" end="273" sofa="1"/>
  <custom:p xmi:id="7" begin="144" end="604" sofa="1"/>
  <custom:hi xmi:id="8" rend="i" begin="613" end="634" sofa="1"/>
  <custom:hi xmi:id="9" rend="i" begin="643" end="657" sofa="1"/>
  <custom:hi xmi:id="10" rend="i" begin="805" end="819" sofa="1"/>
  <custom:p xmi:id="11" begin="613" end="961" sofa="1"/>
  <cas:Sofa xmi:id="1" sofaNum="1" sofaID="_InitialView" sofaString="&#10;        LE MÉDECIN MALGRÉ LUI,&#10;        Comédie en trois actes et en prose, représentée sur le théâtre du Palais-Royal, le 9 août 1666.&#10;        Molière ayant suspendu son chef-d’œuvre du Misanthrope, le rendit quelque temps après au public, accompagné du Médecin malgré lui, farce très gaie et très bouffonne, et dont le peuple grossier avait besoin ; à peu près comme à l’opéra, après une musique noble et savante, on entend avec plaisir ces petits airs qui ont par eux-mêmes peu de mérite, mais que tout le monde retient aisément. Ces gentillesses frivoles servent à faire goûter les beautés sérieuses.&#10;        Le Médecin malgré lui soutint Le Misanthrope : c’est peut-être à la honte de la nature humaine, mais c’est ainsi qu’elle est faite ; on va plus à la comédie pour rire, que pour être instruit. Le Misanthrope était l’ouvrage d’un sage qui écrivait pour les hommes éclairés ; et il fallut que le sage se déguisât en farceur pour plaire à la multitude.&#10;      "/>
  <cas:View sofa="1" members="2 3 4 5 6 7 8 9 10 11"/>
</xmi:XMI>
