<?xml version='1.0' encoding='UTF-8'?>
<xmi:XMI xmlns:xmi="http://www.omg.org/XMI" xmlns:cas="http:///uima/cas.ecore" xmlns:custom="http:///webanno/custom.ecore" xmi:version="2.0">
  <cas:NULL xmi:id="0"/>
  <custom:head xmi:id="2" begin="9" end="44" sofa="1"/>
  <custom:lb xmi:id="3" begin="139" end="139" sofa="1"/>
  <custom:p xmi:id="4" rend="i" begin="53" end="175" sofa="1"/>
  <custom:hi xmi:id="5" rend="i" begin="244" end="257" sofa="1"/>
  <custom:hi xmi:id="6" rend="i" begin="278" end="296" sofa="1"/>
  <custom:hi xmi:id="7" rend="i" begin="330" end="340" sofa="1"/>
  <custom:hi xmi:id="8" rend="i" begin="373" end="388" sofa="1"/>
  <custom:hi xmi:id="9" rend="i" begin="458" end="486" sofa="1"/>
  <custom:hi xmi:id="10" rend="i" begin="843" end="856" sofa="1"/>
  <custom:p xmi:id="11" begin="184" end="902" sofa="1"/>
  <cas:Sofa xmi:id="1" sofaNum="1" sofaID="_InitialView" sofaString="&#10;        GEORGE DANDIN, OU LE MARI CONFONDU,&#10;        Comédie en prose, et en trois actes, représentée à Versailles le 15 de juillet 1668, &#10;et à Paris le 9 de novembre suivant.&#10;        On ne connaît, et on ne joue cette pièce que sous le nom de George Dandin ; et, au contraire, Le Cocu imaginaire, qu’on avait intitulé et affiché Sganarelle, n’est connu que sous le nom de Cocu imaginaire, peut-être parce que ce dernier titre est plus plaisant que celui du Mari confondu. George Dandin réussit pleinement. Mais si on ne reprocha rien à la conduite et au style, on se souleva un peu contre le sujet même de la pièce ; quelques personnes se révoltèrent contre une comédie, dans laquelle une femme mariée donne un rendez-vous à son amant. Elles pouvaient considérer que la coquetterie de cette femme n’est que la punition de la sottise que fait George Dandin d’épouser la fille d’un gentilhomme ridicule.&#10;      "/>
  <cas:View sofa="1" members="2 3 4 5 6 7 8 9 10 11"/>
</xmi:XMI>
