<?xml version='1.0' encoding='UTF-8'?>
<xmi:XMI xmlns:xmi="http://www.omg.org/XMI" xmlns:cas="http:///uima/cas.ecore" xmlns:custom="http:///webanno/custom.ecore" xmi:version="2.0">
  <cas:NULL xmi:id="0"/>
  <custom:head xmi:id="2" begin="9" end="24" sofa="1"/>
  <custom:p xmi:id="3" rend="i" begin="33" end="125" sofa="1"/>
  <custom:hi xmi:id="4" rend="i" begin="214" end="225" sofa="1"/>
  <custom:hi xmi:id="5" rend="i" begin="275" end="282" sofa="1"/>
  <custom:hi xmi:id="6" rend="i" begin="545" end="556" sofa="1"/>
  <custom:hi xmi:id="7" rend="i" begin="649" end="656" sofa="1"/>
  <custom:hi xmi:id="8" rend="i" begin="824" end="835" sofa="1"/>
  <custom:p xmi:id="9" begin="134" end="1147" sofa="1"/>
  <custom:hi xmi:id="10" rend="i" begin="1156" end="1163" sofa="1"/>
  <custom:hi xmi:id="11" rend="i" begin="1262" end="1276" sofa="1"/>
  <custom:hi xmi:id="12" rend="i" begin="1513" end="1520" sofa="1"/>
  <custom:hi xmi:id="13" rend="i" begin="1902" end="1911" sofa="1"/>
  <custom:hi xmi:id="14" rend="i" begin="1946" end="1953" sofa="1"/>
  <custom:p xmi:id="15" begin="1156" end="1979" sofa="1"/>
  <custom:hi xmi:id="16" rend="i" begin="2272" end="2277" sofa="1"/>
  <custom:hi xmi:id="17" rend="i" begin="2344" end="2355" sofa="1"/>
  <custom:hi xmi:id="18" rend="i" begin="2532" end="2546" sofa="1"/>
  <custom:p xmi:id="19" begin="1988" end="2957" sofa="1"/>
  <custom:hi xmi:id="20" rend="i" begin="3074" end="3085" sofa="1"/>
  <custom:hi xmi:id="21" rend="i" begin="3676" end="3687" sofa="1"/>
  <custom:hi xmi:id="22" rend="i" begin="3707" end="3715" sofa="1"/>
  <custom:hi xmi:id="23" rend="i" begin="3816" end="3830" sofa="1"/>
  <custom:hi xmi:id="24" rend="i" begin="3882" end="3888" sofa="1"/>
  <custom:hi xmi:id="25" rend="i" begin="3895" end="3902" sofa="1"/>
  <custom:hi xmi:id="26" rend="i" begin="3997" end="4008" sofa="1"/>
  <custom:hi xmi:id="27" rend="i" begin="4054" end="4065" sofa="1"/>
  <custom:p xmi:id="28" begin="2966" end="4095" sofa="1"/>
  <custom:hi xmi:id="29" rend="i" begin="4131" end="4138" sofa="1"/>
  <custom:hi xmi:id="30" rend="i" begin="4169" end="4179" sofa="1"/>
  <custom:hi xmi:id="31" rend="i" begin="4230" end="4237" sofa="1"/>
  <custom:hi xmi:id="32" rend="i" begin="4250" end="4265" sofa="1"/>
  <custom:hi xmi:id="33" rend="i" begin="4276" end="4286" sofa="1"/>
  <custom:hi xmi:id="34" rend="i" begin="4364" end="4375" sofa="1"/>
  <custom:hi xmi:id="35" rend="i" begin="4379" end="4386" sofa="1"/>
  <custom:p xmi:id="36" begin="4104" end="4387" sofa="1"/>
  <cas:Sofa xmi:id="1" sofaNum="1" sofaID="_InitialView" sofaString="&#10;        LE MISANTHROPE,&#10;        Comédie en vers et en cinq actes, représentée sur le théâtre du Palais-Royal le 4 juin 1666.&#10;        L’Europe regarde cet ouvrage comme le chef-d’œuvre du haut comique. Le sujet du Misanthrope a réussi chez toutes les nations longtemps avant Molière, et après lui. En effet, il y a peu de choses plus attachantes qu’un homme qui hait le genre humain dont il a éprouvé les noirceurs, et qui est entouré de flatteurs dont la complaisance servile fait un contraste avec son inflexibilité. Cette façon de traiter le Misanthrope est la plus commune, la plus naturelle, et la plus susceptible du genre comique. Celle dont Molière l’a traité est bien plus délicate, et fournissant bien moins, exigeait beaucoup d’art. Il s’est fait à lui-même un sujet stérile, privé d’action, dénué d’intérêt. Son Misanthrope hait les hommes, encore plus par humeur que par raison. Il n’y a d’intrigue dans la pièce, que ce qu’il en faut pour faire sortir les caractères, mais peut-être pas assez pour attacher ; en récompense, tous ces caractères ont une force, une vérité et une finesse que jamais auteur comique n’a connues comme lui.&#10;        Molière est le premier qui ait su tourner en scènes ces conversations du monde, et y mêler des portraits. Le Misanthrope en est plein ; c’est une peinture continuelle, mais une peinture de ces ridicules que les yeux vulgaires n’aperçoivent pas. Il est inutile d’examiner ici en détail les beautés de ce chef-d’œuvre de l’esprit, et de montrer avec quel art Molière a peint un homme qui pousse la vertu jusqu’au ridicule, rempli de faiblesse pour une coquette, de remarquer la conversation et le contraste charmant d’une prude avec cette coquette outrée. Quiconque lit, doit sentir ces beautés, lesquelles même, toutes grandes qu’elles sont, ne seraient rien sans le style. La pièce est d’un bout à l’autre à peu près dans le style des satires de Despréaux, et c’est de toutes les pièces de Molière la plus fortement écrite.&#10;        Elle eut à la première représentation les applaudissements qu’elle méritait. Mais c’était un ouvrage plus fait pour les gens d’esprit que pour la multitude, et plus propre encore à être lu, qu’à être joué. Le théâtre fut désert dès le troisième jour. Depuis, lorsque le fameux acteur Baron étant remonté sur le théâtre, après trente ans d’absence, joua le Misanthrope, la pièce n’attira pas un grand concours ; ce qui confirma l’opinion où l’on était que cette pièce serait plus admirée que suivie. Ce peu d’empressement qu’on a d’un côté pour Le Misanthrope, et de l’autre la juste admiration qu’on a pour lui, prouve peut-être plus qu’on ne pense, que le public n’est point injuste. Il court en foule à des comédies gaies et amusantes, mais qu’il n’estime guère ; et ce qu’il admire n’est pas toujours réjouissant. Il en est des comédies comme des jeux : il y en a que tout le monde joue ; il y en a qui ne sont faits que pour les esprits plus fins et plus appliqués.&#10;        Si on osait encore chercher dans le cœur humain la raison de cette tiédeur du public aux représentations du Misanthrope, peut-être les trouverait-on dans l’intrigue de la pièce, dont les beautés ingénieuses et fines ne sont pas également vives et intéressantes ; dans ces conversations même, qui sont des morceaux inimitables, mais qui n’étant pas toujours nécessaires à la pièce, peut-être refroidissent un peu l’action, pendant qu’elles font admirer l’auteur ; enfin dans le dénouement, qui, tout bien amené et tout sage qu’il est, semble être attendu du public sans inquiétude, et qui venant après une intrigue peu attachante, ne peut avoir rien de piquant. En effet, le spectateur ne souhaite point que le Misanthrope épouse la coquette Célimène, et ne s’inquiète pas beaucoup s’il se détachera d’elle. Enfin on prendrait la liberté de dire, que Le Misanthrope est une satire plus sage et plus fine que celles d’Horace et de Boileau, et pour le moins aussi bien écrite : mais qu’il y a des comédies plus intéressantes ; et que le Tartuffe, par exemple, réunit les beautés du style du Misanthrope, avec un intérêt plus marqué.&#10;        On sait que les ennemis de Molière voulurent persuader au duc de Montausier, fameux par sa vertu sauvage, que c’était lui que Molière jouait dans Le Misanthrope. Le duc de Montausier alla voir la pièce, et dit en sortant, qu’il aurait bien voulu ressembler au Misanthrope de Molière_&#10;      "/>
  <cas:View sofa="1" members="2 3 4 5 6 7 8 9 10 11 12 13 14 15 16 17 18 19 20 21 22 23 24 25 26 27 28 29 30 31 32 33 34 35 36"/>
</xmi:XMI>
