<?xml version='1.0' encoding='UTF-8'?>
<xmi:XMI xmlns:xmi="http://www.omg.org/XMI" xmlns:cas="http:///uima/cas.ecore" xmlns:custom="http:///webanno/custom.ecore" xmi:version="2.0">
  <cas:NULL xmi:id="0"/>
  <custom:head xmi:id="2" begin="9" end="34" sofa="1"/>
  <custom:p xmi:id="3" rend="i" begin="43" end="205" sofa="1"/>
  <custom:hi xmi:id="4" rend="i" begin="222" end="229" sofa="1"/>
  <custom:hi xmi:id="5" rend="i" begin="308" end="315" sofa="1"/>
  <custom:hi xmi:id="6" rend="i" begin="673" end="680" sofa="1"/>
  <custom:hi xmi:id="7" rend="i" begin="1120" end="1127" sofa="1"/>
  <custom:hi xmi:id="8" rend="i" begin="1156" end="1163" sofa="1"/>
  <custom:hi xmi:id="9" rend="i" begin="1223" end="1248" sofa="1"/>
  <custom:p xmi:id="10" begin="214" end="1291" sofa="1"/>
  <custom:hi xmi:id="11" rend="i" begin="1419" end="1426" sofa="1"/>
  <custom:p xmi:id="12" begin="1300" end="1526" sofa="1"/>
  <custom:hi xmi:id="13" rend="i" begin="1567" end="1573" sofa="1"/>
  <custom:hi xmi:id="14" rend="i" begin="1621" end="1630" sofa="1"/>
  <custom:p xmi:id="15" begin="1535" end="1632" sofa="1"/>
  <custom:p xmi:id="16" begin="1652" end="1798" sofa="1"/>
  <custom:quote xmi:id="17" begin="1652" end="1798" sofa="1"/>
  <custom:hi xmi:id="18" rend="i" begin="1841" end="1850" sofa="1"/>
  <custom:hi xmi:id="19" rend="i" begin="2009" end="2029" sofa="1"/>
  <custom:p xmi:id="20" begin="1799" end="2186" sofa="1"/>
  <custom:hi xmi:id="21" rend="i" begin="2378" end="2385" sofa="1"/>
  <custom:hi xmi:id="22" rend="i" begin="2535" end="2544" sofa="1"/>
  <custom:hi xmi:id="23" rend="i" begin="2548" end="2565" sofa="1"/>
  <custom:hi xmi:id="24" rend="i" begin="2601" end="2615" sofa="1"/>
  <custom:hi xmi:id="25" rend="i" begin="2620" end="2645" sofa="1"/>
  <custom:hi xmi:id="26" rend="i" begin="2671" end="2678" sofa="1"/>
  <custom:p xmi:id="27" begin="2195" end="2769" sofa="1"/>
  <custom:hi xmi:id="28" rend="i" begin="2814" end="2834" sofa="1"/>
  <custom:p xmi:id="29" begin="2778" end="2880" sofa="1"/>
  <custom:p xmi:id="30" begin="2900" end="2941" sofa="1"/>
  <custom:quote xmi:id="31" begin="2900" end="2941" sofa="1"/>
  <custom:hi xmi:id="32" rend="i" begin="2990" end="2997" sofa="1"/>
  <custom:hi xmi:id="33" rend="i" begin="3001" end="3010" sofa="1"/>
  <custom:p xmi:id="34" begin="2942" end="3133" sofa="1"/>
  <custom:hi xmi:id="35" rend="i" begin="3196" end="3206" sofa="1"/>
  <custom:note xmi:id="36" n="1" place="bottom" begin="3267" end="3274" sofa="1"/>
  <custom:hi xmi:id="37" rend="i" begin="3333" end="3354" sofa="1"/>
  <custom:note xmi:id="38" n="2" place="bottom" begin="3362" end="3372" sofa="1"/>
  <custom:p xmi:id="39" begin="3142" end="3417" sofa="1"/>
  <custom:p xmi:id="40" begin="3437" end="3583" sofa="1"/>
  <custom:quote xmi:id="41" begin="3437" end="3583" sofa="1"/>
  <custom:note xmi:id="42" n="3" place="bottom" begin="3596" end="3604" sofa="1"/>
  <custom:hi xmi:id="43" rend="i" begin="3633" end="3652" sofa="1"/>
  <custom:hi xmi:id="44" rend="i" begin="3671" end="3692" sofa="1"/>
  <custom:hi xmi:id="45" rend="i" begin="3735" end="3742" sofa="1"/>
  <custom:p xmi:id="46" begin="3584" end="3902" sofa="1"/>
  <cas:Sofa xmi:id="1" sofaNum="1" sofaID="_InitialView" sofaString="&#10;        LES PRÉCIEUSES RIDICULES,&#10;        Comédie en un acte et en prose, jouée d’abord en province, et représentée pour la première fois à Paris sur le théâtre du Petit-Bourbon, au mois de novembre 1659.&#10;        Lorsque Molière donna cette comédie, la fureur du bel esprit était plus que jamais à la mode. Voiture avait été le premier en France qui avait écrit avec cette galanterie ingénieuse dans laquelle il est si difficile d’éviter la fadeur et l’affectation. Ses ouvrages, où il se trouve quelques vraies beautés avec trop de faux brillants, étaient les seuls modèles ; et presque tous ceux qui se piquaient d’esprit n’imitaient que ses défauts. Les romans de Mlle Scudéri avaient achevé de gâter le goût : il régnait dans la plupart des conversations un mélange de galanterie guindée, de sentiments romanesques et d’expressions bizarres, qui composaient un jargon nouveau, inintelligible et admiré. Les provinces, qui outrent toutes les modes, avaient encore renchéri sur ce ridicule : les femmes qui se piquaient de cette espèce de bel esprit s’appelaient précieuses ; ce nom, si décrié depuis par la pièce de Molière, était alors honorable ; et Molière même dit dans sa préface, qu’il a beaucoup de respect pour les véritables Précieuses, et qu’il n’a voulu jouer que les fausses.&#10;        Cette petite pièce, faite d’abord pour la province, fut applaudie à Paris, et jouée quatre mois de suite. La troupe de Molière fit doubler pour la première fois le prix ordinaire, qui n’était alors que de dix sous au parterre.&#10;        Dès la première représentation, Ménage, homme célèbre dans ce temps-là, dit au fameux Chapelain :&#10;        &#10;          Nous adorions vous et moi, toutes les sottises qui viennent d’être si bien critiquées ; croyez-moi, il nous faudra brûler ce que nous avons adoré. Du moins c’est ce que l’on trouve dans le Ménagiana ; et il est assez vraisemblable que Chapelain, homme alors très-estimé, et cependant le plus mauvais poëte qui ait jamais été, parlait lui-même le jargon des Précieuses ridicules chez madame de Longueville, qui présidait, à ce que dit le cardinal de Retz, à ces combats spirituels dans lesquels on était parvenu à ne se point entendre.&#10;        La pièce est sans intrigue et toute de caractère. Il y a très peu de défauts contre la langue, parce que lorsqu’on écrit en prose, on est bien plus maître de son style ; et parce que Molière ayant à critiquer le langage des beaux esprits du temps, châtia le sien davantage. Le grand succès de ce petit ouvrage lui attira des critiques, que l’Étourdi et le Dépit amoureux n’avaient pas essuyées. Un certain Antoine Bodeau fit les Véritables Précieuses ; on parodia la pièce de Molière : mais toutes ces critiques et ces parodies sont tombées dans l’oubli qu’elles méritaient.&#10;        On sait qu’à une représentation des Précieuses ridicules, un vieillard s’écria du milieu du parterre :&#10;        &#10;          Courage, Molière, voilà la bonne comédie. On eut honte de ce style affecté, contre lequel Molière et Despréaux se sont toujours élevés. On commença à ne plus estimer que le naturel ; et c’est peut-être l’époque du bon goût en France.&#10;        L’envie de se distinguer a ramené depuis le style des Précieuses ; on le retrouve encore dans plusieurs livres modernes. L’unToureil en traitant sérieusement de nos lois, appelle un exploit, un compliment timbré. L’autreFontenelle écrivant à une maîtresse en l’air, lui dit :&#10;        &#10;          Votre nom est écrit en grosses lettres sur mon cœur... Je veux vous faire peindre en Iroquoise, mangeant une demi-douzaine de cœurs par amusement. Un troisièmeLa Motte appelle un cadran au soleil un greffier solaire, une grosse rave, un phénomène potager. Ce style a reparu sur le théâtre même, où Molière l’avait si bien tourné en ridicule. Mais la nation entière a marqué son bon goût, en méprisant cette affectation dans des auteurs que d’ailleurs elle estimait.&#10;      "/>
  <cas:View sofa="1" members="2 3 4 5 6 7 8 9 10 11 12 13 14 15 16 17 18 19 20 21 22 23 24 25 26 27 28 29 30 31 32 33 34 35 36 37 38 39 40 41 42 43 44 45 46"/>
</xmi:XMI>
