<?xml version='1.0' encoding='UTF-8'?>
<xmi:XMI xmlns:xmi="http://www.omg.org/XMI" xmlns:cas="http:///uima/cas.ecore" xmlns:custom="http:///webanno/custom.ecore" xmi:version="2.0">
  <cas:NULL xmi:id="0"/>
  <custom:head xmi:id="2" begin="9" end="20" sofa="1"/>
  <custom:p xmi:id="3" rend="i" begin="29" end="126" sofa="1"/>
  <custom:hi xmi:id="4" rend="i" begin="135" end="143" sofa="1"/>
  <custom:hi xmi:id="5" rend="i" begin="147" end="156" sofa="1"/>
  <custom:hi xmi:id="6" rend="i" begin="239" end="245" sofa="1"/>
  <custom:hi xmi:id="7" rend="i" begin="424" end="431" sofa="1"/>
  <custom:p xmi:id="8" begin="135" end="632" sofa="1"/>
  <custom:hi xmi:id="9" rend="i" begin="641" end="648" sofa="1"/>
  <custom:hi xmi:id="10" rend="i" begin="664" end="670" sofa="1"/>
  <custom:hi xmi:id="11" rend="i" begin="691" end="696" sofa="1"/>
  <custom:hi xmi:id="12" rend="i" begin="703" end="712" sofa="1"/>
  <custom:hi xmi:id="13" rend="i" begin="761" end="767" sofa="1"/>
  <custom:hi xmi:id="14" rend="i" begin="900" end="907" sofa="1"/>
  <custom:hi xmi:id="15" rend="i" begin="913" end="920" sofa="1"/>
  <custom:hi xmi:id="16" rend="i" begin="948" end="955" sofa="1"/>
  <custom:hi xmi:id="17" rend="i" begin="961" end="968" sofa="1"/>
  <custom:hi xmi:id="18" rend="i" begin="974" end="980" sofa="1"/>
  <custom:hi xmi:id="19" rend="i" begin="1035" end="1042" sofa="1"/>
  <custom:p xmi:id="20" begin="641" end="1067" sofa="1"/>
  <custom:hi xmi:id="21" rend="i" begin="1131" end="1141" sofa="1"/>
  <custom:hi xmi:id="22" rend="i" begin="1170" end="1180" sofa="1"/>
  <custom:hi xmi:id="23" rend="i" begin="1229" end="1236" sofa="1"/>
  <custom:hi xmi:id="24" rend="i" begin="1244" end="1250" sofa="1"/>
  <custom:hi xmi:id="25" rend="i" begin="1268" end="1274" sofa="1"/>
  <custom:p xmi:id="26" begin="1076" end="1276" sofa="1"/>
  <custom:p xmi:id="27" begin="1296" end="1333" sofa="1"/>
  <custom:p xmi:id="28" begin="1344" end="1387" sofa="1"/>
  <custom:quote xmi:id="29" rend="i" begin="1296" end="1387" sofa="1"/>
  <custom:hi xmi:id="30" rend="i" begin="1393" end="1399" sofa="1"/>
  <custom:p xmi:id="31" begin="1388" end="1422" sofa="1"/>
  <custom:p xmi:id="32" begin="1442" end="1479" sofa="1"/>
  <custom:quote xmi:id="33" begin="1442" end="1479" sofa="1"/>
  <custom:p xmi:id="34" begin="1480" end="1494" sofa="1"/>
  <custom:p xmi:id="35" begin="1514" end="1626" sofa="1"/>
  <custom:quote xmi:id="36" begin="1514" end="1626" sofa="1"/>
  <custom:hi xmi:id="37" rend="i" begin="1679" end="1686" sofa="1"/>
  <custom:hi xmi:id="38" rend="i" begin="1704" end="1710" sofa="1"/>
  <custom:hi xmi:id="39" rend="i" begin="1771" end="1779" sofa="1"/>
  <custom:hi xmi:id="40" rend="i" begin="1987" end="1997" sofa="1"/>
  <custom:hi xmi:id="41" rend="i" begin="2001" end="2008" sofa="1"/>
  <custom:p xmi:id="42" begin="1627" end="2288" sofa="1"/>
  <custom:hi xmi:id="43" rend="sup" begin="2298" end="2300" sofa="1"/>
  <custom:hi xmi:id="44" rend="i" begin="2499" end="2509" sofa="1"/>
  <custom:hi xmi:id="45" rend="i" begin="2513" end="2519" sofa="1"/>
  <custom:hi xmi:id="46" rend="i" begin="2616" end="2631" sofa="1"/>
  <custom:p xmi:id="47" begin="2297" end="2663" sofa="1"/>
  <custom:hi xmi:id="48" rend="i" begin="2674" end="2684" sofa="1"/>
  <custom:hi xmi:id="49" rend="i" begin="2688" end="2695" sofa="1"/>
  <custom:hi xmi:id="50" rend="i" begin="2875" end="2882" sofa="1"/>
  <custom:hi xmi:id="51" rend="i" begin="3293" end="3302" sofa="1"/>
  <custom:hi xmi:id="52" rend="i" begin="3336" end="3344" sofa="1"/>
  <custom:p xmi:id="53" begin="2672" end="3345" sofa="1"/>
  <cas:Sofa xmi:id="1" sofaNum="1" sofaID="_InitialView" sofaString="&#10;        AMPHITRYON,&#10;        Comédie en vers et en trois actes, représentée sur le théâtre du Palais-Royal le 13 janvier 1668.&#10;        Euripide et Archippus avaient traité ce sujet de tragi-comédie chez les Grecs ; c’est une des pièces de Plaute qui a eu le plus de succès ; on la jouait encore à Rome cinq cents ans après lui ; et, ce qui peut paraître singulier, c’est qu’on la jouait toujours dans des fêtes consacrées à Jupiter_ Il n’y a que ceux qui ne savent point combien les hommes agissent peu conséquemment, qui puissent être surpris qu’on se moquât publiquement au théâtre, des mêmes Dieux qu’on adorait dans les temples.&#10;        Molière a tout pris de Plaute, hors les scènes de Sosie et de Cléanthis_ Ceux qui ont dit qu’il a imité son prologue de Lucien, ne savent pas la différence qui est entre une imitation, et la ressemblance très éloignée de l’excellent dialogue de la Nuit et de Mercure dans Molière, avec le petit dialogue de Mercure et d’Apollon dans Lucien : il n’y a pas une plaisanterie, pas un seul mot, que Molière doive à cet auteur grec.&#10;        Tous les lecteurs exempts de préjugés savent combien l’Amphitryon français est au-dessus de l’Amphitryon latin. On ne peut pas dire des plaisanteries de Molière, ce qu’Horace dit de celles de Plaute :&#10;        &#10;          Nostri proavi Plautinos et numeros et&#10;          Laudavere sales, nimium patienter utrumque. Dans Plaute, Mercure dit à Sosie :&#10;        &#10;          Tu viens avec des fourberies cousues. Sosie répond :&#10;        &#10;          Je viens avec des habits cousus. Tu as menti, réplique le Dieu, tu viens avec tes pieds, et non avec tes habits. Ce n’est pas là le comique de notre théâtre. Autant Molière paraît surpasser Plaute dans cette espèce de plaisanterie que les Romains nommaient urbanité, autant paraît-il aussi l’emporter dans l’économie de sa pièce. Quand il fallait chez les anciens apprendre aux spectateurs quelque événement, un acteur venait sans façon le conter dans un monologue ; ainsi Amphitryon et Mercure viennent seuls sur la scène dire tout ce qu’ils ont fait, pendant les entractes. Il n’y avait pas plus d’art dans les tragédies. Cela seul fait peut-être voir que le théâtre des anciens (d’ailleurs à jamais respectable) est par rapport au nôtre, ce que l’enfance est à l’âge mûr.&#10;        Mme Dacier, qui a fait honneur à son sexe par son érudition, et qui lui en eût fait davantage si avec la science des commentateurs elle n’en eût pas eu l’esprit, fit une dissertation pour prouver que l’Amphitryon de Plaute était fort au-dessus du moderne ; mais ayant ouï dire que Molière voulait faire une comédie des Femmes savantes, elle supprima sa dissertation.&#10;        L’Amphitryon de Molière réussit pleinement et sans contradiction ; aussi est-ce une pièce faite pour plaire aux plus simples et aux plus grossiers, comme aux plus délicats. C’est la première comédie que Molière ait écrite en vers libres. On prétendit alors que ce genre de versification était plus propre à la comédie que les rimes plates, en ce qu’il y a plus de liberté et plus de variété. Cependant les rimes plates en vers alexandrins ont prévalu. Les vers libres sont d’autant plus malaisés à faire, qu’ils semblent plus faciles. Il y a un rythme très peu connu qu’il y faut observer, sans quoi cette poésie rebute. Corneille ne connut pas ce rythme dans son Agésilas_&#10;      "/>
  <cas:View sofa="1" members="2 3 4 5 6 7 8 9 10 11 12 13 14 15 16 17 18 19 20 21 22 23 24 25 26 27 28 29 30 31 32 33 34 35 36 37 38 39 40 41 42 43 44 45 46 47 48 49 50 51 52 53"/>
</xmi:XMI>
