<?xml version='1.0' encoding='UTF-8'?>
<xmi:XMI xmlns:xmi="http://www.omg.org/XMI" xmlns:cas="http:///uima/cas.ecore" xmlns:custom="http:///webanno/custom.ecore" xmi:version="2.0">
  <cas:NULL xmi:id="0"/>
  <custom:head xmi:id="2" begin="9" end="35" sofa="1"/>
  <custom:lb xmi:id="3" begin="125" end="125" sofa="1"/>
  <custom:p xmi:id="4" rend="i" begin="44" end="167" sofa="1"/>
  <custom:hi xmi:id="5" rend="i" begin="176" end="183" sofa="1"/>
  <custom:hi xmi:id="6" rend="i" begin="312" end="321" sofa="1"/>
  <custom:hi xmi:id="7" rend="i" begin="359" end="368" sofa="1"/>
  <custom:hi xmi:id="8" rend="i" begin="541" end="550" sofa="1"/>
  <custom:hi xmi:id="9" rend="i" begin="563" end="570" sofa="1"/>
  <custom:hi xmi:id="10" rend="i" begin="789" end="794" sofa="1"/>
  <custom:hi xmi:id="11" rend="i" begin="798" end="802" sofa="1"/>
  <custom:hi xmi:id="12" rend="i" begin="804" end="811" sofa="1"/>
  <custom:p xmi:id="13" begin="176" end="896" sofa="1"/>
  <cas:Sofa xmi:id="1" sofaNum="1" sofaID="_InitialView" sofaString="&#10;        L’IMPROMPTU DE VERSAILLES,&#10;        Petite pièce en un acte et en prose, représentée à Versailles le 14 octobre 1663&#10;et à Paris le 4 Novembre de la même année.&#10;        Molière fit ce petit ouvrage en partie pour se justifier devant le roi de plusieurs calomnies, et en partie pour répondre à la pièce de Boursault_ C’est une satire cruelle et outrée, Boursault y est nommé par son nom. La licence de l’ancienne comédie grecque n’allait pas plus loin. Il eût été de la bienséance et de l’honnêteté publique, de supprimer la satire de Boursault et celle de Molière_ Il est honteux que les hommes de génie et de talent s’exposent par cette petite guerre à être la risée des sots. Il n’est permis de s’adresser aux personnes que quand ce sont des hommes publiquement déshonorés, comme Rolet et Wasp_ Molière sentit d’ailleurs la faiblesse de cette petite comédie, et ne la fit point imprimer.&#10;      "/>
  <cas:View sofa="1" members="2 3 4 5 6 7 8 9 10 11 12 13"/>
</xmi:XMI>
