<?xml version='1.0' encoding='UTF-8'?>
<xmi:XMI xmlns:xmi="http://www.omg.org/XMI" xmlns:cas="http:///uima/cas.ecore" xmlns:custom="http:///webanno/custom.ecore" xmi:version="2.0">
  <cas:NULL xmi:id="0"/>
  <custom:head xmi:id="2" begin="9" end="52" sofa="1"/>
  <custom:p xmi:id="3" rend="i" begin="61" end="156" sofa="1"/>
  <custom:hi xmi:id="4" rend="i" begin="165" end="172" sofa="1"/>
  <custom:hi xmi:id="5" rend="i" begin="189" end="199" sofa="1"/>
  <custom:hi xmi:id="6" rend="i" begin="323" end="330" sofa="1"/>
  <custom:hi xmi:id="7" rend="i" begin="456" end="463" sofa="1"/>
  <custom:hi xmi:id="8" rend="i" begin="544" end="554" sofa="1"/>
  <custom:p xmi:id="9" begin="165" end="599" sofa="1"/>
  <cas:Sofa xmi:id="1" sofaNum="1" sofaID="_InitialView" sofaString="&#10;        DON GARCIE DE NAVARRE, OU LE PRINCE JALOUX,&#10;        Comédie héroïque en vers et en cinq actes, représentée pour la première fois le 4 Février 1661.&#10;        Molière joua le rôle de Don Garcie, et ce fut par cette pièce qu’il apprit qu’il n’avait point de talent pour le sérieux, comme acteur. La pièce et le jeu de Molière furent très-mal reçus. Cette pièce, imitée de l’espagnol, n’a jamais été rejouée depuis sa chute. La réputation naissante de Molière souffrit beaucoup de cette disgrâce, et ses ennemis triomphèrent quelque temps. Don Garcie ne fut imprimé qu’après la mort de l’auteur.&#10;      "/>
  <cas:View sofa="1" members="2 3 4 5 6 7 8 9"/>
</xmi:XMI>
