<?xml version='1.0' encoding='UTF-8'?>
<xmi:XMI xmlns:xmi="http://www.omg.org/XMI" xmlns:cas="http:///uima/cas.ecore" xmlns:custom="http:///webanno/custom.ecore" xmi:version="2.0">
  <cas:NULL xmi:id="0"/>
  <custom:head xmi:id="2" begin="9" end="30" sofa="1"/>
  <custom:p xmi:id="3" rend="i" begin="39" end="141" sofa="1"/>
  <custom:hi xmi:id="4" rend="i" begin="665" end="672" sofa="1"/>
  <custom:hi xmi:id="5" rend="i" begin="723" end="731" sofa="1"/>
  <custom:hi xmi:id="6" rend="i" begin="799" end="813" sofa="1"/>
  <custom:hi xmi:id="7" rend="i" begin="818" end="825" sofa="1"/>
  <custom:hi xmi:id="8" rend="i" begin="838" end="842" sofa="1"/>
  <custom:p xmi:id="9" begin="150" end="1398" sofa="1"/>
  <custom:hi xmi:id="10" rend="i" begin="1427" end="1434" sofa="1"/>
  <custom:hi xmi:id="11" rend="i" begin="1467" end="1473" sofa="1"/>
  <custom:hi xmi:id="12" rend="i" begin="1584" end="1592" sofa="1"/>
  <custom:hi xmi:id="13" rend="i" begin="1689" end="1695" sofa="1"/>
  <custom:hi xmi:id="14" rend="i" begin="2024" end="2030" sofa="1"/>
  <custom:p xmi:id="15" begin="1407" end="2193" sofa="1"/>
  <custom:hi xmi:id="16" rend="i" begin="2230" end="2237" sofa="1"/>
  <custom:p xmi:id="17" begin="2202" end="2390" sofa="1"/>
  <custom:p xmi:id="18" begin="2399" end="2429" sofa="1"/>
  <cas:Sofa xmi:id="1" sofaNum="1" sofaID="_InitialView" sofaString="&#10;        LE MALADE IMAGINAIRE,&#10;        En trois actes, avec des intermèdes, fut représenté sur le théâtre du Palais-Royal le 10 février 1673.&#10;        C’est une de ces farces de Molière dans laquelle on trouve beaucoup de scènes dignes de la haute comédie. La naïveté, peut-être poussée trop loin, en fait le principal caractère. Ses farces ont le défaut d’être quelquefois un peu trop basses, et ses comédies de n’être pas toujours assez intéressantes. Mais avec tous ces défauts-là, il sera toujours le premier de tous les poètes comiques. Depuis lui, le théâtre français s’est soutenu, et même a été asservi à des lois de décence plus rigoureuses que du temps de Molière_ On n’oserait aujourd’hui hasarder la scène où le Tartuffe presse la femme de son hôte ; on n’oserait se servir des termes de Fils de putain, de Carogne, et même de Cocu ; la plus exacte bienséance règne dans les pièces modernes. Il est étrange que tant de régularité n’ait pu laver encore cette tache, qu’un préjugé très injuste attache à la profession de comédien. Ils étaient honorés dans Athènes, où ils représentaient de moins bons ouvrages. Il y a de la cruauté à vouloir avilir des hommes nécessaires à un État bien policé, qui exercent, sous les yeux des magistrats, un talent très difficile et très estimable. Mais c’est le sort de tous ceux qui n’ont que leur talent pour appui, de travailler pour un public ingrat.&#10;        On demande pourquoi Molière, ayant autant de réputation que Racine, le spectacle cependant est désert quand on joue ses comédies, et qu’il ne va presque plus personne à ce même Tartuffe qui attirait autrefois tout Paris, tandis qu’on court encore avec empressement aux tragédies de Racine lorsqu’elles sont bien représentées ? C’est que la peinture de nos passions nous touche encore davantage que le portrait de nos ridicules, c’est que l’esprit se lasse des plaisanteries, et que le cœur est inépuisable. L’oreille est aussi plus flattée de l’harmonie des beaux vers tragiques, et de la magie étonnante du style de Racine, qu’elle ne peut l’être du langage propre à la comédie ; ce langage peut plaire, mais il ne peut jamais émouvoir, et l’on ne vient au spectacle que pour être ému.&#10;        Il faut encore convenir que Molière, tout admirable qu’il est dans son genre, n’a ni des intrigues assez attachantes, ni des dénouements assez heureux, tant l’art dramatique est difficile.&#10;        FIN DE LA VIE DE MOLIÈRE, ETC.&#10;      "/>
  <cas:View sofa="1" members="2 3 4 5 6 7 8 9 10 11 12 13 14 15 16 17 18"/>
</xmi:XMI>
