<?xml version='1.0' encoding='UTF-8'?>
<xmi:XMI xmlns:xmi="http://www.omg.org/XMI" xmlns:cas="http:///uima/cas.ecore" xmlns:custom="http:///webanno/custom.ecore" xmi:version="2.0">
  <cas:NULL xmi:id="0"/>
  <custom:head xmi:id="2" begin="9" end="27" sofa="1"/>
  <custom:p xmi:id="3" rend="i" begin="36" end="119" sofa="1"/>
  <custom:hi xmi:id="4" rend="i" begin="128" end="145" sofa="1"/>
  <custom:hi xmi:id="5" rend="i" begin="186" end="194" sofa="1"/>
  <custom:hi xmi:id="6" rend="i" begin="301" end="319" sofa="1"/>
  <custom:hi xmi:id="7" rend="i" begin="566" end="583" sofa="1"/>
  <custom:hi xmi:id="8" rend="i" begin="634" end="640" sofa="1"/>
  <custom:hi xmi:id="9" rend="i" begin="647" end="653" sofa="1"/>
  <custom:hi xmi:id="10" rend="i" begin="856" end="878" sofa="1"/>
  <custom:p xmi:id="11" begin="128" end="968" sofa="1"/>
  <cas:Sofa xmi:id="1" sofaNum="1" sofaID="_InitialView" sofaString="&#10;        LE DÉPIT AMOUREUX,&#10;        Comédie en vers et en cinq actes, représentée au théâtre du Petit-Bourbon, en 1658.&#10;        Le Dépit amoureux fut joué à Paris, immédiatement après l’Étourdi. C’est encore une pièce d’intrigue, mais d’un autre genre que la précédente. Il n’y a qu’un seul nœud dans Le Dépit amoureux. Il est vrai qu’on a trouvé le déguisement d’une fille en garçon peu vraisemblable. Cette intrigue a le défaut d’un roman, sans en avoir l’intérêt ; et le cinquième acte employé à débrouiller ce roman, n’a paru ni vif ni comique. On a admiré dans Le Dépit amoureux la scène de la brouillerie et du raccommodement d’Éraste et de Lucile_ Le succès est toujours assuré, soit en tragique, soit en comique, à ces sortes de scènes qui représentent la passion la plus chère aux hommes dans la circonstance la plus vive. La petite ode d’Horace, Donec gratus eram tibi  a été regardée comme le modèle de ces scènes, qui sont enfin devenues des lieux communs.&#10;      "/>
  <cas:View sofa="1" members="2 3 4 5 6 7 8 9 10 11"/>
</xmi:XMI>
