<?xml version='1.0' encoding='UTF-8'?>
<xmi:XMI xmlns:xmi="http://www.omg.org/XMI" xmlns:cas="http:///uima/cas.ecore" xmlns:custom="http:///webanno/custom.ecore" xmi:version="2.0">
  <cas:NULL xmi:id="0"/>
  <custom:head xmi:id="2" begin="9" end="37" sofa="1"/>
  <custom:p xmi:id="3" rend="i" begin="46" end="97" sofa="1"/>
  <custom:hi xmi:id="4" rend="i" begin="231" end="240" sofa="1"/>
  <custom:p xmi:id="5" begin="106" end="240" sofa="1"/>
  <custom:hi xmi:id="6" rend="i" begin="377" end="386" sofa="1"/>
  <custom:hi xmi:id="7" rend="i" begin="424" end="431" sofa="1"/>
  <custom:p xmi:id="8" begin="249" end="564" sofa="1"/>
  <custom:hi xmi:id="9" rend="i" begin="643" end="648" sofa="1"/>
  <custom:hi xmi:id="10" rend="i" begin="802" end="809" sofa="1"/>
  <custom:hi xmi:id="11" rend="i" begin="854" end="861" sofa="1"/>
  <custom:hi xmi:id="12" rend="i" begin="1018" end="1029" sofa="1"/>
  <custom:p xmi:id="13" begin="573" end="1122" sofa="1"/>
  <custom:hi xmi:id="14" rend="i" begin="1131" end="1138" sofa="1"/>
  <custom:hi xmi:id="15" rend="i" begin="1274" end="1286" sofa="1"/>
  <custom:p xmi:id="16" begin="1131" end="1649" sofa="1"/>
  <custom:hi xmi:id="17" rend="i" begin="1700" end="1707" sofa="1"/>
  <custom:p xmi:id="18" begin="1658" end="1727" sofa="1"/>
  <custom:hi xmi:id="19" rend="i" begin="1783" end="1794" sofa="1"/>
  <custom:p xmi:id="20" begin="1747" end="1858" sofa="1"/>
  <custom:quote xmi:id="21" begin="1747" end="1858" sofa="1"/>
  <custom:hi xmi:id="22" rend="i" begin="2009" end="2027" sofa="1"/>
  <custom:p xmi:id="23" begin="1859" end="2223" sofa="1"/>
  <custom:p xmi:id="24" rend="i" begin="2243" end="2276" sofa="1"/>
  <custom:quote xmi:id="25" begin="2243" end="2276" sofa="1"/>
  <custom:p xmi:id="26" begin="2277" end="2317" sofa="1"/>
  <custom:p xmi:id="27" begin="2337" end="2425" sofa="1"/>
  <custom:quote xmi:id="28" begin="2337" end="2425" sofa="1"/>
  <custom:hi xmi:id="29" rend="i" begin="2452" end="2459" sofa="1"/>
  <custom:hi xmi:id="30" rend="i" begin="2543" end="2554" sofa="1"/>
  <custom:hi xmi:id="31" rend="i" begin="2600" end="2607" sofa="1"/>
  <custom:p xmi:id="32" begin="2426" end="2816" sofa="1"/>
  <custom:hi xmi:id="33" rend="i" begin="2993" end="3000" sofa="1"/>
  <custom:hi xmi:id="34" rend="i" begin="3080" end="3085" sofa="1"/>
  <custom:hi xmi:id="35" rend="i" begin="3288" end="3295" sofa="1"/>
  <custom:p xmi:id="36" begin="2825" end="3335" sofa="1"/>
  <custom:l xmi:id="37" begin="3355" end="3406" sofa="1"/>
  <custom:l xmi:id="38" begin="3417" end="3467" sofa="1"/>
  <custom:l xmi:id="39" begin="3478" end="3531" sofa="1"/>
  <custom:quote xmi:id="40" begin="3355" end="3531" sofa="1"/>
  <custom:hi xmi:id="41" rend="i" begin="3639" end="3647" sofa="1"/>
  <custom:p xmi:id="42" begin="3532" end="3861" sofa="1"/>
  <custom:hi xmi:id="43" rend="i" begin="3929" end="3937" sofa="1"/>
  <custom:hi xmi:id="44" rend="i" begin="4013" end="4021" sofa="1"/>
  <custom:p xmi:id="45" begin="3870" end="4207" sofa="1"/>
  <custom:p xmi:id="46" begin="4227" end="4274" sofa="1"/>
  <custom:quote xmi:id="47" begin="4227" end="4274" sofa="1"/>
  <custom:p xmi:id="48" begin="4275" end="4287" sofa="1"/>
  <custom:p xmi:id="49" begin="4307" end="4350" sofa="1"/>
  <custom:quote xmi:id="50" begin="4307" end="4350" sofa="1"/>
  <custom:hi xmi:id="51" rend="i" begin="4457" end="4480" sofa="1"/>
  <custom:hi xmi:id="52" rend="i" begin="4539" end="4550" sofa="1"/>
  <custom:hi xmi:id="53" rend="i" begin="4569" end="4579" sofa="1"/>
  <custom:hi xmi:id="54" rend="i" begin="4625" end="4648" sofa="1"/>
  <custom:hi xmi:id="55" rend="i" begin="4668" end="4675" sofa="1"/>
  <custom:hi xmi:id="56" rend="i" begin="4732" end="4742" sofa="1"/>
  <custom:hi xmi:id="57" rend="i" begin="4756" end="4771" sofa="1"/>
  <custom:hi xmi:id="58" rend="i" begin="4807" end="4830" sofa="1"/>
  <custom:hi xmi:id="59" rend="i" begin="5101" end="5149" sofa="1"/>
  <custom:p xmi:id="60" begin="4351" end="5209" sofa="1"/>
  <custom:l xmi:id="61" begin="5229" end="5276" sofa="1"/>
  <custom:l xmi:id="62" begin="5287" end="5330" sofa="1"/>
  <custom:l xmi:id="63" begin="5341" end="5390" sofa="1"/>
  <custom:l xmi:id="64" begin="5401" end="5446" sofa="1"/>
  <custom:l xmi:id="65" begin="5457" end="5496" sofa="1"/>
  <custom:l xmi:id="66" begin="5507" end="5563" sofa="1"/>
  <custom:quote xmi:id="67" begin="5229" end="5563" sofa="1"/>
  <custom:hi xmi:id="68" rend="i" begin="5724" end="5731" sofa="1"/>
  <custom:p xmi:id="69" begin="5564" end="6041" sofa="1"/>
  <cas:Sofa xmi:id="1" sofaNum="1" sofaID="_InitialView" sofaString="&#10;        L’IMPOSTEUR, OU LE TARTUFFE,&#10;        Joué sans interruption en public le 5 février 1669.&#10;        On sait toutes les traverses que cet admirable ouvrage essuya. On en voit le détail dans la préface de l’auteur au devant du Tartuffe.&#10;        Les trois premiers actes avaient été représentés à Versailles devant le roi le 12 mai 1664. Ce n’était pas la première fois que Louis XIV, qui sentait le prix des ouvrages de Molière, avait voulu les voir avant qu’ils fussent achevés : il fut fort content de ce commencement, et par conséquent la cour le fut aussi.&#10;        Il fut joué le 29 novembre de la même année à Rainsy, devant le grand Condé_ Dès lors les rivaux se réveillèrent ; les dévots commencèrent à faire du bruit ; les faux zélés, (l’espèce d’hommes la plus dangereuse) crièrent contre Molière, et séduisirent même quelques gens de bien. Molière voyant tant d’ennemis qui allaient attaquer sa personne encore plus que sa pièce, voulut laisser ces premières fureurs se calmer : il fut un an sans donner Le Tartuffe ; il le lisait seulement dans quelques maisons choisies, où la superstition ne dominait pas.&#10;        Molière ayant opposé la protection et le zèle de ses amis aux cabales naissantes de ses ennemis, obtint du roi une permission verbale de jouer Le Tartuffe. La première représentation en fut donc faite à Paris le 5 août 1667. Le lendemain on allait la rejouer ; l’assemblée était la plus nombreuse qu’on eût jamais vue ; il y avait des dames de la première distinction aux troisièmes loges ; les acteurs allaient commencer, lorsqu’il arriva un ordre du premier président du parlement, portant défense de jouer la pièce.&#10;        C’est à cette occasion, qu’on prétend que Molière dit à l’assemblée :&#10;        &#10;          Messieurs, nous allions vous donner Le Tartuffe ; mais monsieur le premier président ne veut pas qu’on le joue. Pendant qu’on supprimait cet ouvrage, qui était l’éloge de la vertu et la satire de la seule hypocrisie, on permit qu’on jouât sur le théâtre italien Scaramouche ermite, pièce très froide si elle n’eût été licencieuse, dans laquelle un ermite vêtu en moine monte la nuit par une échelle à la fenêtre d’une femme mariée, et y reparaît de temps en temps, en disant :&#10;        &#10;          Questo è per mortificar la carne. On sait sur cela le mot du grand Condé :&#10;        &#10;          Les comédiens Italiens n’ont offensé que DIEU, mais les Français ont offensé les dévots. Au bout de quelque temps, Molière fut délivré de la persécution ; il obtint un ordre du roi par écrit de représenter Le Tartuffe_ Les comédiens, ses camarades, voulurent que Molière eût toute sa vie deux parts dans le gain de la troupe, toutes les fois qu’on jouerait cette pièce ; elle fut représentée trois mois de suite, et durera autant qu’il y aura en France du goût et des hypocrites.&#10;        Aujourd’hui bien des gens regardent comme une leçon de morale cette même pièce, qu’on trouvait autrefois si scandaleuse. On peut hardiment avancer, que les discours de Cléante, dans lesquels la vertu vraie et éclairée est opposée à la dévotion imbécile d’Orgon, sont, à quelques expressions près, le plus fort et le plus élégant sermon que nous ayons en notre langue ; et c’est peut-être ce qui révolta davantage ceux qui parlaient moins bien dans la chaire, que Molière au théâtre. Voyez surtout cet endroit :&#10;        &#10;          Allez, tous vos discours ne me font point de peur ;&#10;          Je sais comme je parle, et le ciel voit mon cœur :&#10;          Il est de faux dévots, ainsi que de faux braves, etc. Presque tous les caractères de cette pièce sont originaux : il n’y en a aucun qui ne soit bon, et celui du Tartuffe est parfait. On admire la conduite de la pièce jusqu’au dénouement ; on sent combien il est forcé, et combien les louanges du roi, quoique mal amenées, étaient nécessaires pour soutenir Molière contre ses ennemis.&#10;        Dans les premières représentations, l’imposteur se nommait Panulphe_ Et ce n’était qu’à la dernière scène qu’on apprenait son véritable nom de Tartuffe, sous lequel ses impostures étaient supposées être connues du roi. À cela près, la pièce était comme elle est aujourd’hui. Le changement le plus marqué qu’on y ait fait, est à ce vers :&#10;        &#10;          Ô ciel, pardonne-moi la douleur qu’il me donne. Il y avait :&#10;        &#10;          Ô ciel, pardonne-moi comme je lui pardonne. Qui croirait que le succès de cette admirable pièce eût été balancé par celui d’une comédie qu’on appelle La Femme juge et partie, qui fut jouée à l’hôtel de Bourgogne aussi longtemps que Le Tartuffe au Palais-Royal ? Montfleuri, comédien de l’hôtel de Bourgogne, auteur de La Femme juge et partie, se croyait égal à Molière ; et la préface qu’on a mise au devant du recueil de ce Montfleuri, avertit que M. de Monfleuri était un grand homme. Le succès de La Femme juge et partie, et de tant d’autres pièces médiocres, dépend uniquement d’une situation que le jeu d’un acteur fait valoir. On sait qu’au théâtre il faut peu de chose pour faire réussir ce qu’on méprise à la lecture. On représenta sur le théâtre de l’hôtel de Bourgogne, à la suite de La Femme juge et partie, La Critique du Tartuffe_ Voici ce qu’on trouve dans le prologue de cette critique :&#10;        &#10;          Molière plaît assez, c’est un bouffon plaisant,&#10;          Qui divertit le monde en le contrefaisant ;&#10;          Ses grimaces souvent causent quelques surprises ;&#10;          Toutes ses pièces sont d’agréables sottises :&#10;          Il est mauvais poëte, et bon comédien ;&#10;          Il fait rire, et de vrai, c’est tout ce qu’il fait bien. On imprima contre lui vingt libelles ; un curé de Paris s’avilit jusqu’à composer une de ces brochures, dans laquelle il débutait par dire qu’il fallait brûler Molière_ Voilà comme ce grand homme fut traité de son vivant ; l’approbation du public éclairé lui donnait une gloire qui le vengeait assez : mais qu’il est humiliant pour une nation, et triste pour les hommes de génie, que le petit nombre leur rende justice, tandis que le grand nombre les néglige ou les persécute !&#10;      "/>
  <cas:View sofa="1" members="2 3 4 5 6 7 8 9 10 11 12 13 14 15 16 17 18 19 20 21 22 23 24 25 26 27 28 29 30 31 32 33 34 35 36 37 38 39 40 41 42 43 44 45 46 47 48 49 50 51 52 53 54 55 56 57 58 59 60 61 62 63 64 65 66 67 68 69"/>
</xmi:XMI>
