<?xml version='1.0' encoding='UTF-8'?>
<xmi:XMI xmlns:xmi="http://www.omg.org/XMI" xmlns:cas="http:///uima/cas.ecore" xmlns:custom="http:///webanno/custom.ecore" xmi:version="2.0">
  <cas:NULL xmi:id="0"/>
  <custom:head xmi:id="2" begin="9" end="34" sofa="1"/>
  <custom:p xmi:id="3" rend="i" begin="43" end="191" sofa="1"/>
  <custom:hi xmi:id="4" rend="i" begin="200" end="224" sofa="1"/>
  <custom:hi xmi:id="5" rend="i" begin="401" end="405" sofa="1"/>
  <custom:hi xmi:id="6" rend="i" begin="469" end="480" sofa="1"/>
  <custom:p xmi:id="7" begin="200" end="481" sofa="1"/>
  <custom:l xmi:id="8" begin="501" end="538" sofa="1"/>
  <custom:l xmi:id="9" begin="549" end="583" sofa="1"/>
  <custom:quote xmi:id="10" begin="501" end="583" sofa="1"/>
  <custom:hi xmi:id="11" rend="i" begin="1423" end="1437" sofa="1"/>
  <custom:hi xmi:id="12" rend="i" begin="1453" end="1477" sofa="1"/>
  <custom:p xmi:id="13" begin="584" end="1491" sofa="1"/>
  <custom:hi xmi:id="14" rend="i" begin="1653" end="1660" sofa="1"/>
  <custom:p xmi:id="15" begin="1500" end="1856" sofa="1"/>
  <custom:hi xmi:id="16" rend="i" begin="1865" end="1870" sofa="1"/>
  <custom:hi xmi:id="17" rend="i" begin="1927" end="1939" sofa="1"/>
  <custom:p xmi:id="18" begin="1865" end="1940" sofa="1"/>
  <cas:Sofa xmi:id="1" sofaNum="1" sofaID="_InitialView" sofaString="&#10;        LE BOURGEOIS GENTILHOMME,&#10;        Comédie-ballet en prose et en cinq actes, faite et jouée à Chambord, au mois d’octobre 1670, et représentée à Paris le 23 novembre de la même année.&#10;        Le Bourgeois gentilhomme est un des plus heureux sujets de comédie, que le ridicule des hommes ait jamais pu fournir. La vanité, attribut de l’espèce humaine, fait que les princes prennent le titre de rois, que les grands seigneurs veulent être princes ; et, comme dit La Fontaine,&#10;        &#10;          Tout petit prince a des ambassadeurs,&#10;          Tout marquis veut avoir des pages. Cette faiblesse est précisément la même que celle d’un bourgeois qui veut être homme de qualité. Mais la folie du bourgeois est la seule qui soit comique, et qui puisse faire rire au théâtre : ce sont les extrêmes disproportions des manières et du langage d’un homme, avec les airs et les discours qu’il veut affecter, qui font un ridicule plaisant ; cette espèce de ridicule ne se trouve point dans des princes ou dans des hommes élevés à la cour, qui couvrent toutes leurs sottises du même air et du même langage ; mais ce ridicule se montre tout entier dans un bourgeois élevé grossièrement, et dont le naturel fait à tout moment un contraste avec l’art dont il veut se parer. C’est ce naturel grossier qui fait le plaisant de la comédie ; et voilà pourquoi ce n’est jamais que dans la vie commune qu’on prend les personnages comiques. Le Misanthrope est admirable, Le Bourgeois gentilhomme est plaisant.&#10;        Les quatre premiers actes de cette pièce peuvent passer pour une comédie ; le cinquième est une farce qui est réjouissante, mais trop peu vraisemblable. Molière aurait pu donner moins de prise à la critique, en supposant quelque autre homme que le fils du Grand Turc. Mais il cherchait par ce divertissement plutôt à réjouir qu’à faire un ouvrage régulier.&#10;        Lulli fit aussi la musique du ballet, et il y joua comme dans Pourceaugnac_&#10;      "/>
  <cas:View sofa="1" members="2 3 4 5 6 7 8 9 10 11 12 13 14 15 16 17 18"/>
</xmi:XMI>
