<?xml version='1.0' encoding='UTF-8'?>
<xmi:XMI xmlns:xmi="http://www.omg.org/XMI" xmlns:cas="http:///uima/cas.ecore" xmlns:custom="http:///webanno/custom.ecore" xmi:version="2.0">
  <cas:NULL xmi:id="0"/>
  <custom:head xmi:id="2" begin="9" end="42" sofa="1"/>
  <custom:p xmi:id="3" rend="i" begin="51" end="148" sofa="1"/>
  <custom:hi xmi:id="4" rend="i" begin="193" end="209" sofa="1"/>
  <custom:hi xmi:id="5" rend="i" begin="218" end="233" sofa="1"/>
  <custom:hi xmi:id="6" rend="i" begin="270" end="313" sofa="1"/>
  <custom:hi xmi:id="7" rend="i" begin="363" end="383" sofa="1"/>
  <custom:hi xmi:id="8" rend="i" begin="449" end="469" sofa="1"/>
  <custom:hi xmi:id="9" rend="i" begin="818" end="826" sofa="1"/>
  <custom:hi xmi:id="10" rend="i" begin="999" end="1018" sofa="1"/>
  <custom:p xmi:id="11" begin="157" end="1094" sofa="1"/>
  <custom:hi xmi:id="12" rend="i" begin="1103" end="1111" sofa="1"/>
  <custom:hi xmi:id="13" rend="i" begin="1151" end="1170" sofa="1"/>
  <custom:hi xmi:id="14" rend="i" begin="1219" end="1226" sofa="1"/>
  <custom:hi xmi:id="15" rend="i" begin="1810" end="1818" sofa="1"/>
  <custom:hi xmi:id="16" rend="i" begin="1832" end="1839" sofa="1"/>
  <custom:hi xmi:id="17" rend="i" begin="1881" end="1897" sofa="1"/>
  <custom:hi xmi:id="18" rend="i" begin="1938" end="1945" sofa="1"/>
  <custom:hi xmi:id="19" rend="i" begin="1955" end="1971" sofa="1"/>
  <custom:p xmi:id="20" begin="1103" end="2111" sofa="1"/>
  <custom:hi xmi:id="21" rend="i" begin="2152" end="2168" sofa="1"/>
  <custom:hi xmi:id="22" rend="i" begin="2172" end="2179" sofa="1"/>
  <custom:hi xmi:id="23" rend="i" begin="2208" end="2216" sofa="1"/>
  <custom:p xmi:id="24" begin="2120" end="2302" sofa="1"/>
  <custom:p xmi:id="25" begin="2322" end="2752" sofa="1"/>
  <custom:quote xmi:id="26" begin="2322" end="2752" sofa="1"/>
  <custom:hi xmi:id="27" rend="i" begin="2799" end="2807" sofa="1"/>
  <custom:p xmi:id="28" begin="2753" end="2986" sofa="1"/>
  <custom:hi xmi:id="29" rend="i" begin="3052" end="3059" sofa="1"/>
  <custom:hi xmi:id="30" rend="i" begin="3088" end="3104" sofa="1"/>
  <custom:p xmi:id="31" begin="2995" end="3122" sofa="1"/>
  <custom:p xmi:id="32" begin="3131" end="3165" sofa="1"/>
  <cas:Sofa xmi:id="1" sofaNum="1" sofaID="_InitialView" sofaString="&#10;        DON JUAN, ou LE FESTIN DE PIERRE.&#10;        Comédie en prose et en cinq actes, représentée sur le théâtre du Palais-Royal le 15 février 1665.&#10;        L’original de la comédie bizarre du Festin de Pierre, est de Triso de Molina, auteur espagnol. Il est intitulé : El Combinado de Piedra, Le Convié de Pierre_ Il fut joué ensuite en Italie, sous le titre de Convitato di Pietra. La troupe des comédiens italiens le joua à Paris, et on l’appela Le Festin de Pierre. Il eut un grand succès sur ce théâtre irrégulier ; on ne se révolta point contre le monstrueux assemblage de bouffonnerie et de religion, de plaisanterie et d’horreur, ni contre les prodiges extravagants qui font le sujet de cette pièce : une statue qui marche et qui parle, et les flammes de l’enfer qui engloutissent un débauché sur le théâtre d’Arlequin, ne soulevèrent point les esprits : soit qu’en effet il y ait dans cette pièce quelque intérêt, soit que le jeu des comédiens l’embellit ; soit plutôt que le peuple, à qui Le Festin de Pierre plaît beaucoup plus qu’aux honnêtes gens, aime cette espèce de merveilleux.&#10;        Villiers, comédien de l’hôtel de Bourgogne, mit Le Festin de Pierre en vers, et il eut quelque succès à ce théâtre. Molière voulut aussi traiter ce bizarre sujet. L’empressement d’enlever des spectateurs à l’hôtel de Bourgogne, fit qu’il se contenta de donner en prose sa comédie : c’était une nouveauté inouïe alors, qu’une pièce de cinq actes en prose. On voit par là combien l’habitude a de puissance sur les hommes, et comme elle forme les différents goûts des nations. Il y a des pays où l’on n’a pas l’idée qu’une comédie puisse réussir en vers ; les Français au contraire ne croyaient pas qu’on pût supporter une longue comédie qui ne fût pas rimée. Ce préjugé fit donner la préférence à la pièce de Villiers sur celle de Molière ; et ce préjugé a duré si longtemps, que Thomas Corneille en 1673, immédiatement après la mort de Molière, mit son Festin de Pierre en vers : il eut alors un grand succès sur le théâtre de la rue Guénégaud, et c’est de cette seule manière qu’on le représente aujourd’hui.&#10;        À la première représentation du Festin de Pierre de Molière, il y avait une scène entre Don Juan et un pauvre. Don Juan demandait à ce pauvre, à quoi il passait sa vie dans la forêt.&#10;        &#10;          À prier DIEU, répondait le pauvre, pour les honnêtes gens qui me donnent l’aumône. Tu passes ta vie à prier DIEU ? disait Don Juan : Si cela est, tu dois donc être fort à ton aise. Hélas ! monsieur, je n’ai pas souvent de quoi manger. Cela ne se peut pas, répliquait Don Juan : DIEU ne saurait laisser mourir de faim ceux qui le prient du soir au matin. Tiens, voilà un louis d’or ; mais je te le donne pour l’amour de l’humanité. Cette scène, convenable au caractère impie de Don Juan, mais dont les esprits faibles pouvaient faire un mauvais usage, fut supprimée à la seconde représentation ; et ce retranchement fut peut-être cause du peu de succès de la pièce.&#10;        Celui qui écrit ceci, a vu la scène écrite de la main de Molière, entre les mains du fils de Pierre Marcassus, ami de l’auteur.&#10;        Cette scène a été imprimée depuis.&#10;      "/>
  <cas:View sofa="1" members="2 3 4 5 6 7 8 9 10 11 12 13 14 15 16 17 18 19 20 21 22 23 24 25 26 27 28 29 30 31 32"/>
</xmi:XMI>
