<?xml version='1.0' encoding='UTF-8'?>
<xmi:XMI xmlns:xmi="http://www.omg.org/XMI" xmlns:cas="http:///uima/cas.ecore" xmlns:custom="http:///webanno/custom.ecore" xmi:version="2.0">
  <cas:NULL xmi:id="0"/>
  <custom:head xmi:id="2" begin="9" end="17" sofa="1"/>
  <custom:lb xmi:id="3" begin="96" end="96" sofa="1"/>
  <custom:p xmi:id="4" rend="i" begin="26" end="132" sofa="1"/>
  <custom:hi xmi:id="5" rend="i" begin="239" end="258" sofa="1"/>
  <custom:hi xmi:id="6" rend="i" begin="306" end="322" sofa="1"/>
  <custom:hi xmi:id="7" rend="i" begin="493" end="500" sofa="1"/>
  <custom:p xmi:id="8" begin="141" end="947" sofa="1"/>
  <custom:hi xmi:id="9" rend="i" begin="968" end="975" sofa="1"/>
  <custom:hi xmi:id="10" rend="i" begin="1001" end="1007" sofa="1"/>
  <custom:hi xmi:id="11" rend="i" begin="1026" end="1041" sofa="1"/>
  <custom:hi xmi:id="12" rend="i" begin="1114" end="1119" sofa="1"/>
  <custom:hi xmi:id="13" rend="i" begin="1242" end="1247" sofa="1"/>
  <custom:hi xmi:id="14" rend="i" begin="1291" end="1297" sofa="1"/>
  <custom:p xmi:id="15" begin="956" end="1559" sofa="1"/>
  <custom:hi xmi:id="16" rend="i" begin="1601" end="1608" sofa="1"/>
  <custom:hi xmi:id="17" rend="i" begin="1706" end="1711" sofa="1"/>
  <custom:p xmi:id="18" begin="1568" end="1768" sofa="1"/>
  <custom:hi xmi:id="19" rend="i" begin="1873" end="1938" sofa="1"/>
  <custom:p xmi:id="20" begin="1788" end="1940" sofa="1"/>
  <custom:quote xmi:id="21" begin="1788" end="1940" sofa="1"/>
  <custom:p xmi:id="22" begin="1941" end="2054" sofa="1"/>
  <custom:p xmi:id="23" rend="i" begin="2074" end="2089" sofa="1"/>
  <custom:quote xmi:id="24" begin="2074" end="2089" sofa="1"/>
  <custom:hi xmi:id="25" rend="i" begin="2144" end="2150" sofa="1"/>
  <custom:hi xmi:id="26" rend="i" begin="2166" end="2173" sofa="1"/>
  <custom:hi xmi:id="27" rend="i" begin="2223" end="2236" sofa="1"/>
  <custom:p xmi:id="28" begin="2090" end="2242" sofa="1"/>
  <custom:p xmi:id="29" begin="2262" end="2294" sofa="1"/>
  <custom:p xmi:id="30" begin="2305" end="2344" sofa="1"/>
  <custom:p xmi:id="31" begin="2355" end="2405" sofa="1"/>
  <custom:p xmi:id="32" begin="2416" end="2455" sofa="1"/>
  <custom:p xmi:id="33" begin="2466" end="2503" sofa="1"/>
  <custom:hi xmi:id="34" rend="i" begin="2515" end="2524" sofa="1"/>
  <custom:num xmi:id="35" begin="2539" end="2541" sofa="1"/>
  <custom:bibl xmi:id="36" begin="2514" end="2543" sofa="1"/>
  <custom:quote xmi:id="37" rend="i" begin="2262" end="2543" sofa="1"/>
  <custom:p xmi:id="38" begin="2555" end="2764" sofa="1"/>
  <custom:quote xmi:id="39" begin="2555" end="2764" sofa="1"/>
  <custom:hi xmi:id="40" rend="i" begin="2795" end="2801" sofa="1"/>
  <custom:hi xmi:id="41" rend="i" begin="2807" end="2814" sofa="1"/>
  <custom:hi xmi:id="42" rend="i" begin="2934" end="2941" sofa="1"/>
  <custom:hi xmi:id="43" rend="i" begin="3010" end="3017" sofa="1"/>
  <custom:hi xmi:id="44" rend="i" begin="3145" end="3152" sofa="1"/>
  <custom:hi xmi:id="45" rend="i" begin="3156" end="3163" sofa="1"/>
  <custom:p xmi:id="46" begin="2765" end="3203" sofa="1"/>
  <custom:p xmi:id="47" begin="3223" end="3259" sofa="1"/>
  <custom:quote xmi:id="48" begin="3223" end="3259" sofa="1"/>
  <custom:p xmi:id="49" begin="3260" end="3303" sofa="1"/>
  <custom:p xmi:id="50" begin="3323" end="3403" sofa="1"/>
  <custom:quote xmi:id="51" begin="3323" end="3403" sofa="1"/>
  <custom:hi xmi:id="52" rend="i" begin="3545" end="3552" sofa="1"/>
  <custom:hi xmi:id="53" rend="i" begin="3657" end="3665" sofa="1"/>
  <custom:hi xmi:id="54" rend="i" begin="3730" end="3737" sofa="1"/>
  <custom:p xmi:id="55" begin="3404" end="3770" sofa="1"/>
  <custom:hi xmi:id="56" rend="i" begin="4150" end="4157" sofa="1"/>
  <custom:p xmi:id="57" begin="3790" end="4169" sofa="1"/>
  <custom:quote xmi:id="58" begin="3790" end="4169" sofa="1"/>
  <custom:hi xmi:id="59" rend="i" begin="4290" end="4297" sofa="1"/>
  <custom:hi xmi:id="60" rend="i" begin="4311" end="4319" sofa="1"/>
  <custom:hi xmi:id="61" rend="i" begin="4350" end="4358" sofa="1"/>
  <custom:hi xmi:id="62" rend="i" begin="4402" end="4409" sofa="1"/>
  <custom:p xmi:id="63" begin="4170" end="4690" sofa="1"/>
  <cas:Sofa xmi:id="1" sofaNum="1" sofaID="_InitialView" sofaString="&#10;        L’AVARE,&#10;        Comédie en prose et en cinq actes, représentée à Paris sur le théâtre&#10;du Palais-Royal le 9 septembre 1668.&#10;        Cette excellente comédie avait été donnée au public en 1667 ; mais le même préjugé qui fit tomber Le Festin de Pierre, parce qu’il était en prose, avait fait tomber L’Avare. Molière pour ne point heurter de front le sentiment des critiques, et sachant qu’il faut ménager les hommes quand ils ont tort, donna au public le temps de revenir, et ne rejoua L’Avare qu’un an après : le public, qui à la longue se rend toujours au bon, donna à cet ouvrage les applaudissements qu’il mérite. On comprit alors qu’il peut y avoir de fort bonnes comédies en prose, et qu’il y a peut-être plus de difficulté à réussir dans ce style ordinaire où l’esprit seul soutient l’auteur, que dans la versification, qui par la rime, la cadence et la mesure, prête des ornements à des idées simples que la prose n’embellirait pas.&#10;        Il y a dans L’Avare quelques idées prises de Plaute, et embellies par Molière. Plaute avait imaginé le premier, de faire en même temps voler la cassette de l’Avare et séduire sa fille ; c’est de lui qu’est toute l’invention de la scène du jeune homme qui vient avouer le rapt, et que l’Avare prend pour le voleur. Mais on ose dire que Plaute n’a point assez profité de cette situation, il ne l’a inventée que pour la manquer ; que l’on en juge par ce trait seul : l’amant de la fille ne paraît que dans cette scène ; il vient sans être annoncé ni préparé, et la fille elle-même n’y paraît point du tout.&#10;        Tout le reste de la pièce est de Molière, caractères, intrigues, plaisanteries ; il n’a imité que quelques lignes, comme cet endroit où l’Avare, parlant (peut-être mal à propos) aux spectateurs, dit :&#10;        &#10;          Mon voleur n’est-il point parmi vous ? Ils me regardent tous, et se mettent à rire. (Quid est quod ridetis ? Novi omnes, scio fures hic esse complures_) Et cet autre endroit encore, où ayant examiné les mains du valet qu’il soupçonne, il demande à voir la troisième,&#10;        &#10;          stende tertiam. Mais si l’on veut connaître la différence du style de Plaute et du style de Molière, qu’on voie les portraits que chacun fait de son Avare. Plaute dit :&#10;        &#10;          Clamat suam rem periisse, seque,&#10;          De suo tigillo fumus si qua exit foras.&#10;          Quin, cum it dormitum, follem obstringit ob gulam,&#10;          Ne quid animaæ forte amittat dormiens ;&#10;          Etiamne obturat inferiorem gutturem ?&#10;          (Aulularia, act. II, sc. iv_) &#10;          Il crie qu’il est perdu, qu’il est abîmé, si la fumée de son feu va hors de sa maison. Il se met une vessie à la bouche pendant la nuit, de peur de perdre son souffle. Se bouche-t-il aussi la bouche d’en bas ? Cependant ces comparaisons de Plaute avec Molière, toutes à l’avantage du dernier, n’empêchent pas qu’on ne doive estimer ce comique latin, qui n’ayant pas la pureté de Térence, avait d’ailleurs tant d’autres talents, et qui, quoiqu’inférieur à Molière, a été, pour la variété de ses caractères et de ses intrigues, ce que Rome a eu de meilleur. On trouve aussi à la vérité, dans L’Avare de Molière quelques expressions grossières comme :&#10;        &#10;          Je sais l’art de traire les hommes ; et quelques mauvaises plaisanteries comme :&#10;        &#10;          Je marierais, si je l’avais entrepris, le Grand Turc et la république de Venise. Cette comédie a été traduite en plusieurs langues, et jouée sur plus d’un théâtre d’Italie et d’Angleterre, de même que les autres pièces de Molière ; mais les pièces traduites ne peuvent réussir que par l’habileté du traducteur. Un poète anglais nommé Shadwell, aussi vain que mauvais poète, la donna en anglais du vivant de Molière_ Cet homme dit dans sa préface :&#10;        &#10;          Je crois pouvoir dire sans vanité, que Molière n’a rien perdu entre mes mains. Jamais pièce française n’a été maniée par un de nos poëtes, quelque méchant qu’il fût, qu’elle n’ait été rendue meilleure. Ce n’est ni faute d’invention, ni faute d’esprit, que nous empruntons des Français ; mais c’est par paresse : c’est aussi par paresse que je me suis servi de L’Avare de Molière. On peut juger qu’un homme qui n’a pas assez d’esprit pour mieux cacher sa vanité, n’en a pas assez pour faire mieux que Molière_ La pièce de Shadwell est généralement méprisée. M. Fielding, meilleur poète et plus modeste, a traduit L’Avare, et l’a fait jouer à Londres en 1733. Il y a ajouté réellement quelques beautés de dialogue particulières à sa nation, et sa pièce a eu près de trente représentations, succès très rare à Londres, où les pièces qui ont le plus de cours, ne sont jouées tout au plus que quinze fois.&#10;      "/>
  <cas:View sofa="1" members="2 3 4 5 6 7 8 9 10 11 12 13 14 15 16 17 18 19 20 21 22 23 24 25 26 27 28 29 30 31 32 33 34 35 36 37 38 39 40 41 42 43 44 45 46 47 48 49 50 51 52 53 54 55 56 57 58 59 60 61 62 63"/>
</xmi:XMI>
