<?xml version='1.0' encoding='UTF-8'?>
<xmi:XMI xmlns:xmi="http://www.omg.org/XMI" xmlns:cas="http:///uima/cas.ecore" xmlns:custom="http:///webanno/custom.ecore" xmi:version="2.0">
  <cas:NULL xmi:id="0"/>
  <custom:head xmi:id="2" begin="9" end="21" sofa="1"/>
  <custom:lb xmi:id="3" begin="116" end="116" sofa="1"/>
  <custom:p xmi:id="4" rend="i" begin="30" end="195" sofa="1"/>
  <custom:hi xmi:id="5" rend="i" begin="204" end="219" sofa="1"/>
  <custom:hi xmi:id="6" rend="i" begin="264" end="271" sofa="1"/>
  <custom:hi xmi:id="7" rend="i" begin="401" end="408" sofa="1"/>
  <custom:hi xmi:id="8" rend="i" begin="410" end="417" sofa="1"/>
  <custom:hi xmi:id="9" rend="i" begin="706" end="715" sofa="1"/>
  <custom:hi xmi:id="10" rend="i" begin="737" end="744" sofa="1"/>
  <custom:hi xmi:id="11" rend="i" begin="813" end="820" sofa="1"/>
  <custom:hi xmi:id="12" rend="i" begin="942" end="949" sofa="1"/>
  <custom:p xmi:id="13" begin="204" end="1007" sofa="1"/>
  <custom:hi xmi:id="14" rend="i" begin="1132" end="1146" sofa="1"/>
  <custom:p xmi:id="15" begin="1016" end="1516" sofa="1"/>
  <custom:hi xmi:id="16" rend="i" begin="1525" end="1536" sofa="1"/>
  <custom:hi xmi:id="17" rend="i" begin="1632" end="1648" sofa="1"/>
  <custom:hi xmi:id="18" rend="i" begin="1652" end="1661" sofa="1"/>
  <custom:hi xmi:id="19" rend="i" begin="1762" end="1771" sofa="1"/>
  <custom:hi xmi:id="20" rend="i" begin="1785" end="1806" sofa="1"/>
  <custom:hi xmi:id="21" rend="i" begin="2082" end="2093" sofa="1"/>
  <custom:hi xmi:id="22" rend="i" begin="2357" end="2364" sofa="1"/>
  <custom:hi xmi:id="23" rend="i" begin="2541" end="2548" sofa="1"/>
  <custom:hi xmi:id="24" rend="i" begin="2682" end="2700" sofa="1"/>
  <custom:hi xmi:id="25" rend="i" begin="2764" end="2773" sofa="1"/>
  <custom:p xmi:id="26" begin="1525" end="2836" sofa="1"/>
  <cas:Sofa xmi:id="1" sofaNum="1" sofaID="_InitialView" sofaString="&#10;        LES FÂCHEUX,&#10;        Comédie en vers et en trois actes, représentée à Vaux devant le roi, au mois d’Août, &#10;et à Paris sur le théâtre du Palais-Royal, le 4 Novembre de la même année 1661.&#10;        Nicolas Fouquet, dernier surintendant des finances, engagea Molière à composer cette comédie pour la fameuse fête qu’il donna au roi et à la reine mère, dans sa maison de Vaux, aujourd’hui appelée Villars_ Molière n’eut que quinze jours pour se préparer. Il avait déjà quelques scènes détachées toutes prêtes, il y en ajouta de nouvelles, et en composa cette comédie, qui fut, comme il le dit dans la préface, faite, apprise et représentée en moins de quinze jours. Il n’est pas vrai, comme le prétend Grimarest, auteur d’une vie de Molière, que le roi lui eût alors fourni lui-même le caractère du chasseur. Molière n’avait point encore auprès du roi un accès assez libre : de plus, ce n’était pas ce prince qui donnait la fête, c’était Fouquet ; et il fallait ménager au roi le plaisir de la surprise.&#10;        Cette pièce fit au roi un plaisir extrême, quoique les ballets des intermèdes fussent mal inventés et mal exécutés. Paul Pellisson, homme célèbre dans les lettres, composa le prologue en vers à la louange du roi. Ce prologue fut très-applaudi de toute la cour, et plut beaucoup à Louis XIV. Mais celui qui donna la fête, et l’auteur du prologue, furent tous deux mis en prison peu de temps après. On les voulait même arrêter au milieu de la fête. Triste exemple de l’instabilité des fortunes de cour.&#10;        Les Fâcheux ne sont pas le premier ouvrage en scènes absolument détachées, qu’on ait vu sur notre théâtre. Les Visionnaires de Desmarets étaient dans ce goût, et avaient eu un succès si prodigieux, que tous les beaux esprits du temps de Desmarets l’appelaient l’inimitable comédie. Le goût du public s’est tellement perfectionné depuis, que cette comédie ne paraît aujourd’hui inimitable que par son extrême impertinence. Sa vieille réputation fit que les comédiens osèrent la jouer en 1719, mais ils ne purent jamais l’achever. Il ne faut pas craindre que les Fâcheux tombent dans le même décri. On ignorait le théâtre du temps de Desmarets. Les auteurs étaient outrés en tout, parce qu’ils ne connaissaient point la nature. Ils peignaient au hasard des caractères chimériques. Le faux, le bas, le gigantesque, dominaient partout. Molière fut le premier qui fit sentir le vrai, et par conséquent le beau. Cette pièce le fit connaître plus particulièrement de la cour et du maître ; et lorsque, quelque temps après, Molière donna cette pièce à Saint-Germain, le roi lui ordonna d’y ajouter la scène du chasseur. On prétend que ce chasseur était le comte de Soyecourt. Molière, qui n’entendait rien au jargon de la chasse, pria le comte de Soyecourt lui-même, de lui indiquer les termes dont il devait se servir.&#10;      "/>
  <cas:View sofa="1" members="2 3 4 5 6 7 8 9 10 11 12 13 14 15 16 17 18 19 20 21 22 23 24 25 26"/>
</xmi:XMI>
