<?xml version='1.0' encoding='UTF-8'?>
<xmi:XMI xmlns:xmi="http://www.omg.org/XMI" xmlns:cas="http:///uima/cas.ecore" xmlns:custom="http:///webanno/custom.ecore" xmi:version="2.0">
  <cas:NULL xmi:id="0"/>
  <custom:head xmi:id="2" begin="9" end="24" sofa="1"/>
  <custom:hi xmi:id="3" rend="i" begin="417" end="423" sofa="1"/>
  <custom:hi xmi:id="4" rend="i" begin="518" end="525" sofa="1"/>
  <custom:p xmi:id="5" begin="33" end="706" sofa="1"/>
  <custom:hi xmi:id="6" rend="i" begin="715" end="737" sofa="1"/>
  <custom:hi xmi:id="7" rend="i" begin="836" end="858" sofa="1"/>
  <custom:hi xmi:id="8" rend="i" begin="921" end="932" sofa="1"/>
  <custom:p xmi:id="9" begin="715" end="1440" sofa="1"/>
  <custom:hi xmi:id="10" rend="i" begin="1449" end="1457" sofa="1"/>
  <custom:p xmi:id="11" begin="1449" end="1928" sofa="1"/>
  <custom:hi xmi:id="12" rend="i" begin="1946" end="1954" sofa="1"/>
  <custom:hi xmi:id="13" rend="i" begin="2095" end="2114" sofa="1"/>
  <custom:hi xmi:id="14" rend="i" begin="2134" end="2139" sofa="1"/>
  <custom:hi xmi:id="15" rend="i" begin="2188" end="2195" sofa="1"/>
  <custom:p xmi:id="16" begin="1937" end="2196" sofa="1"/>
  <custom:hi xmi:id="17" rend="i" begin="2318" end="2326" sofa="1"/>
  <custom:hi xmi:id="18" rend="i" begin="2330" end="2337" sofa="1"/>
  <custom:p xmi:id="19" begin="2205" end="2523" sofa="1"/>
  <custom:hi xmi:id="20" rend="i" begin="2532" end="2542" sofa="1"/>
  <custom:hi xmi:id="21" rend="i" begin="2612" end="2620" sofa="1"/>
  <custom:hi xmi:id="22" rend="i" begin="2713" end="2720" sofa="1"/>
  <custom:hi xmi:id="23" rend="i" begin="2948" end="2956" sofa="1"/>
  <custom:p xmi:id="24" begin="2532" end="2985" sofa="1"/>
  <custom:hi xmi:id="25" rend="i" begin="2994" end="3002" sofa="1"/>
  <custom:hi xmi:id="26" rend="i" begin="3043" end="3051" sofa="1"/>
  <custom:hi xmi:id="27" rend="i" begin="3077" end="3085" sofa="1"/>
  <custom:hi xmi:id="28" rend="i" begin="3092" end="3100" sofa="1"/>
  <custom:hi xmi:id="29" rend="i" begin="3195" end="3202" sofa="1"/>
  <custom:p xmi:id="30" begin="2994" end="3354" sofa="1"/>
  <custom:hi xmi:id="31" rend="i" begin="3363" end="3371" sofa="1"/>
  <custom:hi xmi:id="32" rend="i" begin="3401" end="3409" sofa="1"/>
  <custom:p xmi:id="33" begin="3363" end="3579" sofa="1"/>
  <custom:hi xmi:id="34" rend="i" begin="3719" end="3729" sofa="1"/>
  <custom:p xmi:id="35" begin="3588" end="3835" sofa="1"/>
  <custom:p xmi:id="36" begin="3844" end="4016" sofa="1"/>
  <custom:hi xmi:id="37" rend="i" begin="4183" end="4188" sofa="1"/>
  <custom:hi xmi:id="38" rend="i" begin="4193" end="4204" sofa="1"/>
  <custom:hi xmi:id="39" rend="i" begin="4212" end="4226" sofa="1"/>
  <custom:p xmi:id="40" begin="4025" end="4285" sofa="1"/>
  <custom:hi xmi:id="41" rend="i" begin="4294" end="4310" sofa="1"/>
  <custom:hi xmi:id="42" rend="i" begin="4588" end="4597" sofa="1"/>
  <custom:p xmi:id="43" begin="4294" end="4760" sofa="1"/>
  <custom:hi xmi:id="44" rend="i" begin="4769" end="4777" sofa="1"/>
  <custom:hi xmi:id="45" rend="i" begin="4988" end="5004" sofa="1"/>
  <custom:hi xmi:id="46" rend="i" begin="5057" end="5066" sofa="1"/>
  <custom:hi xmi:id="47" rend="i" begin="5079" end="5085" sofa="1"/>
  <custom:hi xmi:id="48" rend="i" begin="5136" end="5155" sofa="1"/>
  <custom:p xmi:id="49" begin="4769" end="5155" sofa="1"/>
  <custom:p xmi:id="50" begin="5164" end="5341" sofa="1"/>
  <custom:hi xmi:id="51" rend="i" begin="5625" end="5632" sofa="1"/>
  <custom:hi xmi:id="52" rend="i" begin="5783" end="5791" sofa="1"/>
  <custom:hi xmi:id="53" rend="i" begin="5804" end="5814" sofa="1"/>
  <custom:hi xmi:id="54" rend="i" begin="5836" end="5844" sofa="1"/>
  <custom:hi xmi:id="55" rend="i" begin="5882" end="5908" sofa="1"/>
  <custom:hi xmi:id="56" rend="i" begin="5963" end="5973" sofa="1"/>
  <custom:hi xmi:id="57" rend="i" begin="6041" end="6048" sofa="1"/>
  <custom:hi xmi:id="58" rend="i" begin="6069" end="6077" sofa="1"/>
  <custom:hi xmi:id="59" rend="i" begin="6081" end="6092" sofa="1"/>
  <custom:hi xmi:id="60" rend="i" begin="6176" end="6183" sofa="1"/>
  <custom:hi xmi:id="61" rend="i" begin="6210" end="6218" sofa="1"/>
  <custom:p xmi:id="62" begin="5350" end="6219" sofa="1"/>
  <custom:hi xmi:id="63" rend="i" begin="6239" end="6246" sofa="1"/>
  <custom:hi xmi:id="64" rend="i" begin="6782" end="6798" sofa="1"/>
  <custom:hi xmi:id="65" rend="i" begin="6804" end="6844" sofa="1"/>
  <custom:hi xmi:id="66" rend="i" begin="6932" end="6939" sofa="1"/>
  <custom:hi xmi:id="67" rend="i" begin="6966" end="6983" sofa="1"/>
  <custom:hi xmi:id="68" rend="i" begin="6996" end="7022" sofa="1"/>
  <custom:hi xmi:id="69" rend="i" begin="7156" end="7177" sofa="1"/>
  <custom:hi xmi:id="70" rend="i" begin="7198" end="7223" sofa="1"/>
  <custom:hi xmi:id="71" rend="i" begin="7274" end="7288" sofa="1"/>
  <custom:p xmi:id="72" begin="6228" end="7288" sofa="1"/>
  <custom:hi xmi:id="73" rend="i" begin="7358" end="7367" sofa="1"/>
  <custom:p xmi:id="74" begin="7297" end="7528" sofa="1"/>
  <custom:hi xmi:id="75" rend="i" begin="7732" end="7741" sofa="1"/>
  <custom:hi xmi:id="76" rend="i" begin="7746" end="7752" sofa="1"/>
  <custom:hi xmi:id="77" rend="i" begin="7799" end="7805" sofa="1"/>
  <custom:hi xmi:id="78" rend="i" begin="7813" end="7819" sofa="1"/>
  <custom:hi xmi:id="79" rend="i" begin="7830" end="7837" sofa="1"/>
  <custom:p xmi:id="80" begin="7537" end="7838" sofa="1"/>
  <custom:hi xmi:id="81" rend="i" begin="7860" end="7865" sofa="1"/>
  <custom:hi xmi:id="82" rend="i" begin="7926" end="7933" sofa="1"/>
  <custom:hi xmi:id="83" rend="i" begin="8027" end="8055" sofa="1"/>
  <custom:hi xmi:id="84" rend="i" begin="8060" end="8084" sofa="1"/>
  <custom:p xmi:id="85" begin="7847" end="8085" sofa="1"/>
  <custom:hi xmi:id="86" rend="i" begin="8117" end="8127" sofa="1"/>
  <custom:p xmi:id="87" begin="8094" end="8309" sofa="1"/>
  <custom:hi xmi:id="88" rend="i" begin="8318" end="8325" sofa="1"/>
  <custom:hi xmi:id="89" rend="i" begin="8373" end="8382" sofa="1"/>
  <custom:hi xmi:id="90" rend="i" begin="8387" end="8394" sofa="1"/>
  <custom:p xmi:id="91" begin="8318" end="8521" sofa="1"/>
  <custom:hi xmi:id="92" rend="i" begin="8558" end="8563" sofa="1"/>
  <custom:hi xmi:id="93" rend="i" begin="8583" end="8590" sofa="1"/>
  <custom:hi xmi:id="94" rend="i" begin="8662" end="8669" sofa="1"/>
  <custom:p xmi:id="95" begin="8530" end="8802" sofa="1"/>
  <custom:hi xmi:id="96" rend="i" begin="8952" end="8957" sofa="1"/>
  <custom:hi xmi:id="97" rend="i" begin="9013" end="9022" sofa="1"/>
  <custom:hi xmi:id="98" rend="i" begin="9156" end="9164" sofa="1"/>
  <custom:p xmi:id="99" begin="8811" end="9245" sofa="1"/>
  <custom:hi xmi:id="100" rend="i" begin="9391" end="9398" sofa="1"/>
  <custom:hi xmi:id="101" rend="i" begin="9427" end="9435" sofa="1"/>
  <custom:p xmi:id="102" begin="9254" end="9769" sofa="1"/>
  <custom:hi xmi:id="103" rend="i" begin="9905" end="9912" sofa="1"/>
  <custom:hi xmi:id="104" rend="i" begin="9942" end="9962" sofa="1"/>
  <custom:p xmi:id="105" begin="9778" end="10081" sofa="1"/>
  <custom:hi xmi:id="106" rend="i" begin="10115" end="10122" sofa="1"/>
  <custom:p xmi:id="107" begin="10090" end="10288" sofa="1"/>
  <custom:hi xmi:id="108" rend="i" begin="10310" end="10317" sofa="1"/>
  <custom:p xmi:id="109" begin="10297" end="10413" sofa="1"/>
  <custom:p xmi:id="110" begin="10422" end="10546" sofa="1"/>
  <custom:hi xmi:id="111" rend="i" begin="10577" end="10584" sofa="1"/>
  <custom:hi xmi:id="112" rend="i" begin="10602" end="10623" sofa="1"/>
  <custom:hi xmi:id="113" rend="i" begin="10733" end="10742" sofa="1"/>
  <custom:hi xmi:id="114" rend="i" begin="10788" end="10794" sofa="1"/>
  <custom:p xmi:id="115" begin="10555" end="11197" sofa="1"/>
  <custom:p xmi:id="116" begin="11206" end="11440" sofa="1"/>
  <custom:hi xmi:id="117" rend="i" begin="11874" end="11881" sofa="1"/>
  <custom:p xmi:id="118" begin="11449" end="11883" sofa="1"/>
  <custom:p xmi:id="119" begin="11903" end="12500" sofa="1"/>
  <custom:quote xmi:id="120" begin="11903" end="12500" sofa="1"/>
  <custom:hi xmi:id="121" rend="i" begin="12501" end="12508" sofa="1"/>
  <custom:hi xmi:id="122" rend="i" begin="12813" end="12820" sofa="1"/>
  <custom:hi xmi:id="123" rend="i" begin="13033" end="13044" sofa="1"/>
  <custom:hi xmi:id="124" rend="i" begin="13048" end="13061" sofa="1"/>
  <custom:hi xmi:id="125" rend="i" begin="13112" end="13176" sofa="1"/>
  <custom:p xmi:id="126" begin="12501" end="13207" sofa="1"/>
  <custom:hi xmi:id="127" rend="i" begin="13370" end="13377" sofa="1"/>
  <custom:hi xmi:id="128" rend="i" begin="13488" end="13495" sofa="1"/>
  <custom:hi xmi:id="129" rend="i" begin="13860" end="13866" sofa="1"/>
  <custom:hi xmi:id="130" rend="i" begin="13870" end="13879" sofa="1"/>
  <custom:hi xmi:id="131" rend="i" begin="13905" end="13912" sofa="1"/>
  <custom:p xmi:id="132" begin="13216" end="13913" sofa="1"/>
  <custom:p xmi:id="133" begin="13922" end="14319" sofa="1"/>
  <custom:hi xmi:id="134" rend="i" begin="14459" end="14468" sofa="1"/>
  <custom:p xmi:id="135" begin="14328" end="14523" sofa="1"/>
  <custom:p xmi:id="136" begin="14543" end="14717" sofa="1"/>
  <custom:quote xmi:id="137" begin="14543" end="14717" sofa="1"/>
  <custom:hi xmi:id="138" rend="i" begin="14829" end="14837" sofa="1"/>
  <custom:hi xmi:id="139" rend="i" begin="14843" end="14849" sofa="1"/>
  <custom:hi xmi:id="140" rend="i" begin="14855" end="14866" sofa="1"/>
  <custom:hi xmi:id="141" rend="i" begin="15087" end="15094" sofa="1"/>
  <custom:hi xmi:id="142" rend="i" begin="15140" end="15149" sofa="1"/>
  <custom:hi xmi:id="143" rend="i" begin="15171" end="15178" sofa="1"/>
  <custom:hi xmi:id="144" rend="i" begin="15205" end="15211" sofa="1"/>
  <custom:hi xmi:id="145" rend="i" begin="15217" end="15224" sofa="1"/>
  <custom:hi xmi:id="146" rend="i" begin="15235" end="15240" sofa="1"/>
  <custom:p xmi:id="147" begin="14718" end="15352" sofa="1"/>
  <custom:hi xmi:id="148" rend="i" begin="15361" end="15368" sofa="1"/>
  <custom:hi xmi:id="149" rend="i" begin="15494" end="15507" sofa="1"/>
  <custom:hi xmi:id="150" rend="i" begin="15626" end="15633" sofa="1"/>
  <custom:hi xmi:id="151" rend="i" begin="15653" end="15659" sofa="1"/>
  <custom:hi xmi:id="152" rend="i" begin="15681" end="15687" sofa="1"/>
  <custom:hi xmi:id="153" rend="i" begin="15807" end="15815" sofa="1"/>
  <custom:hi xmi:id="154" rend="i" begin="15822" end="15831" sofa="1"/>
  <custom:hi xmi:id="155" rend="i" begin="15961" end="15975" sofa="1"/>
  <custom:p xmi:id="156" begin="15361" end="15976" sofa="1"/>
  <custom:hi xmi:id="157" rend="i" begin="16078" end="16084" sofa="1"/>
  <custom:hi xmi:id="158" rend="i" begin="16122" end="16131" sofa="1"/>
  <custom:hi xmi:id="159" rend="i" begin="16136" end="16143" sofa="1"/>
  <custom:p xmi:id="160" begin="15985" end="16180" sofa="1"/>
  <custom:hi xmi:id="161" rend="i" begin="16239" end="16246" sofa="1"/>
  <custom:hi xmi:id="162" rend="i" begin="16250" end="16256" sofa="1"/>
  <custom:p xmi:id="163" begin="16189" end="16382" sofa="1"/>
  <custom:hi xmi:id="164" rend="i" begin="16581" end="16586" sofa="1"/>
  <custom:hi xmi:id="165" rend="i" begin="16642" end="16649" sofa="1"/>
  <custom:p xmi:id="166" begin="16391" end="16688" sofa="1"/>
  <custom:hi xmi:id="167" rend="i" begin="16706" end="16711" sofa="1"/>
  <custom:hi xmi:id="168" rend="i" begin="16869" end="16876" sofa="1"/>
  <custom:hi xmi:id="169" rend="i" begin="16907" end="16915" sofa="1"/>
  <custom:hi xmi:id="170" rend="i" begin="16955" end="16960" sofa="1"/>
  <custom:p xmi:id="171" begin="16697" end="17036" sofa="1"/>
  <custom:p xmi:id="172" begin="17056" end="17188" sofa="1"/>
  <custom:quote xmi:id="173" begin="17056" end="17188" sofa="1"/>
  <custom:p xmi:id="174" begin="17189" end="17301" sofa="1"/>
  <custom:p xmi:id="175" begin="17310" end="17453" sofa="1"/>
  <custom:p xmi:id="176" begin="17473" end="17672" sofa="1"/>
  <custom:quote xmi:id="177" begin="17473" end="17672" sofa="1"/>
  <custom:p xmi:id="178" begin="17673" end="17830" sofa="1"/>
  <custom:hi xmi:id="179" rend="i" begin="17839" end="17846" sofa="1"/>
  <custom:hi xmi:id="180" rend="i" begin="18008" end="18014" sofa="1"/>
  <custom:hi xmi:id="181" rend="i" begin="18041" end="18047" sofa="1"/>
  <custom:hi xmi:id="182" rend="i" begin="18063" end="18070" sofa="1"/>
  <custom:hi xmi:id="183" rend="i" begin="18214" end="18221" sofa="1"/>
  <custom:hi xmi:id="184" rend="i" begin="18410" end="18417" sofa="1"/>
  <custom:p xmi:id="185" begin="17839" end="18791" sofa="1"/>
  <custom:hi xmi:id="186" rend="i" begin="18836" end="18857" sofa="1"/>
  <custom:p xmi:id="187" begin="18800" end="19151" sofa="1"/>
  <custom:hi xmi:id="188" rend="i" begin="19201" end="19205" sofa="1"/>
  <custom:hi xmi:id="189" rend="i" begin="19249" end="19266" sofa="1"/>
  <custom:hi xmi:id="190" rend="i" begin="19676" end="19682" sofa="1"/>
  <custom:p xmi:id="191" begin="19160" end="19683" sofa="1"/>
  <custom:hi xmi:id="192" rend="i" begin="19822" end="19841" sofa="1"/>
  <custom:hi xmi:id="193" rend="i" begin="19926" end="19933" sofa="1"/>
  <custom:hi xmi:id="194" rend="i" begin="20212" end="20219" sofa="1"/>
  <custom:p xmi:id="195" begin="19692" end="20574" sofa="1"/>
  <custom:hi xmi:id="196" rend="i" begin="20716" end="20724" sofa="1"/>
  <custom:p xmi:id="197" begin="20583" end="20964" sofa="1"/>
  <custom:p xmi:id="198" begin="20984" end="21326" sofa="1"/>
  <custom:quote xmi:id="199" begin="20984" end="21326" sofa="1"/>
  <custom:hi xmi:id="200" rend="i" begin="21369" end="21376" sofa="1"/>
  <custom:hi xmi:id="201" rend="i" begin="21408" end="21416" sofa="1"/>
  <custom:hi xmi:id="202" rend="i" begin="21487" end="21496" sofa="1"/>
  <custom:hi xmi:id="203" rend="i" begin="21528" end="21533" sofa="1"/>
  <custom:hi xmi:id="204" rend="i" begin="21556" end="21563" sofa="1"/>
  <custom:hi xmi:id="205" rend="i" begin="21575" end="21583" sofa="1"/>
  <custom:hi xmi:id="206" rend="i" begin="21616" end="21624" sofa="1"/>
  <custom:p xmi:id="207" begin="21327" end="21696" sofa="1"/>
  <cas:Sofa xmi:id="1" sofaNum="1" sofaID="_InitialView" sofaString="&#10;        VIE DE MOLIÈRE.&#10;        Le goût de bien des lecteurs pour les choses frivoles, et l’envie de faire un volume de ce qui ne devrait remplir que peu de pages, sont cause que l’histoire des hommes célèbres est presque toujours gâtée par des détails inutiles et des contes populaires aussi faux qu’insipides. On y ajoute souvent des critiques injustes de leurs ouvrages. C’est ce qui est arrivé dans l’édition de Racine faite à Paris en 1728. On tâchera d’éviter cet écueil dans cette courte histoire de la vie de Molière ; on ne dira de sa propre personne, que ce qu’on a cru vrai et digne d’être rapporté ; et on ne hasardera sur ses ouvrages rien qui soit contraire aux sentiments du public éclairé.&#10;        Jean-Baptiste Poquelin naquit à Paris en 1620 dans une maison qui subsiste encore sous les piliers des Halles. Son père, Jean-Baptiste Poquelin, valet de chambre tapissier chez le roi, marchand fripier, et Anne Boutet, sa mère, lui donnèrent une éducation trop conforme à leur état, auquel ils le destinaient : il resta jusqu’à quatorze ans dans leur boutique, n’ayant rien appris outre son métier, qu’un peu à lire et à écrire. Ses parents obtinrent pour lui la survivance de leur charge chez le roi ; mais son génie l’appelait ailleurs. On a remarqué que presque tous ceux qui se sont fait un nom dans les beaux-arts, les ont cultivés malgré leurs parents, et que la nature a toujours été en eux plus forte que l’éducation.&#10;        Poquelin avait un grand-père qui aimait la comédie, et qui le menait quelquefois à l’hôtel de Bourgogne. Le jeune homme sentit bientôt une aversion invincible pour sa profession. Son goût pour l’étude se développa ; il pressa son grand-père d’obtenir qu’on le mît au collège, et il arracha enfin le consentement de son père, qui le mit dans une pension, et l’envoya externe aux jésuites, avec la répugnance d’un bourgeois qui croyait la fortune de son fils perdue, s’il étudiait.&#10;        Le jeune Poquelin fit au collège les progrès qu’on devait attendre de son empressement à y entrer. Il y étudia cinq années ; il y suivit le cours des classes d’Armand de Bourbon, premier prince de Conti, qui depuis fut le protecteur des lettres et de Molière_&#10;        Il y avait alors dans ce collège deux enfants, qui eurent depuis beaucoup de réputation dans le monde. C’étaient Chapelle et Bernier : celui-ci, connu par ses voyages aux Indes, et l’autre, célèbre par quelques vers naturels et aisés, qui lui ont fait d’autant plus de réputation qu’il ne rechercha pas celle d’auteur.&#10;        L’Huillier, homme de fortune, prenait un soin singulier de l’éducation du jeune Chapelle, son fils naturel ; et pour lui donner de l’émulation, il faisait étudier avec lui le jeune Bernier, dont les parents étaient mal à leur aise. Au lieu même de donner à son fils naturel un précepteur ordinaire et pris au hasard, comme tant de pères en usent avec un fils légitime qui doit porter leur nom, il engagea le célèbre Gassendi à se charger de l’instruire.&#10;        Gassendi ayant démêlé de bonne heure le génie de Poquelin, l’associa aux études de Chapelle et de Bernier. Jamais plus illustre maître n’eut de plus dignes disciples. Il leur enseigna sa philosophie d’Épicure, qui, quoique aussi fausse que les autres, avait au moins plus de méthode et plus de vraisemblance que celle de l’école, et n’en avait pas la barbarie.&#10;        Poquelin continua de s’instruire sous Gassendi_ Au sortir du collège, il reçut de ce philosophe les principes d’une morale plus utile que sa physique, et il s’écarta rarement de ces principes dans le cours de sa vie.&#10;        Son père étant devenu infirme et incapable de servir, il fut obligé d’exercer les fonctions de son emploi auprès du roi. Il suivit Louis XIII dans Paris. Sa passion pour la comédie, qui l’avait déterminé à faire ses études, se réveilla avec force.&#10;        Le théâtre commençait à fleurir alors : cette partie des belles-lettres, si méprisée quand elle est médiocre, contribue à la gloire d’un État, quand elle est perfectionnée.&#10;        Avant l’année 1625, il n’y avait point de comédiens fixes à Paris. Quelques farceurs allaient, comme en Italie, de ville en ville. Ils jouaient des pièces de Hardy, de Monchrétien, ou de Balthazar Baro_ Ces auteurs leur vendaient leurs ouvrages dix écus pièce.&#10;        Pierre Corneille tira le théâtre de la barbarie et de l’avilissement, vers l’année 1630. Ses premières comédies, qui étaient aussi bonnes pour son siècle, qu’elles sont mauvaises pour le nôtre, furent cause qu’une troupe de comédiens s’établit à Paris. Bientôt après, la passion du cardinal de Richelieu pour les spectacles mit le goût de la comédie à la mode ; et il y avait plus de sociétés particulières qui représentaient alors, que nous n’en voyons aujourd’hui.&#10;        Poquelin s’associa avec quelques jeunes gens qui avaient du talent pour la déclamation ; ils jouaient au faubourg Saint-Germain et au quartier Saint-Paul. Cette société éclipsa bientôt toutes les autres ; on l’appela l’Illustre Théâtre_ On voit par une tragédie de ce temps-là, intitulée Artaxerce, d’un nommé Magnon, et imprimée en 1645, qu’elle fut représentée sur l’Illustre Théâtre.&#10;        Ce fut alors que Poquelin, sentant son génie, se résolut de s’y livrer tout entier, d’être à la fois comédien et auteur, et de tirer de ses talents de l’utilité et de la gloire.&#10;        On sait que chez les Athéniens, les auteurs jouaient souvent dans leurs pièces, et qu’ils n’étaient point déshonorés pour parler avec grâce en public devant leurs concitoyens. Il fut plus encouragé par cette idée, que retenu par les préjugés de son siècle. Il prit le nom de Molière, et il ne fit en changeant de nom que suivre l’exemple des comédiens d’Italie, et de ceux de l’hôtel de Bourgogne. L’un, dont le nom de famille était Le Grand, s’appelait Belleville dans la tragédie, et Turlupin dans la farce ; d’où vient le mot de turlupinage. Hugues Guéret était connu, dans les pièces sérieuses sous le nom de Fléchelles ; dans la farce, il jouait toujours un certain rôle qu’on appelait Gautier_Garguille. De même, Arlequin et Scaramouche n’étaient connus que sous ce nom de théâtre. Il y avait déjà eu un comédien appelé Molière, auteur de la tragédie de Polyxène_&#10;        Le nouveau Molière fut ignoré pendant tout le temps que durèrent les guerres civiles en France : il employa ces années à cultiver son talent, et à préparer quelques pièces. Il avait fait un recueil de scènes italiennes, dont il faisait de petites comédies pour les provinces. Ces premiers essais très-informes tenaient plus du mauvais théâtre italien où il les avait pris, que de son génie, qui n’avait pas eu encore l’occasion de se développer tout entier. Le génie s’étend et se resserre par tout ce qui nous environne. Il fit donc pour la province le Docteur amoureux, les Trois Docteurs rivaux, le Maître d’école : ouvrages dont il ne reste que le titre. Quelques curieux ont conservé deux pièces de Molière dans ce genre : l’une est le Médecin volant, et l’autre la Jalousie de Barbouille. Elles sont en prose et écrites en entier. Il y a quelques phrases et quelques incidents de la première, qui nous sont conservés dans le Médecin malgré lui ; et on trouve dans la Jalousie de Barbouille un canevas, quoique informe, du troisième acte de George Dandin.&#10;        La première pièce régulière en cinq actes qu’il composa, fut l’Étourdi_ Il représenta cette comédie à Lyon en 1653. Il y avait dans cette ville une troupe de comédiens de campagne, qui fut abandonnée dès que celle de Molière parut.&#10;        Quelques acteurs de cette ancienne troupe se joignirent à Molière, et il partit de Lyon pour les états de Languedoc, avec une troupe assez complète, composée principalement de deux frères nommés Gros-René, de Duparc, d’un pâtissier de la rue Saint-Honoré, de la Duparc, de la Béjart, et de la De Brie_&#10;        Le prince de Conti, qui tenait les états de Languedoc à Béziers, se souvint de Molière, qu’il avait vu au collège ; il lui donna une protection distinguée. Molière joua devant lui l’Étourdi, le Dépit amoureux, et les Précieuses ridicules_&#10;        Cette petite pièce des Précieuses faite en province, prouve assez que son auteur n’avait eu en vue que les ridicules des provinciales. Mais il se trouva depuis, que l’ouvrage pouvait corriger et la cour et la ville.&#10;        Molière avait alors trente-quatre ans ; c’est l’âge où Corneille fit le Cid. Il est bien difficile de réussir avant cet âge dans le genre dramatique, qui exige la connaissance du monde et du cœur humain.&#10;        On prétend que le prince de Conti voulut alors faire Molière son secrétaire, et qu’heureusement pour la gloire du théâtre français, Molière eut le courage de préférer son talent à un poste honorable. Si ce fait est vrai, il fait également honneur au prince et au comédien.&#10;        Après avoir couru quelque temps toutes les provinces, et avoir joué à Grenoble, à Lyon, à Rouen, il vint enfin à Paris en 1658. Le prince de Conti lui donna accès auprès de Monsieur frère unique du roi Louis XIV ; Monsieur le présenta au roi et à la reine mère. Sa troupe et lui représentèrent la même année devant leurs Majestés la tragédie de Nicomède, sur un théâtre élevé par ordre du roi dans la salle des gardes du vieux Louvre.&#10;        Il y avait depuis quelques temps des comédiens établis à l’hôtel de Bourgogne. Ces comédiens assistèrent au début de la nouvelle troupe. Molière, après la représentation de Nicomède, s’avança sur le bord du théâtre, et prit la liberté de faire au roi un discours, par lequel il remerciait Sa Majesté de son indulgence, et louait adroitement les comédiens de l’hôtel de Bourgogne, dont il devait craindre la jalousie : il finit en demandant la permission de donner une pièce d’un acte, qu’il avait jouée en province.&#10;        La mode de représenter ces petites farces après de grandes pièces était perdue à l’hôtel de Bourgogne. Le roi agréa l’offre de Molière, et l’on joua dans l’instant le Docteur amoureux. Depuis ce temps, l’usage a toujours continué de donner de ces pièces d’un acte, ou de trois, après les pièces de cinq.&#10;        On permit à la troupe de Molière de s’établir à Paris ; ils s’y fixèrent, et partagèrent le théâtre du Petit-Bourbon avec les comédiens Italiens, qui en étaient en possession depuis quelques années.&#10;        La troupe de Molière jouait sur le théâtre les mardis, les jeudis et les samedis, et les Italiens, les autres jours.&#10;        La troupe de l’hôtel de Bourgogne ne jouait aussi que trois fois la semaine, excepté lorsqu’il y avait des pièces nouvelles.&#10;        Dès lors la troupe de Molière prit le titre de la Troupe de Monsieur, qui était son protecteur. Deux ans après, en 1660, il leur accorda la salle du Palais-Royal. Le cardinal de Richelieu l’avait fait bâtir pour la représentation de Mirame tragédie, dans laquelle ce ministre avait composé plus de cinq cents vers. Cette salle est aussi mal construite que la pièce pour laquelle elle fut bâtie ; et je suis obligé de remarquer à cette occasion, que nous n’avons aujourd’hui aucun théâtre supportable ; c’est une barbarie gothique, que les Italiens nous reprochent avec raison. Les bonnes pièces sont en France, et les belles salles en Italie.&#10;        La troupe de Molière eut la jouissance de cette salle jusqu’à la mort de son chef. Elle fut alors accordée à ceux qui eurent le privilège de l’opéra, quoique ce vaisseau soit moins propre encore pour le chant, que pour la déclamation.&#10;        Depuis l’an 1658 jusqu’à 1673, c’est-à-dire en quinze années de temps, il donna toutes ses pièces, qui sont au nombre de trente. Il voulut jouer dans le tragique, mais il n’y réussit pas ; il avait une volubilité dans la voix, et une espèce de hoquet, qui ne pouvait convenir au genre sérieux, mais qui rendait son jeu comique plus plaisant. La femme d’un des meilleurs comédiens que nous ayons eus a donné ce portrait-ci de Molière :&#10;        &#10;          Il n’était ni trop gras, ni trop maigre ; il avait la taille plus grande que petite, le port noble, la jambe belle ; il marchait gravement ; avait l’air très sérieux, le nez gros, la bouche grande, les lèvres épaisses, le teint brun, les sourcils noirs et forts, et les divers mouvements qu’il leur donnait lui rendaient la physionomie extrêmement comique. À l’égard de son caractère, il était doux, complaisant, généreux ; il aimait fort à haranguer ; et quand il lisait ses pièces aux comédiens, il voulait qu’ils y amenassent leurs enfants, pour tirer des conjectures de leur mouvement naturel. Molière se fit dans Paris un très-grand nombre de partisans, et presque autant d’ennemis. Il accoutuma le public, en lui faisant connaître la bonne comédie, à le juger lui-même très-sévèrement. Les mêmes spectateurs qui applaudissaient aux pièces médiocres des autres auteurs, relevaient les moindres défauts de Molière avec aigreur. Les hommes jugent de nous par l’attente qu’ils en ont conçue ; et le moindre défaut d’un auteur célèbre, joint avec les malignités du public, suffit pour faire tomber un bon ouvrage. Voilà pourquoi Britannicus et les Plaideurs de M. Racine furent si mal reçus ; voilà pourquoi l’Avare, le Misanthrope, les Femmes savantes, l’École des Femmes n’eurent d’abord aucun succès.&#10;        Louis XIV, qui avait un goût naturel et l’esprit très juste, sans l’avoir cultivé, ramena souvent, par son approbation, la cour et la ville aux pièces de Molière_ Il eût été plus honorable pour la nation, de n’avoir pas besoin des décisions de son maître pour bien juger. Molière eut des ennemis cruels, surtout les mauvais auteurs du temps, leurs protecteurs et leurs cabales : ils suscitèrent contre lui les dévots ; on lui imputa des livres scandaleux ; on l’accusa d’avoir joué des hommes puissants, tandis qu’il n’avait joué que les vices en général ; et il eût succombé sous ces accusations, si ce même roi, qui encouragea et qui soutint Racine et Despréaux, n’eût pas aussi protégé Molière_&#10;        Il n’eut à la vérité qu’une pension de mille livres, et sa troupe n’en eut qu’une de sept. La fortune qu’il fit par le succès de ses ouvrages le mit en état de n’avoir rien de plus à souhaiter : ce qu’il retirait du théâtre, avec ce qu’il avait placé, allait à trente mille livres de rente ; somme qui, en ce temps-là, faisait presque le double de la valeur réelle de pareille somme d’aujourd’hui.&#10;        Le crédit qu’il avait auprès du roi, paraît assez par le canonicat qu’il obtint pour le fils de son médecin. Ce médecin s’appelait Mauvilain_ Tout le monde sait qu’étant un jour au dîner du roi :&#10;        &#10;          Vous avez un médecin, dit le roi à Molière ; que vous fait-il ? — Sire, répondit Molière, Nous causons ensemble, il m’ordonne des remèdes, je ne les fais point, et je guéris. Il faisait de son bien un usage noble et sage : il recevait chez lui des hommes de la meilleure compagnie, les Chapelle, les Jonsac, les Desbarreaux, etc., qui joignaient la volupté et la philosophie. Il avait une maison de campagne à Auteuil, où il se délassait souvent avec eux des fatigues de sa profession, qui sont bien plus grandes qu’on ne pense. Le maréchal de Vivonne, connu par son esprit et par son amitié pour Despréaux, allait souvent chez Molière, et vivait avec lui comme Lélius avec Térence_ Le grand Condé exigeait de lui qu’il le vînt voir souvent, et disait qu’il trouvait toujours à apprendre dans sa conversation.&#10;        Molière employait une partie de son revenu en libéralités, qui allaient beaucoup plus loin que ce qu’on appelle dans d’autres hommes des charités. Il encourageait souvent par des présents considérables de jeunes auteurs qui marquaient du talent : c’est peut-être à Molière que la France doit Racine_ Il engagea le jeune Racine, qui sortait de Port-Royal, à travailler pour le théâtre dès l’âge de dix-neuf ans. Il lui fit composer la tragédie de Théagène et de Chariclée ; et quoique cette pièce fût trop faible pour être jouée, il fit présent au jeune auteur de cent louis, et lui donna le plan des Frères ennemis_&#10;        Il n’est peut-être pas inutile de dire, qu’environ dans le même temps, c’est-à-dire en 1661, Racine ayant fait une ode sur le mariage de Louis XIV, M. Colbert lui envoya cent louis au nom du roi.&#10;        Il est très-triste pour l’honneur des lettres que Molière et Racine aient été brouillés depuis ; de si grands génies, dont l’un avait été le bienfaiteur de l’autre, devaient être toujours amis.&#10;        Il éleva et il forma un autre homme qui, par la supériorité de ses talents, et par les dons singuliers qu’il avait reçus de la nature, mérite d’être connu de la postérité. C’est le comédien Baron, qui a été unique dans la tragédie et dans la comédie. Molière en prit soin comme de son propre fils.&#10;        Un jour, Baron vint lui annoncer qu’un comédien de campagne, que la pauvreté empêchait de se présenter, lui demandait quelques légers secours pour aller joindre sa troupe. Molière ayant su que c’était un nommé Mondorge, qui avait été son camarade, demanda à Baron combien il croyait qu’il fallait lui donner ? Celui-ci répondit au hasard :&#10;        &#10;          Quatre pistoles. — Donnez-lui quatre pistoles pour moi, lui dit Molière ; en voilà vingt qu’il faut que vous lui donniez pour vous ; et il joignit à ce présent celui d’un habit magnifique. Ce sont de petits faits, mais ils peignent le caractère.&#10;        Un autre trait mérite plus d’être rapporté. Il venait de donner l’aumône à un pauvre. Un instant après, le pauvre court après lui, et lui dit :&#10;        &#10;          Monsieur, vous n’aviez peut-être pas dessein de me donner un louis d’or, je viens vous le rendre. — Tiens, mon ami, dit Molière, en voilà un autre. ; et il s’écria : Où la vertu va-t-elle se nicher ! Exclamation qui peut faire voir qu’il réfléchissait sur tout ce qui se présentait à lui, et qu’il étudiait partout la nature en homme qui la voulait peindre.&#10;        Molière, heureux par ses succès et par ses protecteurs, par ses amis et par sa fortune, ne le fut pas dans sa maison. Il avait épousé en 1661 une jeune fille, née de la Béjart et d’un gentilhomme nommé Modène_ On disait que Molière en était le père : le soin avec lequel on avait répandu cette calomnie, fit que plusieurs personnes prirent celui de la réfuter. On prouva que Molière n’avait connu la mère qu’après la naissance de cette fille. La disproportion d’âge, et les dangers auxquels une comédienne jeune et belle est exposée, rendirent ce mariage malheureux ; et Molière, tout philosophe qu’il était d’ailleurs, essuya dans son domestique les dégoûts, les amertumes, et quelquefois les ridicules, qu’il avait si souvent joué sur le théâtre. Tant il est vrai que les hommes qui sont au-dessus des autres par les talents, s’en rapprochent presque toujours par les faiblesses. Car pourquoi les talents nous mettraient-ils au-dessus de l’humanité ?&#10;        La dernière pièce qu’il composa fut le Malade imaginaire. Il y avait quelque temps que sa poitrine était attaquée, et qu’il crachait quelquefois du sang. Le jour de la troisième représentation, il se sentit plus incommodé qu’auparavant : on lui conseilla de ne point jouer ; mais il voulut faire un effort sur lui-même, et cet effort lui coûta la vie.&#10;        Il lui prit une convulsion en prononçant juro, dans le divertissement de la réception du Malade Imaginaire_ On le rapporta mourant chez lui, rue de Richelieu. Il fut assisté quelques moments par deux de ces sœurs religieuses qui viennent quêter à Paris pendant le carême, et qu’il logeait chez lui. Il mourut entre leurs bras, étouffé par le sang qui lui sortait par la bouche, le 17 février 1673, âgé de cinquante-trois ans. Il ne laissa qu’une fille, qui avait beaucoup d’esprit. Sa veuve épousa un comédien nommé Guérin_&#10;        Le malheur qu’il avait eu de ne pouvoir mourir avec les secours de la religion, et la prévention contre la comédie, déterminèrent Harlay de Chanvalon, archevêque de Paris, si connu par ses intrigues galantes, à refuser la sépulture à Molière_ Le roi le regrettait ; et ce monarque, dont il avait été le domestique et le pensionnaire, eut la bonté de prier l’archevêque de Paris de le faire inhumer dans une église. Le curé de Saint-Eustache, sa paroisse, ne voulut pas s’en charger. La populace, qui ne connaissait dans Molière que le comédien, et qui ignorait qu’il avait été un excellent auteur, un philosophe, un grand homme en son genre, s’attroupa en foule à la porte de sa maison le jour du convoi : sa veuve fut obligée de jeter de l’argent par les fenêtres ; et ces misérables, qui auraient, sans savoir pourquoi, troublé l’enterrement, accompagnèrent le corps avec respect.&#10;        La difficulté qu’on fit de lui donner la sépulture, et les injustices qu’il avait essuyées pendant sa vie, engagèrent le fameux père Bouhours à composer cette espèce d’épitaphe, qui de toutes celles qu’on fit pour Molière est la seule qui mérite d’être rapportée, et la seule qui ne soit pas dans cette fausse et mauvaise histoire qu’on a mise jusqu’ici au devant de ses ouvrages :&#10;        &#10;          Tu réformas et la ville et la cour ; Mais quelle en fut la récompense ? Les Français rougiront un jour De leur peu de reconnaissance. Il leur fallut un comédien Qui mît à les polir sa gloire et son étude ; Mais, Molière, à ta gloire il ne manquerait rien, Si, parmi les défauts que tu peignis si bien, Tu les avais repris de leur ingratitude. Non seulement j’ai omis dans cette vie de Molière les contes populaires touchant Chapelle et ses amis ; mais je suis obligé de dire, que ces contes adoptés par Grimarest, sont très faux. Le feu duc de Sully, le dernier prince de Vendôme, l’abbé de Chaulieu, qui avaient beaucoup vécu avec Chapelle, m’ont assuré que toutes ces historiettes ne méritaient aucune créance.&#10;      "/>
  <cas:View sofa="1" members="2 3 4 5 6 7 8 9 10 11 12 13 14 15 16 17 18 19 20 21 22 23 24 25 26 27 28 29 30 31 32 33 34 35 36 37 38 39 40 41 42 43 44 45 46 47 48 49 50 51 52 53 54 55 56 57 58 59 60 61 62 63 64 65 66 67 68 69 70 71 72 73 74 75 76 77 78 79 80 81 82 83 84 85 86 87 88 89 90 91 92 93 94 95 96 97 98 99 100 101 102 103 104 105 106 107 108 109 110 111 112 113 114 115 116 117 118 119 120 121 122 123 124 125 126 127 128 129 130 131 132 133 134 135 136 137 138 139 140 141 142 143 144 145 146 147 148 149 150 151 152 153 154 155 156 157 158 159 160 161 162 163 164 165 166 167 168 169 170 171 172 173 174 175 176 177 178 179 180 181 182 183 184 185 186 187 188 189 190 191 192 193 194 195 196 197 198 199 200 201 202 203 204 205 206 207"/>
</xmi:XMI>
