<?xml version='1.0' encoding='UTF-8'?>
<xmi:XMI xmlns:xmi="http://www.omg.org/XMI" xmlns:cas="http:///uima/cas.ecore" xmlns:custom="http:///webanno/custom.ecore" xmi:version="2.0">
  <cas:NULL xmi:id="0"/>
  <custom:head xmi:id="2" begin="9" end="26" sofa="1"/>
  <custom:p xmi:id="3" rend="i" begin="35" end="176" sofa="1"/>
  <custom:hi xmi:id="4" rend="i" begin="220" end="227" sofa="1"/>
  <custom:hi xmi:id="5" rend="i" begin="476" end="485" sofa="1"/>
  <custom:p xmi:id="6" begin="185" end="492" sofa="1"/>
  <cas:Sofa xmi:id="1" sofaNum="1" sofaID="_InitialView" sofaString="&#10;        LE MARIAGE FORCÉ.&#10;        Petite pièce en prose et en un acte, représentée au Louvre le 24 janvier 1664, et au théâtre du Palais-Royal le 15 décembre de la même année.&#10;        C’est une de ces petites farces de Molière, qu’il prit l’habitude de faire jouer après les pièces en cinq actes. Il y a dans celle-ci quelques scènes tirées du théâtre italien. On y remarque plus de bouffonnerie, que d’art et d’agrément. Elle fut accompagnée au Louvre d’un petit ballet, où Louis XIV dansa.&#10;      "/>
  <cas:View sofa="1" members="2 3 4 5 6"/>
</xmi:XMI>
