<?xml version='1.0' encoding='UTF-8'?>
<xmi:XMI xmlns:xmi="http://www.omg.org/XMI" xmlns:cas="http:///uima/cas.ecore" xmlns:custom="http:///webanno/custom.ecore" xmi:version="2.0">
  <cas:NULL xmi:id="0"/>
  <custom:head xmi:id="2" begin="9" end="43" sofa="1"/>
  <custom:lb xmi:id="3" begin="143" end="143" sofa="1"/>
  <custom:hi xmi:id="4" rend="sup" begin="147" end="149" sofa="1"/>
  <custom:p xmi:id="5" rend="i" begin="52" end="160" sofa="1"/>
  <custom:hi xmi:id="6" rend="i" begin="284" end="291" sofa="1"/>
  <custom:hi xmi:id="7" rend="i" begin="371" end="390" sofa="1"/>
  <custom:hi xmi:id="8" rend="i" begin="441" end="460" sofa="1"/>
  <custom:p xmi:id="9" begin="169" end="628" sofa="1"/>
  <custom:hi xmi:id="10" rend="i" begin="637" end="646" sofa="1"/>
  <custom:hi xmi:id="11" rend="i" begin="687" end="694" sofa="1"/>
  <custom:hi xmi:id="12" rend="i" begin="783" end="816" sofa="1"/>
  <custom:hi xmi:id="13" rend="i" begin="830" end="852" sofa="1"/>
  <custom:hi xmi:id="14" rend="i" begin="857" end="876" sofa="1"/>
  <custom:p xmi:id="15" begin="637" end="876" sofa="1"/>
  <cas:Sofa xmi:id="1" sofaNum="1" sofaID="_InitialView" sofaString="&#10;        LA CRITIQUE DE L’ÉCOLE DES FEMMES,&#10;        Petite pièce en un acte et en prose, représentée à Paris, sur le théâtre du Palais-Royal, &#10;le 1er Juin 1663.&#10;        C’est le premier ouvrage de ce genre qu’on connaisse au théâtre. C’est proprement un dialogue, et non une comédie. Molière y fait plus la satire de ses censeurs, qu’il ne défend les endroits faibles de l’École des femmes. On convient qu’il avait tort de vouloir justifier la tarte à la crème, et quelques autres bassesses de style qui lui étaient échappées ; mais ses ennemis avaient plus grand tort de saisir ces petits défauts pour condamner un bon ouvrage.&#10;        Boursault crut se reconnaître dans le portrait de Lysidas_ Pour s’en venger, il fit jouer à l’hôtel de Bourgogne une petite pièce dans le goût de la Critique de l’École des femmes, intitulée : Le Portrait du peintre, ou la Contre-Critique.&#10;      "/>
  <cas:View sofa="1" members="2 3 4 5 6 7 8 9 10 11 12 13 14 15"/>
</xmi:XMI>
