<?xml version='1.0' encoding='UTF-8'?>
<xmi:XMI xmlns:xmi="http://www.omg.org/XMI" xmlns:cas="http:///uima/cas.ecore" xmlns:custom="http:///webanno/custom.ecore" xmi:version="2.0">
  <cas:NULL xmi:id="0"/>
  <custom:head xmi:id="2" begin="9" end="34" sofa="1"/>
  <custom:p xmi:id="3" rend="i" begin="43" end="137" sofa="1"/>
  <custom:hi xmi:id="4" rend="i" begin="146" end="170" sofa="1"/>
  <custom:hi xmi:id="5" rend="i" begin="199" end="206" sofa="1"/>
  <custom:hi xmi:id="6" rend="i" begin="301" end="312" sofa="1"/>
  <custom:hi xmi:id="7" rend="i" begin="332" end="350" sofa="1"/>
  <custom:p xmi:id="8" begin="146" end="417" sofa="1"/>
  <custom:p xmi:id="9" begin="437" end="563" sofa="1"/>
  <custom:quote xmi:id="10" begin="437" end="563" sofa="1"/>
  <custom:hi xmi:id="11" rend="i" begin="600" end="620" sofa="1"/>
  <custom:hi xmi:id="12" rend="i" begin="645" end="654" sofa="1"/>
  <custom:hi xmi:id="13" rend="i" begin="689" end="701" sofa="1"/>
  <custom:p xmi:id="14" begin="564" end="703" sofa="1"/>
  <custom:l xmi:id="15" begin="723" end="771" sofa="1"/>
  <custom:l xmi:id="16" begin="782" end="824" sofa="1"/>
  <custom:l xmi:id="17" begin="835" end="882" sofa="1"/>
  <custom:l xmi:id="18" begin="893" end="942" sofa="1"/>
  <custom:l xmi:id="19" begin="953" end="997" sofa="1"/>
  <custom:l xmi:id="20" begin="1008" end="1046" sofa="1"/>
  <custom:l xmi:id="21" begin="1057" end="1100" sofa="1"/>
  <custom:hi xmi:id="22" rend="i" begin="1144" end="1156" sofa="1"/>
  <custom:l xmi:id="23" begin="1111" end="1156" sofa="1"/>
  <custom:quote xmi:id="24" begin="723" end="1156" sofa="1"/>
  <custom:hi xmi:id="25" rend="i" begin="1202" end="1209" sofa="1"/>
  <custom:hi xmi:id="26" rend="i" begin="1226" end="1233" sofa="1"/>
  <custom:hi xmi:id="27" rend="i" begin="1239" end="1246" sofa="1"/>
  <custom:hi xmi:id="28" rend="i" begin="1288" end="1295" sofa="1"/>
  <custom:p xmi:id="29" begin="1157" end="1465" sofa="1"/>
  <custom:hi xmi:id="30" rend="i" begin="1474" end="1481" sofa="1"/>
  <custom:hi xmi:id="31" rend="i" begin="1501" end="1525" sofa="1"/>
  <custom:hi xmi:id="32" rend="i" begin="1529" end="1545" sofa="1"/>
  <custom:hi xmi:id="33" rend="i" begin="1556" end="1613" sofa="1"/>
  <custom:hi xmi:id="34" rend="i" begin="1663" end="1672" sofa="1"/>
  <custom:quote xmi:id="35" begin="1690" end="1743" sofa="1"/>
  <custom:hi xmi:id="36" rend="i" begin="1772" end="1779" sofa="1"/>
  <custom:p xmi:id="37" begin="1474" end="1792" sofa="1"/>
  <cas:Sofa xmi:id="1" sofaNum="1" sofaID="_InitialView" sofaString="&#10;        LES FOURBERIES DE SCAPIN,&#10;        Comédie en prose et en trois actes, représentée sur le théâtre du Palais-Royal le 24 mai 1671.&#10;        Les Fourberies de Scapin sont une de ces farces, que Molière avait préparées en province. Il n’avait pas fait scrupule d’y insérer deux scènes entières du Pédant joué, mauvaise pièce de Cyrano de Bergerac_ On prétend que quand on lui reprochait ce plagiat, il répondait :&#10;        &#10;          Ces deux scènes sont assez bonnes ; cela m’appartenait de droit : il est permis de reprendre son bien partout où on le trouve. Si Molière avait donné la farce des Fourberies de Scapin pour une vraie comédie, Despréaux aurait eu raison de dire dans son Art poétique :&#10;        &#10;          C’est par là que Molière, illustrant ses écrits,&#10;          Peut_être de son art eût remporté le prix,&#10;          Si moins ami du peuple en ses doctes peintures,&#10;          Il n’eût point fait souvent grimacer ses figures,&#10;          Quitté pour le bouffon l’agréable et le fin,&#10;          Et sans honte à Térence allié Tabarin.&#10;          Dans ce sac ridicule où Scapin s’enveloppe,&#10;          Je ne reconnais plus l’auteur du Misanthrope. On pourrait répondre à ce grand critique que Molière n’a point allié Térence avec Tabarin dans ses vraies comédies, où il surpasse Térence : que s’il a déféré au goût du peuple, c’est dans ses farces, dont le seul titre annonce du bas comique ; et que ce bas comique était nécessaire pour soutenir sa troupe.&#10;        Molière ne pensait pas que Les Fourberies de Scapin et Le Mariage forcé valussent L’Avare, Le Tartuffe, Le Misanthrope, Les Femmes savantes, ou fussent même du même genre. De plus, comment Despréaux peut-il dire que « Molière peut-être de son art eût remporté le prix » ? Qui aura donc ce prix, si Molière ne l’a pas ?&#10;      "/>
  <cas:View sofa="1" members="2 3 4 5 6 7 8 9 10 11 12 13 14 15 16 17 18 19 20 21 22 23 24 25 26 27 28 29 30 31 32 33 34 35 36 37"/>
</xmi:XMI>
