<?xml version='1.0' encoding='UTF-8'?>
<xmi:XMI xmlns:xmi="http://www.omg.org/XMI" xmlns:cas="http:///uima/cas.ecore" xmlns:custom="http:///webanno/custom.ecore" xmi:version="2.0">
  <cas:NULL xmi:id="0"/>
  <custom:head xmi:id="2" begin="9" end="38" sofa="1"/>
  <custom:p xmi:id="3" rend="i" begin="47" end="133" sofa="1"/>
  <custom:hi xmi:id="4" rend="i" begin="142" end="149" sofa="1"/>
  <custom:hi xmi:id="5" rend="i" begin="253" end="269" sofa="1"/>
  <custom:p xmi:id="6" begin="142" end="512" sofa="1"/>
  <cas:Sofa xmi:id="1" sofaNum="1" sofaID="_InitialView" sofaString="&#10;        MÉLICERTE, PASTORALE HÉROÏQUE&#10;        Représentée à Saint-Germain-en-Laye pour le roi au Ballet des Muses, en décembre 1666.&#10;        Molière n’a jamais fait que deux actes de cette comédie ; le roi se contenta de ces deux actes dans la fête du Ballet des Muses_ Le public n’a point regretté que l’auteur ait négligé de finir cet ouvrage : il est dans un genre qui n’était point celui de Molière. Quelque peine qu’il y eût prise, les plus grands efforts d’un homme d’esprit ne remplacent jamais le génie.&#10;      "/>
  <cas:View sofa="1" members="2 3 4 5 6"/>
</xmi:XMI>
