<?xml version='1.0' encoding='UTF-8'?>
<xmi:XMI xmlns:xmi="http://www.omg.org/XMI" xmlns:cas="http:///uima/cas.ecore" xmlns:custom="http:///webanno/custom.ecore" xmi:version="2.0">
  <cas:NULL xmi:id="0"/>
  <custom:head xmi:id="2" begin="9" end="40" sofa="1"/>
  <custom:p xmi:id="3" rend="i" begin="49" end="183" sofa="1"/>
  <custom:hi xmi:id="4" rend="i" begin="232" end="239" sofa="1"/>
  <custom:hi xmi:id="5" rend="i" begin="843" end="851" sofa="1"/>
  <custom:hi xmi:id="6" rend="i" begin="1509" end="1516" sofa="1"/>
  <custom:p xmi:id="7" begin="192" end="1575" sofa="1"/>
  <custom:hi xmi:id="8" rend="i" begin="1614" end="1623" sofa="1"/>
  <custom:hi xmi:id="9" rend="i" begin="1657" end="1673" sofa="1"/>
  <custom:hi xmi:id="10" rend="i" begin="1980" end="1987" sofa="1"/>
  <custom:p xmi:id="11" begin="1584" end="2134" sofa="1"/>
  <custom:hi xmi:id="12" rend="i" begin="2517" end="2548" sofa="1"/>
  <custom:hi xmi:id="13" rend="i" begin="2553" end="2562" sofa="1"/>
  <custom:p xmi:id="14" begin="2143" end="2792" sofa="1"/>
  <custom:hi xmi:id="15" rend="i" begin="2811" end="2820" sofa="1"/>
  <custom:hi xmi:id="16" rend="i" begin="2845" end="2868" sofa="1"/>
  <custom:hi xmi:id="17" rend="i" begin="2873" end="2892" sofa="1"/>
  <custom:hi xmi:id="18" rend="i" begin="2928" end="2937" sofa="1"/>
  <custom:hi xmi:id="19" rend="i" begin="3092" end="3103" sofa="1"/>
  <custom:p xmi:id="20" begin="2801" end="3103" sofa="1"/>
  <cas:Sofa xmi:id="1" sofaNum="1" sofaID="_InitialView" sofaString="&#10;        L’ÉTOURDI, OU LES CONTRE-TEMPS,&#10;        Comédie en vers et en cinq actes, jouée d’abord à Lyon, en 1653, et à Paris au mois de Décembre 1658, sur le théâtre du Petit-Bourbon.&#10;        Cette pièce est la première comédie que Molière ait donnée à Paris : elle est composée de plusieurs petites intrigues assez indépendantes les unes des autres ; c’était le goût du théâtre italien et espagnol, qui s’était introduit à Paris. Les comédies n’étaient alors que des tissus d’aventures singulières, où l’on n’avait guère songé à peindre les mœurs. Le théâtre n’était point, comme il le doit être, la représentation de la vie humaine. La coutume humiliante pour l’humanité, que les hommes puissants avaient pour lors de tenir des fous auprès d’eux, avait infecté le théâtre ; on n’y voyait que de vils bouffons, qui étaient les modèles de nos Jodelets ; et on ne représentait que le ridicule de ces misérables, au lieu de jouer celui de leurs maîtres. La bonne comédie ne pouvait être connue en France, puisque la société et la galanterie, seules sources du bon comique, ne faisaient que d’y naître. Ce loisir dans lequel les hommes rendus à eux-mêmes se livrent à leur caractère et à leur ridicule, est le seul temps propre pour la comédie : car c’est le seul où ceux qui ont le talent de peindre les hommes aient l’occasion de les bien voir, et le seul pendant lequel les spectacles puissent être fréquentés assidûment. Aussi ce ne fut qu’après avoir bien vu la cour et Paris, et bien connu les hommes, que Molière les représenta avec des couleurs si vraies et si durables.&#10;        Les connaisseurs ont dit, que l’Étourdi devrait seulement être intitulé, les Contre-temps_ Lélie, en rendant une bourse qu’il a trouvée, en secourant un homme qu’on attaque, fait des actions de générosité plutôt que d’étourderie. Son valet paraît plus étourdi que lui, puisqu’il n’a presque jamais l’attention de l’avertir de ce qu’il veut faire. Le dénouement qui a trop souvent été l’écueil de Molière, n’est pas meilleur ici que dans ses autres pièces : cette faute est plus inexcusable dans une pièce d’intrigue que dans une comédie de caractère.&#10;        On est obligé de dire (et c’est principalement aux étrangers qu’on le dit) que le style de cette pièce est faible et négligé, et que surtout il y a beaucoup de fautes contre la langue. Non seulement il se trouve dans les ouvrages de cet admirable auteur, des vices de construction, mais aussi plusieurs mots impropres et surannés. Trois des plus grands auteurs du siècle de Louis XIV, Molière, La Fontaine, et Corneille, ne doivent être lus qu’avec précaution par rapport au langage. Il faut que ceux qui apprennent notre langue dans les écrits des auteurs célèbres, y discernent ces petites fautes, et qu’ils ne les prennent pas pour des autorités.&#10;        Au reste, l’Étourdi eut plus de succès, que le Misanthrope, l’Avare, et les Femmes savantes n’en eurent depuis. C’est qu’avant l’Étourdi on ne connaissait pas mieux, et que la réputation de Molière ne faisait pas encore d’ombrage. Il n’y avait alors de bonne comédie au théâtre français que le Menteur.&#10;      "/>
  <cas:View sofa="1" members="2 3 4 5 6 7 8 9 10 11 12 13 14 15 16 17 18 19 20"/>
</xmi:XMI>
