<?xml version='1.0' encoding='UTF-8'?>
<xmi:XMI xmlns:xmi="http://www.omg.org/XMI" xmlns:cas="http:///uima/cas.ecore" xmlns:custom="http:///webanno/custom.ecore" xmi:version="2.0">
  <cas:NULL xmi:id="0"/>
  <custom:lb xmi:id="2" begin="47" end="47" sofa="1"/>
  <custom:head xmi:id="3" begin="9" end="66" sofa="1"/>
  <custom:lb xmi:id="4" begin="150" end="150" sofa="1"/>
  <custom:p xmi:id="5" rend="i" begin="75" end="161" sofa="1"/>
  <custom:hi xmi:id="6" rend="i" begin="184" end="193" sofa="1"/>
  <custom:hi xmi:id="7" rend="i" begin="534" end="549" sofa="1"/>
  <custom:hi xmi:id="8" rend="i" begin="555" end="562" sofa="1"/>
  <custom:hi xmi:id="9" rend="i" begin="573" end="593" sofa="1"/>
  <custom:hi xmi:id="10" rend="i" begin="707" end="714" sofa="1"/>
  <custom:p xmi:id="11" begin="170" end="958" sofa="1"/>
  <custom:hi xmi:id="12" rend="i" begin="990" end="1010" sofa="1"/>
  <custom:hi xmi:id="13" rend="i" begin="1184" end="1200" sofa="1"/>
  <custom:hi xmi:id="14" rend="i" begin="1213" end="1221" sofa="1"/>
  <custom:hi xmi:id="15" rend="i" begin="1307" end="1314" sofa="1"/>
  <custom:hi xmi:id="16" rend="i" begin="1586" end="1593" sofa="1"/>
  <custom:p xmi:id="17" begin="967" end="1740" sofa="1"/>
  <cas:Sofa xmi:id="1" sofaNum="1" sofaID="_InitialView" sofaString="&#10;        LA PRINCESSE D’ÉLIDE, OU LES PLAISIRS&#10;DE L’ÎLE ENCHANTÉE,&#10;        Représentée le 7 Mai 1664, à Versailles, à la grande fête que le roi donna&#10;aux reines.&#10;        Les fêtes que Louis XIV donna dans sa jeunesse, méritent d’entrer dans l’histoire de ce monarque, non-seulement par les magnificences singulières, mais encore par le bonheur qu’il eut d’avoir des hommes célèbres en tous genres, qui contribuaient en même temps à ses plaisirs, à la politesse, et à la gloire de la nation. Ce fut à cette fête, connue sous le nom de l’Île enchantée, que Molière fit jouer la Princesse d’Élide, comédie-ballet en cinq actes. Il n’y a que le premier acte et la première scène du second, qui soient en vers : Molière, pressé par le temps, écrivit le reste en prose. Cette pièce réussit beaucoup dans une cour qui ne respirait que la joie, et qui au milieu de tant de plaisirs, ne pouvait critiquer avec sévérité un ouvrage fait à la hâte pour embellir la fête.&#10;        On a depuis représenté la Princesse d’Élide à Paris ; mais elle ne put avoir le même succès, dépouillée de tous ses ornements et des circonstances heureuses qui l’avaient soutenue. On joua la même année la comédie de la Mère coquette, du célèbre Quinault ; c’était presque la seule bonne comédie qu’on eût vue en France, hors les pièces de Molière, et elle dut lui donner de l’émulation. Rarement les ouvrages faits pour des fêtes réussissent-ils au théâtre de Paris. Ceux à qui la fête est donnée, sont toujours indulgents : mais le public libre est toujours sévère. Le genre sérieux et galant n’était pas le génie de Molière ; et cette espèce de poëme n’ayant ni le plaisant de la comédie, ni les grandes passions de la tragédie, tombe presque toujours dans l’insipidité.&#10;      "/>
  <cas:View sofa="1" members="2 3 4 5 6 7 8 9 10 11 12 13 14 15 16 17"/>
</xmi:XMI>
