<?xml version='1.0' encoding='UTF-8'?>
<xmi:XMI xmlns:xmi="http://www.omg.org/XMI" xmlns:cas="http:///uima/cas.ecore" xmlns:custom="http:///webanno/custom.ecore" xmi:version="2.0">
  <cas:NULL xmi:id="0"/>
  <custom:head xmi:id="2" begin="9" end="27" sofa="1"/>
  <custom:p xmi:id="3" rend="i" begin="36" end="107" sofa="1"/>
  <custom:hi xmi:id="4" rend="i" begin="144" end="151" sofa="1"/>
  <custom:p xmi:id="5" begin="116" end="265" sofa="1"/>
  <custom:hi xmi:id="6" rend="i" begin="274" end="291" sofa="1"/>
  <custom:hi xmi:id="7" rend="i" begin="330" end="338" sofa="1"/>
  <custom:p xmi:id="8" begin="274" end="477" sofa="1"/>
  <custom:hi xmi:id="9" rend="i" begin="499" end="516" sofa="1"/>
  <custom:hi xmi:id="10" rend="i" begin="537" end="545" sofa="1"/>
  <custom:hi xmi:id="11" rend="i" begin="549" end="556" sofa="1"/>
  <custom:hi xmi:id="12" rend="i" begin="574" end="581" sofa="1"/>
  <custom:hi xmi:id="13" rend="i" begin="713" end="725" sofa="1"/>
  <custom:hi xmi:id="14" rend="i" begin="760" end="778" sofa="1"/>
  <custom:hi xmi:id="15" rend="i" begin="791" end="803" sofa="1"/>
  <custom:hi xmi:id="16" rend="i" begin="935" end="952" sofa="1"/>
  <custom:hi xmi:id="17" rend="i" begin="1080" end="1092" sofa="1"/>
  <custom:hi xmi:id="18" rend="i" begin="1104" end="1121" sofa="1"/>
  <custom:hi xmi:id="19" rend="i" begin="1187" end="1194" sofa="1"/>
  <custom:hi xmi:id="20" rend="i" begin="1296" end="1304" sofa="1"/>
  <custom:hi xmi:id="21" rend="i" begin="1308" end="1315" sofa="1"/>
  <custom:hi xmi:id="22" rend="i" begin="1479" end="1487" sofa="1"/>
  <custom:hi xmi:id="23" rend="i" begin="1677" end="1694" sofa="1"/>
  <custom:hi xmi:id="24" rend="i" begin="1735" end="1742" sofa="1"/>
  <custom:hi xmi:id="25" rend="i" begin="1873" end="1880" sofa="1"/>
  <custom:hi xmi:id="26" rend="i" begin="1929" end="1934" sofa="1"/>
  <custom:hi xmi:id="27" rend="i" begin="1987" end="1994" sofa="1"/>
  <custom:hi xmi:id="28" rend="i" begin="2109" end="2116" sofa="1"/>
  <custom:p xmi:id="29" begin="486" end="2220" sofa="1"/>
  <cas:Sofa xmi:id="1" sofaNum="1" sofaID="_InitialView" sofaString="&#10;        L’ÉCOLE DES MARIS,&#10;        Comédie en vers et en trois actes, représentée à Paris le 24 Juin 1661.&#10;        Il y a grande apparence que Molière avait au moins les canevas de ces premières pièces déjà préparés, puisqu’elles se succédèrent en si peu de temps.&#10;        L’École des maris affermit pour jamais la réputation de Molière. C’est une pièce de caractère et d’intrigue. Quand il n’aurait fait que ce seul ouvrage, il eût pu passer pour un excellent auteur comique.&#10;        On a dit que l’École des maris était une copie des Adelphes de Térence : si cela était, Molière eût plus mérité l’éloge d’avoir fait passer en France le bon goût de l’ancienne Rome que le reproche d’avoir dérobé sa pièce. Mais les Adelphes ont fourni tout au plus l’idée de l’École des maris. Il y a dans les Adelphes deux vieillards de différente humeur, qui donnent chacun une éducation différente aux enfants qu’ils élèvent ; il y a de même dans l’École des maris deux tuteurs, dont l’un est sévère, et l’autre indulgent : voilà toute la ressemblance. Il n’y a presque point d’intrigue dans les Adelphes ; celle de l’École des maris est fine, intéressante et comique. Une des femmes de la pièce de Térence, qui devrait faire le personnage le plus intéressant, ne paraît sur le théâtre que pour accoucher. L’Isabelle de Molière occupe presque toujours la scène avec esprit et avec grâce, et mêle quelquefois de la bienséance, même dans les tours qu’elle joue à son tuteur. Le dénouement des Adelphes n’a nulle vraisemblance ; il n’est point dans la nature, qu’un vieillard qui a été soixante ans chagrin, sévère et avare, devienne tout à coup gai, complaisant et libéral. Le dénouement de l’École des maris est le meilleur de toutes les pièces de Molière_ Il est vraisemblable, naturel, tiré du fond de l’intrigue ; et, ce qui vaut bien autant, il est extrêmement comique. Le style de Térence est pur, sentencieux, mais un peu froid ; comme César, qui excellait en tout, le lui a reproché. Celui de Molière, dans cette pièce est plus châtié que dans les autres. L’auteur Français égale presque la pureté de la diction de Térence, et le passe de bien loin dans l’intrigue, dans le caractère, dans le dénouement, dans la plaisanterie.&#10;      "/>
  <cas:View sofa="1" members="2 3 4 5 6 7 8 9 10 11 12 13 14 15 16 17 18 19 20 21 22 23 24 25 26 27 28 29"/>
</xmi:XMI>
