<?xml version='1.0' encoding='UTF-8'?>
<xmi:XMI xmlns:xmi="http://www.omg.org/XMI" xmlns:cas="http:///uima/cas.ecore" xmlns:custom="http:///webanno/custom.ecore" xmi:version="2.0">
  <cas:NULL xmi:id="0"/>
  <custom:head xmi:id="2" begin="9" end="29" sofa="1"/>
  <custom:p xmi:id="3" rend="i" begin="38" end="131" sofa="1"/>
  <custom:hi xmi:id="4" rend="i" begin="205" end="213" sofa="1"/>
  <custom:hi xmi:id="5" rend="i" begin="220" end="231" sofa="1"/>
  <custom:hi xmi:id="6" rend="i" begin="452" end="459" sofa="1"/>
  <custom:hi xmi:id="7" rend="i" begin="604" end="615" sofa="1"/>
  <custom:p xmi:id="8" begin="140" end="644" sofa="1"/>
  <custom:hi xmi:id="9" rend="i" begin="695" end="702" sofa="1"/>
  <custom:hi xmi:id="10" rend="i" begin="884" end="890" sofa="1"/>
  <custom:hi xmi:id="11" rend="i" begin="917" end="923" sofa="1"/>
  <custom:hi xmi:id="12" rend="i" begin="932" end="941" sofa="1"/>
  <custom:hi xmi:id="13" rend="i" begin="961" end="967" sofa="1"/>
  <custom:hi xmi:id="14" rend="i" begin="997" end="1006" sofa="1"/>
  <custom:hi xmi:id="15" rend="i" begin="1061" end="1068" sofa="1"/>
  <custom:hi xmi:id="16" rend="i" begin="1109" end="1119" sofa="1"/>
  <custom:hi xmi:id="17" rend="i" begin="1124" end="1138" sofa="1"/>
  <custom:hi xmi:id="18" rend="i" begin="1226" end="1242" sofa="1"/>
  <custom:hi xmi:id="19" rend="i" begin="1257" end="1264" sofa="1"/>
  <custom:hi xmi:id="20" rend="i" begin="1287" end="1307" sofa="1"/>
  <custom:hi xmi:id="21" rend="i" begin="1322" end="1328" sofa="1"/>
  <custom:hi xmi:id="22" rend="i" begin="1355" end="1361" sofa="1"/>
  <custom:hi xmi:id="23" rend="i" begin="1370" end="1377" sofa="1"/>
  <custom:hi xmi:id="24" rend="i" begin="1388" end="1397" sofa="1"/>
  <custom:hi xmi:id="25" rend="i" begin="1415" end="1424" sofa="1"/>
  <custom:hi xmi:id="26" rend="i" begin="1463" end="1470" sofa="1"/>
  <custom:hi xmi:id="27" rend="i" begin="1482" end="1491" sofa="1"/>
  <custom:hi xmi:id="28" rend="i" begin="1535" end="1544" sofa="1"/>
  <custom:hi xmi:id="29" rend="i" begin="1713" end="1722" sofa="1"/>
  <custom:hi xmi:id="30" rend="i" begin="1788" end="1794" sofa="1"/>
  <custom:hi xmi:id="31" rend="i" begin="1894" end="1901" sofa="1"/>
  <custom:hi xmi:id="32" rend="i" begin="1914" end="1923" sofa="1"/>
  <custom:hi xmi:id="33" rend="i" begin="1962" end="1969" sofa="1"/>
  <custom:hi xmi:id="34" rend="i" begin="2124" end="2130" sofa="1"/>
  <custom:hi xmi:id="35" rend="i" begin="2322" end="2331" sofa="1"/>
  <custom:hi xmi:id="36" rend="i" begin="2364" end="2373" sofa="1"/>
  <custom:p xmi:id="37" begin="653" end="2500" sofa="1"/>
  <custom:hi xmi:id="38" rend="i" begin="2608" end="2615" sofa="1"/>
  <custom:hi xmi:id="39" rend="i" begin="2619" end="2628" sofa="1"/>
  <custom:p xmi:id="40" begin="2509" end="2674" sofa="1"/>
  <cas:Sofa xmi:id="1" sofaNum="1" sofaID="_InitialView" sofaString="&#10;        LES FEMMES SAVANTES,&#10;        Comédie en vers et en cinq actes, représentée sur le théâtre du Palais-Royal le 11 mars 1672.&#10;        Cette comédie, qui est mise par les connaisseurs dans le rang du Tartuffe et du Misanthrope, attaquait un ridicule qui ne semblait propre à réjouir ni le peuple, ni la cour, à qui ce ridicule paraissait être également étranger. Elle fut reçue d’abord assez froidement ; mais les connaisseurs rendirent bientôt à Molière les suffrages de la ville ; et un mot du roi, lui donna ceux de la cour. L’intrigue, qui en effet a quelque chose de plus plaisant que celle du Misanthrope, soutint la pièce longtemps.&#10;        Plus on la vit, et plus on admira comment Molière avait pu jeter tant de comique sur un sujet qui paraissait fournir plus de pédanterie que d’agrément. Tous ceux qui sont au fait de l’histoire littéraire de ce temps-là, savent que Ménage y est joué sous le nom de Vadius, et que Trissotin est le fameux abbé Cottin, si connu par les satires de Despréaux_ Ces deux hommes étaient pour leur malheur ennemis de Molière ; ils avaient voulu persuader au duc de Montausier que Le Misanthrope était fait contre lui ; quelque temps après ils avaient eu chez Mademoiselle, fille de Gaston de France, la scène que Molière a si bien rendue dans Les Femmes savantes. Le malheureux Cottin écrivait également contre Ménage, contre Molière et contre Despréaux : les satires de Despréaux l’avaient déjà couvert de honte, mais Molière l’accabla. Trissotin était appelé aux premières représentations Tricottin_ L’acteur qui le représentait avait affecté, autant qu’il avait pu, de ressembler à l’original par la voix et par le geste. Enfin, pour comble de ridicule, les vers de Trissotin, sacrifiés sur le théâtre à la risée publique, étaient de l’abbé Cottin même. S’ils avaient été bons, et si leur auteur avait valu quelque chose, la critique sanglante de Molière et celle de Despréaux ne lui eussent pas ôté sa réputation. Molière lui-même avait été joué aussi cruellement sur le théâtre de l’hôtel de Bourgogne, et n’en fut pas moins estimé : le vrai mérite résiste à la satire. Mais Cottin était bien loin de pouvoir se soutenir contre de telles attaques : on dit qu’il fut si accablé de ce dernier coup, qu’il tomba dans une mélancolie qui le conduisit au tombeau. Les satires de Despréaux coûtèrent aussi la vie à l’abbé Cassaigne ; triste effet d’une liberté plus dangereuse qu’utile, et qui flatte plus la malignité humaine, qu’elle n’inspire le bon goût.&#10;        La meilleure satire qu’on puisse faire des mauvais poètes, c’est de donner d’excellents ouvrages ; Molière et Despréaux n’avaient pas besoin d’y ajouter des injures.&#10;      "/>
  <cas:View sofa="1" members="2 3 4 5 6 7 8 9 10 11 12 13 14 15 16 17 18 19 20 21 22 23 24 25 26 27 28 29 30 31 32 33 34 35 36 37 38 39 40"/>
</xmi:XMI>
