<?xml version='1.0' encoding='UTF-8'?>
<xmi:XMI xmlns:xmi="http://www.omg.org/XMI" xmlns:cas="http:///uima/cas.ecore" xmlns:custom="http:///webanno/custom.ecore" xmi:version="2.0">
  <cas:NULL xmi:id="0"/>
  <custom:head xmi:id="2" begin="9" end="32" sofa="1"/>
  <custom:p xmi:id="3" rend="i" begin="41" end="150" sofa="1"/>
  <custom:hi xmi:id="4" rend="i" begin="159" end="168" sofa="1"/>
  <custom:hi xmi:id="5" rend="i" begin="210" end="217" sofa="1"/>
  <custom:hi xmi:id="6" rend="i" begin="346" end="353" sofa="1"/>
  <custom:hi xmi:id="7" rend="i" begin="686" end="699" sofa="1"/>
  <custom:hi xmi:id="8" rend="i" begin="745" end="754" sofa="1"/>
  <custom:p xmi:id="9" begin="159" end="960" sofa="1"/>
  <custom:hi xmi:id="10" rend="i" begin="1243" end="1250" sofa="1"/>
  <custom:hi xmi:id="11" rend="i" begin="1292" end="1297" sofa="1"/>
  <custom:hi xmi:id="12" rend="i" begin="1301" end="1321" sofa="1"/>
  <custom:hi xmi:id="13" rend="i" begin="1443" end="1448" sofa="1"/>
  <custom:p xmi:id="14" begin="969" end="1580" sofa="1"/>
  <custom:hi xmi:id="15" rend="i" begin="1646" end="1664" sofa="1"/>
  <custom:p xmi:id="16" begin="1589" end="1713" sofa="1"/>
  <custom:p xmi:id="17" rend="i" begin="1733" end="1756" sofa="1"/>
  <custom:quote xmi:id="18" begin="1733" end="1756" sofa="1"/>
  <cas:Sofa xmi:id="1" sofaNum="1" sofaID="_InitialView" sofaString="&#10;        LES AMANTS MAGNIFIQUES,&#10;        Comédie-ballet en prose et en cinq actes, représentée devant le roi à Saint-Germain, au mois de janvier 1670.&#10;        Louis XIV lui-même donna le sujet de cette pièce à Molière_ Il voulut qu’on représentât deux princes qui se disputeraient une maîtresse, en lui donnant des fêtes magnifiques et galantes. Molière servit le roi avec précipitation. Il mit dans cet ouvrage deux personnages qu’il n’avait point encore fait paraître sur son théâtre, un astrologue, et un fou de cour. Le monde n’était point alors désabusé de l’astrologie judiciaire ; on y croyait d’autant plus, qu’on connaissait moins la véritable astronomie. Il est rapporté dans Vittorio Siri, qu’on n’avait pas manqué, à la naissance de Louis XIV, de faire tenir un astrologue dans un cabinet voisin de celui où la reine accouchait. C’est dans les cours que cette superstition règne davantage, parce que c’est là qu’on a plus d’inquiétude sur l’avenir.&#10;        Les fous y étaient aussi à la mode ; chaque prince et chaque grand seigneur même avait son fou ; et les hommes n’ont quitté ce reste de barbarie, qu’à mesure qu’ils ont plus connu les plaisirs de la société et ceux que donnent les beaux-arts. Le fou qui est représenté dans Molière, n’est point un fou ridicule, tel que le Moron de La Princesse d’Élide ; mais un homme adroit, et qui ayant la liberté de tout dire, s’en sert avec habileté et avec finesse. La musique est de Lulli_ Cette pièce ne fut jouée qu’à la cour, et ne pouvait guère réussir que par le mérite du divertissement et par celui de l’à-propos.&#10;        On ne doit pas omettre, que dans les divertissements des Amants magnifiques, il se trouve une traduction de l’ode d’Horace :&#10;        &#10;          Donec gratus eram tibi. "/>
  <cas:View sofa="1" members="2 3 4 5 6 7 8 9 10 11 12 13 14 15 16 17 18"/>
</xmi:XMI>
