#FORMAT=WebAnno TSV 3.2
#T_SP=de.tudarmstadt.ukp.dkpro.core.api.ner.type.NamedEntity|identifier|value


#Text=I live with a bunch of animals in my home in New Jersey.
1-1	0-1	I	_	_	
1-2	2-6	live	_	_	
1-3	7-11	with	_	_	
1-4	12-13	a	_	_	
1-5	14-19	bunch	_	_	
1-6	20-22	of	_	_	
1-7	23-30	animals	_	_	
1-8	31-33	in	_	_	
1-9	34-36	my	_	_	
1-10	37-41	home	_	_	
1-11	42-44	in	_	_	
1-12	45-48	New	*[1]	OTH[1]	
1-13	49-55	Jersey	*[1]	OTH[1]	
1-14	55-56	.	_	_	

#Text=Lailaps is a wild wetterhoun that loves belly rubs and neck massages.
2-1	57-64	Lailaps	http://mbugert.de/pets#lailaps	OTH	
2-2	65-67	is	_	_	
2-3	68-69	a	_	_	
2-4	70-74	wild	_	_	
2-5	75-85	wetterhoun	http://mbugert.de/pets#dog	OTH	
2-6	86-90	that	_	_	
2-7	91-96	loves	_	_	
2-8	97-102	belly	_	_	
2-9	103-107	rubs	_	_	
2-10	108-111	and	_	_	
2-11	112-116	neck	_	_	
2-12	117-125	massages	_	_	
2-13	125-126	.	_	_	

#Text=She likes Socke and Kahmi.
3-1	127-130	She	_	_	
3-2	131-136	likes	_	_	
3-3	137-142	Socke	http://mbugert.de/pets#socke	OTH	
3-4	143-146	and	_	_	
3-5	147-152	Kahmi	http://mbugert.de/pets#kahmi	OTH	
3-6	152-153	.	_	_	

#Text=Socke is a shy cat that does not like malicious Kahmi, another cat.
4-1	154-159	Socke	*	OTH	
4-2	160-162	is	_	_	
4-3	163-164	a	_	_	
4-4	165-168	shy	_	_	
4-5	169-172	cat	*	*	
4-6	173-177	that	_	_	
4-7	178-182	does	_	_	
4-8	183-186	not	_	_	
4-9	187-191	like	_	_	
4-10	192-201	malicious	_	_	
4-11	202-207	Kahmi	http://mbugert.de/pets#kahmi	OTH	
4-12	207-208	,	_	_	
4-13	209-216	another	_	_	
4-14	217-220	cat	_	_	
4-15	220-221	.	_	_	

#Text=They don't get along well.
5-1	222-226	They	_	_	
5-2	227-232	don't	_	_	
5-3	233-236	get	_	_	
5-4	237-242	along	_	_	
5-5	243-247	well	_	_	
5-6	247-248	.	_	_	
