#FORMAT=WebAnno TSV 3.2
#T_SP=de.tudarmstadt.ukp.dkpro.core.api.lexmorph.type.pos.POS|PosValue|coarseValue
#T_SP=de.tudarmstadt.ukp.dkpro.core.api.segmentation.type.Lemma|value
#T_RL=de.tudarmstadt.ukp.dkpro.core.api.syntax.type.dependency.Dependency|DependencyType|flavor|BT_de.tudarmstadt.ukp.dkpro.core.api.lexmorph.type.pos.POS


#Text=Interview with US political activist and philosopher Noam Chomsky
1-1	0-9	Interview	NN	NN	interview	_	_	_	
1-2	10-14	with	IN	IN	with	prep	basic	1-1	
1-3	15-17	US	NNP	NP	US	nn	basic	1-5	
1-4	18-27	political	JJ	JJ	political	amod	basic	1-5	
1-5	28-36	activist	NN	NN	activist	nn	basic	1-9	
1-6	37-40	and	CC	CC	and	cc	basic	1-5	
1-7	41-52	philosopher	NN	NN	philosopher	conj	basic	1-5	
1-8	53-57	Noam	NNP	NP	Noam	nn	basic	1-9	
1-9	58-65	Chomsky	NNP	NP	Chomsky	pobj	basic	1-1	

#Text=Saturday , April 4 , 2009
2-1	66-74	Saturday	NNP	NP	Saturday	_	_	_	
2-2	75-76	,	,	,	,	_	_	_	
2-3	77-82	April	NNP	NP	April	nn	basic	2-4	
2-4	83-84	4	CD	CD	4	appos	basic	2-1	
2-5	85-86	,	,	,	,	_	_	_	
2-6	87-91	2009	CD	CD	@card@	tmod	basic	2-3	

#Text=Political activist and philosopher Noam Chomsky
3-1	92-101	Political	JJ	JJ	political	amod	basic	3-2	
3-2	102-110	activist	NN	NN	activist	nn	basic	3-6	
3-3	111-114	and	CC	CC	and	cc	basic	3-2	
3-4	115-126	philosopher	NN	NN	philosopher	conj	basic	3-2	
3-5	127-131	Noam	NNP	NP	Noam	nn	basic	3-6	
3-6	132-139	Chomsky	NNP	NP	Chomsky	_	_	_	

#Text=Noam Chomsky is a professor emeritus at Massachusetts Institute of Technology in Linguistics and Philosophy .
4-1	140-144	Noam	NNP	NP	Noam	nn	basic	4-2	
4-2	145-152	Chomsky	NNP	NP	Chomsky	nsubj	basic	4-5	
4-3	153-155	is	VBZ	VBZ	be	cop	basic	4-5	
4-4	156-157	a	DT	DT	a	det	basic	4-5	
4-5	158-167	professor	NN	NN	professor	_	_	_	
4-6	168-176	emeritus	JJ	JJ	emeritus	amod	basic	4-5	
4-7	177-179	at	IN	IN	at	prep	basic	4-5	
4-8	180-193	Massachusetts	NNP	NP	Massachusetts	nn	basic	4-9	
4-9	194-203	Institute	NNP	NP	Institute	pobj	basic	4-7	
4-10	204-206	of	IN	IN	of	prep	basic	4-9	
4-11	207-217	Technology	NNP	NP	Technology	pobj	basic	4-10	
4-12	218-220	in	IN	IN	in	prep	basic	4-5	
4-13	221-232	Linguistics	NN	NN	linguistics	pobj	basic	4-12	
4-14	233-236	and	CC	CC	and	cc	basic	4-13	
4-15	237-247	Philosophy	NN	NN	philosophy	conj	basic	4-13	
4-16	248-249	.	.	SENT	.	_	_	_	

#Text=At the age of 40 he was credited with revolutionizing the field of modern linguistics .
5-1	250-252	At	IN	IN	at	prep	basic	5-8	
5-2	253-256	the	DT	DT	the	det	basic	5-3	
5-3	257-260	age	NN	NN	age	pobj	basic	5-1	
5-4	261-263	of	IN	IN	of	prep	basic	5-3	
5-5	264-266	40	CD	CD	@card@	pobj	basic	5-4	
5-6	267-269	he	PRP	PP	he	nsubjpass	basic	5-8	
5-7	270-273	was	VBD	VBD	be	auxpass	basic	5-8	
5-8	274-282	credited	VBN	VVN	credit	_	_	_	
5-9	283-287	with	IN	IN	with	prep	basic	5-8	
5-10	288-303	revolutionizing	VBG	VVG	revolutionize	pcomp	basic	5-9	
5-11	304-307	the	DT	DT	the	det	basic	5-12	
5-12	308-313	field	NN	NN	field	dobj	basic	5-10	
5-13	314-316	of	IN	IN	of	prep	basic	5-12	
5-14	317-323	modern	JJ	JJ	modern	amod	basic	5-15	
5-15	324-335	linguistics	NN	NN	linguistics	pobj	basic	5-13	
5-16	336-337	.	.	SENT	.	_	_	_	

#Text=He was one of the first opponents of the Vietnam War , and is a self-described Libertarian Socialist .
6-1	338-340	He	PRP	PP	he	nsubj	basic	6-3	
6-2	341-344	was	VBD	VBD	be	cop	basic	6-3	
6-3	345-348	one	CD	CD	one	_	_	_	
6-4	349-351	of	IN	IN	of	prep	basic	6-3	
6-5	352-355	the	DT	DT	the	det	basic	6-7	
6-6	356-361	first	JJ	JJ	first	amod	basic	6-7	
6-7	362-371	opponents	NNS	NNS	opponent	pobj	basic	6-4	
6-8	372-374	of	IN	IN	of	prep	basic	6-7	
6-9	375-378	the	DT	DT	the	det	basic	6-11	
6-10	379-386	Vietnam	NNP	NP	Vietnam	nn	basic	6-11	
6-11	387-390	War	NNP	NP	War	pobj	basic	6-8	
6-12	391-392	,	,	,	,	_	_	_	
6-13	393-396	and	CC	CC	and	cc	basic	6-3	
6-14	397-399	is	VBZ	VBZ	be	cop	basic	6-18	
6-15	400-401	a	DT	DT	a	det	basic	6-18	
6-16	402-416	self-described	VBN	VVN	self-describe	amod	basic	6-18	
6-17	417-428	Libertarian	JJ	JJ	libertarian	nn	basic	6-18	
6-18	429-438	Socialist	NN	NN	Socialist	conj	basic	6-3	
6-19	439-440	.	.	SENT	.	_	_	_	

#Text=At age 80 he continues to write books ; his latest book , Hegemony or Survival , was a bestseller in non-fiction .
7-1	441-443	At	IN	IN	at	prep	basic	7-5	
7-2	444-447	age	NN	NN	age	pobj	basic	7-1	
7-3	448-450	80	CD	CD	@card@	num	basic	7-2	
7-4	451-453	he	PRP	PP	he	nsubj	basic	7-5	
7-5	454-463	continues	VBZ	VVZ	continue	_	_	_	
7-6	464-466	to	TO	TO	to	aux	basic	7-7	
7-7	467-472	write	VB	VV	write	xcomp	basic	7-5	
7-8	473-478	books	NNS	NNS	book	dobj	basic	7-7	
7-9	479-480	;	:	:	\;	_	_	_	
7-10	481-484	his	PRP$	PP$	his	poss	basic	7-12	
7-11	485-491	latest	JJS	JJS	late	amod	basic	7-12	
7-12	492-496	book	NN	NN	book	nsubj	basic	7-20	
7-13	497-498	,	,	,	,	_	_	_	
7-14	499-507	Hegemony	NNP	NP	hegemony	appos	basic	7-12	
7-15	508-510	or	CC	CC	or	cc	basic	7-14	
7-16	511-519	Survival	NNP	NP	survival	conj	basic	7-14	
7-17	520-521	,	,	,	,	_	_	_	
7-18	522-525	was	VBD	VBD	be	cop	basic	7-20	
7-19	526-527	a	DT	DT	a	det	basic	7-20	
7-20	528-538	bestseller	NN	NN	bestseller	parataxis	basic	7-5	
7-21	539-541	in	IN	IN	in	prep	basic	7-20	
7-22	542-553	non-fiction	NN	NN	non-fiction	pobj	basic	7-21	
7-23	554-555	.	.	SENT	.	_	_	_	

#Text=According to the Arts and Humanities Citation Index Professor Chomsky is the eighth most cited scholar of all time .
8-1	556-565	According	VBG	VVG	accord	prep	basic	8-16	
8-2	566-568	to	TO	TO	to	pcomp	basic	8-1	
8-3	569-572	the	DT	DT	the	det	basic	8-8	
8-4	573-577	Arts	NNPS	NPS	Art	nn	basic	8-8	
8-5	578-581	and	CC	CC	and	cc	basic	8-4	
8-6	582-592	Humanities	NNPS	NPS	humanity	conj	basic	8-4	
8-7	593-601	Citation	NNP	NP	Citation	nn	basic	8-8	
8-8	602-607	Index	NNP	NP	Index	pobj	basic	8-2	
8-9	608-617	Professor	NNP	NP	Professor	nn	basic	8-10	
8-10	618-625	Chomsky	NNP	NP	Chomsky	nsubj	basic	8-16	
8-11	626-628	is	VBZ	VBZ	be	cop	basic	8-16	
8-12	629-632	the	DT	DT	the	det	basic	8-16	
8-13	633-639	eighth	JJ	JJ	eighth	advmod	basic	8-14	
8-14	640-644	most	RBS	RBS	most	advmod	basic	8-15	
8-15	645-650	cited	VBN	VVN	cite	amod	basic	8-16	
8-16	651-658	scholar	NN	NN	scholar	_	_	_	
8-17	659-661	of	IN	IN	of	prep	basic	8-16	
8-18	662-665	all	DT	DT	all	det	basic	8-19	
8-19	666-670	time	NN	NN	time	pobj	basic	8-17	
8-20	671-672	.	.	SENT	.	_	_	_	

#Text=On March 13 , Professor Chomsky sat down with Michael Dranove for an interview in his MIT office in Cambridge , Massachusetts .
9-1	673-675	On	IN	IN	on	prep	basic	9-7	
9-2	676-681	March	NNP	NP	March	nn	basic	9-3	
9-3	682-684	13	CD	CD	@card@	pobj	basic	9-1	
9-4	685-686	,	,	,	,	_	_	_	
9-5	687-696	Professor	NNP	NP	Professor	nn	basic	9-6	
9-6	697-704	Chomsky	NNP	NP	Chomsky	nsubj	basic	9-7	
9-7	705-708	sat	VBD	VVD	sit	_	_	_	
9-8	709-713	down	RP	RP	down	prt	basic	9-7	
9-9	714-718	with	IN	IN	with	prep	basic	9-7	
9-10	719-726	Michael	NNP	NP	Michael	nn	basic	9-11	
9-11	727-734	Dranove	NNP	NP	Dranove	pobj	basic	9-9	
9-12	735-738	for	IN	IN	for	prep	basic	9-7	
9-13	739-741	an	DT	DT	an	det	basic	9-14	
9-14	742-751	interview	NN	NN	interview	pobj	basic	9-12	
9-15	752-754	in	IN	IN	in	prep	basic	9-14	
9-16	755-758	his	PRP$	PP$	his	poss	basic	9-18	
9-17	759-762	MIT	NNP	NP	MIT	nn	basic	9-18	
9-18	763-769	office	NN	NN	office	pobj	basic	9-15	
9-19	770-772	in	IN	IN	in	prep	basic	9-18	
9-20	773-782	Cambridge	NNP	NP	Cambridge	nn	basic	9-22	
9-21	783-784	,	,	,	,	_	_	_	
9-22	785-798	Massachusetts	NNP	NP	Massachusetts	pobj	basic	9-19	
9-23	799-800	.	.	SENT	.	_	_	_	

#Text=On NATO
10-1	801-803	On	IN	IN	on	_	_	_	
10-2	804-808	NATO	NNP	NP	NATO	pobj	basic	10-1	

#Text=I just wanted to know if you had any thoughts on recent NATO actions and the protests coming up at the 60th NATO conference , I know you ’re speaking at the counter-conference .
11-1	809-810	I	PRP	PP	I	nsubj	basic	11-3	
11-2	811-815	just	RB	RB	just	advmod	basic	11-3	
11-3	816-822	wanted	VBD	VVD	want	ccomp	basic	11-27	
11-4	823-825	to	TO	TO	to	aux	basic	11-5	
11-5	826-830	know	VB	VV	know	xcomp	basic	11-3	
11-6	831-833	if	IN	IN	if	mark	basic	11-8	
11-7	834-837	you	PRP	PP	you	nsubj	basic	11-8	
11-8	838-841	had	VBD	VHD	have	advcl	basic	11-5	
11-9	842-845	any	DT	DT	any	det	basic	11-10	
11-10	846-854	thoughts	NNS	NNS	thought	dobj	basic	11-8	
11-11	855-857	on	IN	IN	on	prep	basic	11-10	
11-12	858-864	recent	JJ	JJ	recent	amod	basic	11-14	
11-13	865-869	NATO	NNP	NP	NATO	nn	basic	11-14	
11-14	870-877	actions	NNS	NNS	action	pobj	basic	11-11	
11-15	878-881	and	CC	CC	and	cc	basic	11-14	
11-16	882-885	the	DT	DT	the	det	basic	11-17	
11-17	886-894	protests	NNS	NNS	protest	conj	basic	11-15	
11-18	895-901	coming	VBG	VVG	come	vmod	basic	11-17	
11-19	902-904	up	RP	RP	up	prt	basic	11-18	
11-20	905-907	at	IN	IN	at	prep	basic	11-18	
11-21	908-911	the	DT	DT	the	det	basic	11-24	
11-22	912-916	60th	JJ	JJ	100th	amod	basic	11-24	
11-23	917-921	NATO	NNP	NP	NATO	nn	basic	11-24	
11-24	922-932	conference	NN	NN	conference	pobj	basic	11-20	
11-25	933-934	,	,	,	,	_	_	_	
11-26	935-936	I	PRP	PP	I	nsubj	basic	11-27	
11-27	937-941	know	VBP	VVP	know	_	_	_	
11-28	942-945	you	PRP	PP	you	nsubj	basic	11-29	
11-29	946-949	’re	VBP	VBP	be	ccomp	basic	11-27	
11-30	950-958	speaking	VBG	VVG	speak	xcomp	basic	11-29	
11-31	959-961	at	IN	IN	at	prep	basic	11-30	
11-32	962-965	the	DT	DT	the	det	basic	11-33	
11-33	966-984	counter-conference	NN	NN	counter-conference	pobj	basic	11-31	
11-34	985-986	.	.	SENT	.	_	_	_	

#Text=Could be I give so many talks I ca n’t remember .
12-1	987-992	Could	MD	MD	Could	aux	basic	12-3	
12-2	993-995	be	VB	VB	be	cop	basic	12-3	
12-3	996-997	I	PRP	PP	I	csubj	basic	12-4	
12-4	998-1002	give	VBP	VVP	give	_	_	_	
12-5	1003-1005	so	RB	RB	so	advmod	basic	12-6	
12-6	1006-1010	many	JJ	JJ	many	amod	basic	12-7	
12-7	1011-1016	talks	NNS	NNS	talk	dobj	basic	12-4	
12-8	1017-1018	I	PRP	PP	I	nsubj	basic	12-11	
12-9	1019-1021	ca	MD	MD	ca	aux	basic	12-11	
12-10	1022-1025	n’t	RB	RB	n't	advmod	basic	12-9	
12-11	1026-1034	remember	VB	VV	remember	rcmod	basic	12-7	
12-12	1035-1036	.	.	SENT	.	_	_	_	

#Text=On the NATO conference , well I mean the obvious question is why should NATO exist ?
13-1	1037-1039	On	IN	IN	on	prep	basic	13-8	
13-2	1040-1043	the	DT	DT	the	det	basic	13-4	
13-3	1044-1048	NATO	NNP	NP	NATO	nn	basic	13-4	
13-4	1049-1059	conference	NN	NN	conference	pobj	basic	13-1	
13-5	1060-1061	,	,	,	,	_	_	_	
13-6	1062-1066	well	UH	UH	well	expl	basic	13-8	
13-7	1067-1068	I	PRP	PP	I	nsubj	basic	13-8	
13-8	1069-1073	mean	VBP	VVP	mean	_	_	_	
13-9	1074-1077	the	DT	DT	the	det	basic	13-11	
13-10	1078-1085	obvious	JJ	JJ	obvious	amod	basic	13-11	
13-11	1086-1094	question	NN	NN	question	nsubj	basic	13-12	
13-12	1095-1097	is	VBZ	VBZ	be	ccomp	basic	13-8	
13-13	1098-1101	why	WRB	WRB	why	advmod	basic	13-16	
13-14	1102-1108	should	MD	MD	should	aux	basic	13-16	
13-15	1109-1113	NATO	NNP	NP	NATO	nsubj	basic	13-16	
13-16	1114-1119	exist	VB	VV	exist	ccomp	basic	13-12	
13-17	1120-1121	?	.	SENT	?	_	_	_	

#Text=In fact you can ask questions about why it should ever have existed , but now why should it exist .
14-1	1122-1124	In	IN	IN	in	prep	basic	14-5	
14-2	1125-1129	fact	NN	NN	fact	pobj	basic	14-1	
14-3	1130-1133	you	PRP	PP	you	nsubj	basic	14-5	
14-4	1134-1137	can	MD	MD	can	aux	basic	14-5	
14-5	1138-1141	ask	VB	VV	ask	_	_	_	
14-6	1142-1151	questions	NNS	NNS	question	dobj	basic	14-5	
14-7	1152-1157	about	IN	IN	about	prep	basic	14-5	
14-8	1158-1161	why	WRB	WRB	why	advmod	basic	14-13	
14-9	1162-1164	it	PRP	PP	it	nsubj	basic	14-13	
14-10	1165-1171	should	MD	MD	should	aux	basic	14-13	
14-11	1172-1176	ever	RB	RB	ever	advmod	basic	14-13	
14-12	1177-1181	have	VB	VH	have	aux	basic	14-13	
14-13	1182-1189	existed	VBN	VVN	exist	pcomp	basic	14-7	
14-14	1190-1191	,	,	,	,	_	_	_	
14-15	1192-1195	but	CC	CC	but	cc	basic	14-5	
14-16	1196-1199	now	RB	RB	now	advmod	basic	14-17	
14-17	1200-1203	why	WRB	WRB	why	advmod	basic	14-20	
14-18	1204-1210	should	MD	MD	should	aux	basic	14-20	
14-19	1211-1213	it	PRP	PP	it	nsubj	basic	14-20	
14-20	1214-1219	exist	VB	VV	exist	conj	basic	14-5	
14-21	1220-1221	.	.	SENT	.	_	_	_	

#Text=I mean the theory was , whether you believe it or not , that it would be a defensive alliance against potential Soviet aggression , that ’s the basic doctrine .
15-1	1222-1223	I	PRP	PP	I	nsubj	basic	15-2	
15-2	1224-1228	mean	VBP	VVP	mean	ccomp	basic	15-4	
15-3	1229-1232	the	DT	DT	the	det	basic	15-4	
15-4	1233-1239	theory	NN	NN	theory	nsubj	basic	15-5	
15-5	1240-1243	was	VBD	VBD	be	cop	basic	15-20	
15-6	1244-1245	,	,	,	,	_	_	_	
15-7	1246-1253	whether	IN	IN	whether	mark	basic	15-9	
15-8	1254-1257	you	PRP	PP	you	nsubj	basic	15-9	
15-9	1258-1265	believe	VBP	VVP	believe	pcomp	basic	15-20	
15-10	1266-1268	it	PRP	PP	it	dobj	basic	15-9	
15-11	1269-1271	or	CC	CC	or	cc	basic	15-9	
15-12	1272-1275	not	RB	RB	not	conj	basic	15-9	
15-13	1276-1277	,	,	,	,	_	_	_	
15-14	1278-1282	that	IN	IN/that	that	mark	basic	15-20	
15-15	1283-1285	it	PRP	PP	it	nsubj	basic	15-20	
15-16	1286-1291	would	MD	MD	would	aux	basic	15-20	
15-17	1292-1294	be	VB	VB	be	cop	basic	15-20	
15-18	1295-1296	a	DT	DT	a	det	basic	15-20	
15-19	1297-1306	defensive	JJ	JJ	defensive	amod	basic	15-20	
15-20	1307-1315	alliance	NN	NN	alliance	_	_	_	
15-21	1316-1323	against	IN	IN	against	prep	basic	15-20	
15-22	1324-1333	potential	JJ	JJ	potential	amod	basic	15-24	
15-23	1334-1340	Soviet	JJ	JJ	Soviet	amod	basic	15-24	
15-24	1341-1351	aggression	NN	NN	aggression	pobj	basic	15-21	
15-25	1352-1353	,	,	,	,	_	_	_	
15-26	1354-1358	that	DT	DT	that	nsubj	basic	15-30	
15-27	1359-1361	’s	VBZ	VBZ	be	cop	basic	15-30	
15-28	1362-1365	the	DT	DT	the	det	basic	15-30	
15-29	1366-1371	basic	JJ	JJ	basic	amod	basic	15-30	
15-30	1372-1380	doctrine	NN	NN	doctrine	parataxis	basic	15-24	
15-31	1381-1382	.	.	SENT	.	_	_	_	

#Text=Well there ’s no defense against Soviet aggression , so whether you believe that doctrine or not that ’s gone .
16-1	1383-1387	Well	UH	UH	well	discourse	basic	16-5	
16-2	1388-1393	there	EX	EX	there	expl	basic	16-3	
16-3	1394-1396	’s	VBZ	VBZ	be	cop	basic	16-5	
16-4	1397-1399	no	DT	DT	no	neg	basic	16-5	
16-5	1400-1407	defense	NN	NN	defense	_	_	_	
16-6	1408-1415	against	IN	IN	against	prep	basic	16-5	
16-7	1416-1422	Soviet	JJ	JJ	Soviet	amod	basic	16-8	
16-8	1423-1433	aggression	NN	NN	aggression	pobj	basic	16-6	
16-9	1434-1435	,	,	,	,	_	_	_	
16-10	1436-1438	so	RB	RB	so	cc	basic	16-5	
16-11	1439-1446	whether	IN	IN	whether	mark	basic	16-13	
16-12	1447-1450	you	PRP	PP	you	nsubj	basic	16-13	
16-13	1451-1458	believe	VBP	VVP	believe	conj	basic	16-5	
16-14	1459-1463	that	DT	DT	that	det	basic	16-15	
16-15	1464-1472	doctrine	NN	NN	doctrine	dobj	basic	16-13	
16-16	1473-1475	or	CC	CC	or	cc	basic	16-13	
16-17	1476-1479	not	RB	RB	not	conj	basic	16-13	
16-18	1480-1484	that	DT	DT	that	nsubj	basic	16-20	
16-19	1485-1487	’s	VBZ	VBZ	be	cop	basic	16-20	
16-20	1488-1492	gone	VBN	VVN	go	ccomp	basic	16-13	
16-21	1493-1494	.	.	SENT	.	_	_	_	

#Text=When the Soviet Union collapsed there had been an agreement , a recent agreement , between Gorbachev and the U.S government and the first Bush administration .
17-1	1495-1499	When	WRB	WRB	when	advmod	basic	17-5	
17-2	1500-1503	the	DT	DT	the	det	basic	17-4	
17-3	1504-1510	Soviet	NNP	NP	Soviet	nn	basic	17-4	
17-4	1511-1516	Union	NNP	NP	Union	nsubj	basic	17-5	
17-5	1517-1526	collapsed	VBD	VVD	collapse	advcl	basic	17-10	
17-6	1527-1532	there	EX	EX	there	expl	basic	17-10	
17-7	1533-1536	had	VBD	VHD	have	aux	basic	17-10	
17-8	1537-1541	been	VBN	VBN	be	cop	basic	17-10	
17-9	1542-1544	an	DT	DT	an	det	basic	17-10	
17-10	1545-1554	agreement	NN	NN	agreement	_	_	_	
17-11	1555-1556	,	,	,	,	_	_	_	
17-12	1557-1558	a	DT	DT	a	det	basic	17-14	
17-13	1559-1565	recent	JJ	JJ	recent	amod	basic	17-14	
17-14	1566-1575	agreement	NN	NN	agreement	appos	basic	17-10	
17-15	1576-1577	,	,	,	,	_	_	_	
17-16	1578-1585	between	IN	IN	between	prep	basic	17-10	
17-17	1586-1595	Gorbachev	NNP	NP	Gorbachev	pobj	basic	17-16	
17-18	1596-1599	and	CC	CC	and	cc	basic	17-10	
17-19	1600-1603	the	DT	DT	the	det	basic	17-21	
17-20	1604-1607	U.S	NNP	NP	U.S	nn	basic	17-21	
17-21	1608-1618	government	NN	NN	government	conj	basic	17-10	
17-22	1619-1622	and	CC	CC	and	cc	basic	17-21	
17-23	1623-1626	the	DT	DT	the	det	basic	17-26	
17-24	1627-1632	first	JJ	JJ	first	amod	basic	17-26	
17-25	1633-1637	Bush	NNP	NP	Bush	nn	basic	17-26	
17-26	1638-1652	administration	NN	NN	administration	conj	basic	17-21	
17-27	1653-1654	.	.	SENT	.	_	_	_	

#Text=The agreement was that Gorbachev agreed to a quite remarkable concession : he agreed to let a united Germany join the NATO military alliance .
18-1	1655-1658	The	DT	DT	the	det	basic	18-2	
18-2	1659-1668	agreement	NN	NN	agreement	nsubj	basic	18-3	
18-3	1669-1672	was	VBD	VBD	be	auxpass	basic	18-6	
18-4	1673-1677	that	IN	IN/that	that	mark	basic	18-6	
18-5	1678-1687	Gorbachev	NNP	NP	Gorbachev	nsubj	basic	18-6	
18-6	1688-1694	agreed	VBD	VVD	agree	_	_	_	
18-7	1695-1697	to	TO	TO	to	prep	basic	18-6	
18-8	1698-1699	a	DT	DT	a	det	basic	18-11	
18-9	1700-1705	quite	RB	RB	quite	advmod	basic	18-10	
18-10	1706-1716	remarkable	JJ	JJ	remarkable	amod	basic	18-11	
18-11	1717-1727	concession	NN	NN	concession	pobj	basic	18-7	
18-12	1728-1729	:	:	:	:	_	_	_	
18-13	1730-1732	he	PRP	PP	he	nsubj	basic	18-14	
18-14	1733-1739	agreed	VBD	VVD	agree	parataxis	basic	18-3	
18-15	1740-1742	to	TO	TO	to	aux	basic	18-16	
18-16	1743-1746	let	VB	VV	let	xcomp	basic	18-14	
18-17	1747-1748	a	DT	DT	a	det	basic	18-19	
18-18	1749-1755	united	VBN	VVN	unite	amod	basic	18-19	
18-19	1756-1763	Germany	NNP	NP	Germany	nsubj	basic	18-20	
18-20	1764-1768	join	VB	VV	join	ccomp	basic	18-16	
18-21	1769-1772	the	DT	DT	the	det	basic	18-24	
18-22	1773-1777	NATO	NNP	NP	NATO	nn	basic	18-24	
18-23	1778-1786	military	JJ	JJ	military	amod	basic	18-24	
18-24	1787-1795	alliance	NN	NN	alliance	dobj	basic	18-20	
18-25	1796-1797	.	.	SENT	.	_	_	_	

#Text=Now it is remarkable in the light of history , the history of the past century , Germany alone had virtually destroyed Russia , twice , and Germany backed by a hostile military alliance , centered in the most phenomenal military power in history , that ’s a real threat .
19-1	1798-1801	Now	UH	UH	now	discourse	basic	19-4	
19-2	1802-1804	it	PRP	PP	it	nsubj	basic	19-4	
19-3	1805-1807	is	VBZ	VBZ	be	cop	basic	19-4	
19-4	1808-1818	remarkable	JJ	JJ	remarkable	_	_	_	
19-5	1819-1821	in	IN	IN	in	prep	basic	19-4	
19-6	1822-1825	the	DT	DT	the	det	basic	19-7	
19-7	1826-1831	light	NN	NN	light	pobj	basic	19-5	
19-8	1832-1834	of	IN	IN	of	prep	basic	19-7	
19-9	1835-1842	history	NN	NN	history	pobj	basic	19-8	
19-10	1843-1844	,	,	,	,	_	_	_	
19-11	1845-1848	the	DT	DT	the	det	basic	19-12	
19-12	1849-1856	history	NN	NN	history	appos	basic	19-9	
19-13	1857-1859	of	IN	IN	of	prep	basic	19-12	
19-14	1860-1863	the	DT	DT	the	det	basic	19-16	
19-15	1864-1868	past	JJ	JJ	past	amod	basic	19-16	
19-16	1869-1876	century	NN	NN	century	pobj	basic	19-13	
19-17	1877-1878	,	,	,	,	_	_	_	
19-18	1879-1886	Germany	NNP	NP	Germany	nsubj	basic	19-22	
19-19	1887-1892	alone	RB	RB	alone	advmod	basic	19-22	
19-20	1893-1896	had	VBD	VHD	have	aux	basic	19-22	
19-21	1897-1906	virtually	RB	RB	virtually	advmod	basic	19-22	
19-22	1907-1916	destroyed	VBN	VVN	destroy	ccomp	basic	19-4	
19-23	1917-1923	Russia	NNP	NP	Russia	dobj	basic	19-22	
19-24	1924-1925	,	,	,	,	_	_	_	
19-25	1926-1931	twice	RB	RB	twice	advmod	basic	19-22	
19-26	1932-1933	,	,	,	,	_	_	_	
19-27	1934-1937	and	CC	CC	and	cc	basic	19-4	
19-28	1938-1945	Germany	NNP	NP	Germany	nsubj	basic	19-29	
19-29	1946-1952	backed	VBD	VVD	back	conj	basic	19-4	
19-30	1953-1955	by	IN	IN	by	prep	basic	19-29	
19-31	1956-1957	a	DT	DT	a	det	basic	19-34	
19-32	1958-1965	hostile	JJ	JJ	hostile	amod	basic	19-34	
19-33	1966-1974	military	JJ	JJ	military	amod	basic	19-34	
19-34	1975-1983	alliance	NN	NN	alliance	pobj	basic	19-30	
19-35	1984-1985	,	,	,	,	_	_	_	
19-36	1986-1994	centered	VBN	VVN	center	vmod	basic	19-34	
19-37	1995-1997	in	IN	IN	in	prep	basic	19-36	
19-38	1998-2001	the	DT	DT	the	det	basic	19-42	
19-39	2002-2006	most	RBS	RBS	most	advmod	basic	19-42	
19-40	2007-2017	phenomenal	JJ	JJ	phenomenal	amod	basic	19-42	
19-41	2018-2026	military	JJ	JJ	military	amod	basic	19-42	
19-42	2027-2032	power	NN	NN	power	pobj	basic	19-37	
19-43	2033-2035	in	IN	IN	in	prep	basic	19-42	
19-44	2036-2043	history	NN	NN	history	pobj	basic	19-43	
19-45	2044-2045	,	,	,	,	_	_	_	
19-46	2046-2050	that	DT	DT	that	nsubj	basic	19-47	
19-47	2051-2053	’s	VBZ	VBZ	be	rcmod	basic	19-34	
19-48	2054-2055	a	DT	DT	a	det	basic	19-50	
19-49	2056-2060	real	JJ	JJ	real	amod	basic	19-50	
19-50	2061-2067	threat	NN	NN	threat	dobj	basic	19-47	
19-51	2068-2069	.	.	SENT	.	_	_	_	

#Text=Nevertheless he agreed , but there was a quid pro quo , namely that NATO should not expand to the east , so Russia would at least have a kind of security zone .
20-1	2070-2082	Nevertheless	RB	RB	nevertheless	advmod	basic	20-3	
20-2	2083-2085	he	PRP	PP	he	nsubj	basic	20-3	
20-3	2086-2092	agreed	VBD	VVD	agree	_	_	_	
20-4	2093-2094	,	,	,	,	_	_	_	
20-5	2095-2098	but	CC	CC	but	cc	basic	20-3	
20-6	2099-2104	there	EX	EX	there	expl	basic	20-7	
20-7	2105-2108	was	VBD	VBD	be	conj	basic	20-3	
20-8	2109-2110	a	DT	DT	a	det	basic	20-11	
20-9	2111-2115	quid	FW	FW	quid	nn	basic	20-11	
20-10	2116-2119	pro	FW	FW	pro	nn	basic	20-11	
20-11	2120-2123	quo	FW	FW	quo	nsubj	basic	20-7	
20-12	2124-2125	,	,	,	,	_	_	_	
20-13	2126-2132	namely	RB	RB	namely	advmod	basic	20-11	
20-14	2133-2137	that	IN	IN/that	that	mark	basic	20-18	
20-15	2138-2142	NATO	NNP	NP	NATO	nsubj	basic	20-18	
20-16	2143-2149	should	MD	MD	should	aux	basic	20-18	
20-17	2150-2153	not	RB	RB	not	neg	basic	20-18	
20-18	2154-2160	expand	VB	VV	expand	ccomp	basic	20-7	
20-19	2161-2163	to	TO	TO	to	prep	basic	20-18	
20-20	2164-2167	the	DT	DT	the	det	basic	20-21	
20-21	2168-2172	east	NN	NN	east	pobj	basic	20-19	
20-22	2173-2174	,	,	,	,	_	_	_	
20-23	2175-2177	so	RB	RB	so	advmod	basic	20-7	
20-24	2178-2184	Russia	NNP	NP	Russia	nsubj	basic	20-28	
20-25	2185-2190	would	MD	MD	would	aux	basic	20-28	
20-26	2191-2193	at	IN	IN	at	advmod	basic	20-28	
20-27	2194-2199	least	JJS	JJS	least	pobj	basic	20-26	
20-28	2200-2204	have	VBP	VHP	have	parataxis	basic	20-7	
20-29	2205-2206	a	DT	DT	a	det	basic	20-30	
20-30	2207-2211	kind	NN	NN	kind	dobj	basic	20-28	
20-31	2212-2214	of	IN	IN	of	prep	basic	20-30	
20-32	2215-2223	security	NN	NN	security	nn	basic	20-33	
20-33	2224-2228	zone	NN	NN	zone	pobj	basic	20-31	
20-34	2229-2230	.	.	SENT	.	_	_	_	

#Text=And George Bush and James Baker , secretary of state , agreed that NATO would not expand one inch to the east .
21-1	2231-2234	And	CC	CC	and	cc	basic	21-12	
21-2	2235-2241	George	NNP	NP	George	nn	basic	21-3	
21-3	2242-2246	Bush	NNP	NP	Bush	nsubj	basic	21-12	
21-4	2247-2250	and	CC	CC	and	cc	basic	21-3	
21-5	2251-2256	James	NNP	NP	James	nn	basic	21-6	
21-6	2257-2262	Baker	NNP	NP	Baker	conj	basic	21-3	
21-7	2263-2264	,	,	,	,	_	_	_	
21-8	2265-2274	secretary	NN	NN	secretary	appos	basic	21-3	
21-9	2275-2277	of	IN	IN	of	prep	basic	21-8	
21-10	2278-2283	state	NN	NN	state	pobj	basic	21-9	
21-11	2284-2285	,	,	,	,	_	_	_	
21-12	2286-2292	agreed	VBD	VVD	agree	_	_	_	
21-13	2293-2297	that	IN	IN/that	that	mark	basic	21-17	
21-14	2298-2302	NATO	NNP	NP	NATO	nsubj	basic	21-17	
21-15	2303-2308	would	MD	MD	would	aux	basic	21-17	
21-16	2309-2312	not	RB	RB	not	neg	basic	21-17	
21-17	2313-2319	expand	VB	VV	expand	ccomp	basic	21-12	
21-18	2320-2323	one	CD	CD	one	num	basic	21-19	
21-19	2324-2328	inch	NN	NN	inch	dobj	basic	21-17	
21-20	2329-2331	to	TO	TO	to	prep	basic	21-17	
21-21	2332-2335	the	DT	DT	the	det	basic	21-22	
21-22	2336-2340	east	NN	NN	east	pobj	basic	21-20	
21-23	2341-2342	.	.	SENT	.	_	_	_	

#Text=Gorbachev also proposed a nuclear free weapons zone in the region , but the U.S would n’t consider that .
22-1	2343-2352	Gorbachev	NNP	NP	Gorbachev	nsubj	basic	22-3	
22-2	2353-2357	also	RB	RB	also	advmod	basic	22-3	
22-3	2358-2366	proposed	VBD	VVD	propose	_	_	_	
22-4	2367-2368	a	DT	DT	a	det	basic	22-8	
22-5	2369-2376	nuclear	JJ	JJ	nuclear	amod	basic	22-8	
22-6	2377-2381	free	JJ	JJ	free	amod	basic	22-8	
22-7	2382-2389	weapons	NNS	NNS	weapon	nn	basic	22-8	
22-8	2390-2394	zone	NN	NN	zone	dobj	basic	22-3	
22-9	2395-2397	in	IN	IN	in	prep	basic	22-8	
22-10	2398-2401	the	DT	DT	the	det	basic	22-11	
22-11	2402-2408	region	NN	NN	region	pobj	basic	22-9	
22-12	2409-2410	,	,	,	,	_	_	_	
22-13	2411-2414	but	CC	CC	but	cc	basic	22-3	
22-14	2415-2418	the	DT	DT	the	det	basic	22-15	
22-15	2419-2422	U.S	NNP	NP	U.S	nsubj	basic	22-18	
22-16	2423-2428	would	MD	MD	would	aux	basic	22-18	
22-17	2429-2432	n’t	RB	RB	n't	advmod	basic	22-18	
22-18	2433-2441	consider	VB	VV	consider	conj	basic	22-3	
22-19	2442-2446	that	DT	DT	that	dobj	basic	22-18	
22-20	2447-2448	.	.	SENT	.	_	_	_	

#Text=Okay , so that was the basis on which then shortly after the Soviet Union collapsed .
23-1	2449-2453	Okay	UH	UH	okay	expl	basic	23-7	
23-2	2454-2455	,	,	,	,	_	_	_	
23-3	2456-2458	so	RB	RB	so	advmod	basic	23-7	
23-4	2459-2463	that	DT	DT	that	nsubj	basic	23-7	
23-5	2464-2467	was	VBD	VBD	be	cop	basic	23-7	
23-6	2468-2471	the	DT	DT	the	det	basic	23-7	
23-7	2472-2477	basis	NN	NN	basis	_	_	_	
23-8	2478-2480	on	IN	IN	on	prep	basic	23-7	
23-9	2481-2486	which	WDT	WDT	which	pobj	basic	23-8	
23-10	2487-2491	then	RB	RB	then	advmod	basic	23-11	
23-11	2492-2499	shortly	RB	RB	shortly	advmod	basic	23-16	
23-12	2500-2505	after	IN	IN	after	prep	basic	23-11	
23-13	2506-2509	the	DT	DT	the	det	basic	23-15	
23-14	2510-2516	Soviet	NNP	NP	Soviet	nn	basic	23-15	
23-15	2517-2522	Union	NNP	NP	Union	pobj	basic	23-12	
23-16	2523-2532	collapsed	VBD	VVD	collapse	rcmod	basic	23-7	
23-17	2533-2534	.	.	SENT	.	_	_	_	

#Text=Well , Clinton came into office what did he do ?
24-1	2535-2539	Well	UH	UH	well	expl	basic	24-4	
24-2	2540-2541	,	,	,	,	_	_	_	
24-3	2542-2549	Clinton	NNP	NP	Clinton	nsubj	basic	24-4	
24-4	2550-2554	came	VBD	VVD	come	_	_	_	
24-5	2555-2559	into	IN	IN	into	prep	basic	24-4	
24-6	2560-2566	office	NN	NN	office	pobj	basic	24-5	
24-7	2567-2571	what	WP	WP	what	nsubj	basic	24-8	
24-8	2572-2575	did	VBD	VVD	do	rcmod	basic	24-6	
24-9	2576-2578	he	PRP	PP	he	nsubj	basic	24-10	
24-10	2579-2581	do	VB	VV	do	ccomp	basic	24-8	
24-11	2582-2583	?	.	SENT	?	_	_	_	

#Text=Well one of the first things he did was to back down on the promise of not expanding NATO to the east .
25-1	2584-2588	Well	UH	UH	well	_	_	_	
25-2	2589-2592	one	CD	CD	one	expl	basic	25-1	
25-3	2593-2595	of	IN	IN	of	prep	basic	25-2	
25-4	2596-2599	the	DT	DT	the	det	basic	25-6	
25-5	2600-2605	first	JJ	JJ	first	amod	basic	25-6	
25-6	2606-2612	things	NNS	NNS	thing	pobj	basic	25-3	
25-7	2613-2615	he	PRP	PP	he	nsubj	basic	25-8	
25-8	2616-2619	did	VBD	VVD	do	csubj	basic	25-6	
25-9	2620-2623	was	VBD	VBD	be	auxpass	basic	25-11	
25-10	2624-2626	to	TO	TO	to	aux	basic	25-11	
25-11	2627-2631	back	VB	VV	back	_	_	_	
25-12	2632-2636	down	RP	RP	down	prt	basic	25-11	
25-13	2637-2639	on	IN	IN	on	prep	basic	25-11	
25-14	2640-2643	the	DT	DT	the	det	basic	25-15	
25-15	2644-2651	promise	NN	NN	promise	pobj	basic	25-13	
25-16	2652-2654	of	IN	IN	of	prep	basic	25-15	
25-17	2655-2658	not	RB	RB	not	neg	basic	25-18	
25-18	2659-2668	expanding	VBG	VVG	expand	pcomp	basic	25-16	
25-19	2669-2673	NATO	NNP	NP	NATO	dobj	basic	25-18	
25-20	2674-2676	to	TO	TO	to	prep	basic	25-18	
25-21	2677-2680	the	DT	DT	the	det	basic	25-22	
25-22	2681-2685	east	NN	NN	east	pobj	basic	25-20	
25-23	2686-2687	.	.	SENT	.	_	_	_	

#Text=Well that ’s a significant threat to the Soviet Union , to Russia now that there was no longer any Soviet Union , it was a significant threat to Russia and not surprisingly they responded by beefing up their offensive capacity , not much but some .
26-1	2688-2692	Well	UH	UH	well	discourse	basic	26-6	
26-2	2693-2697	that	DT	DT	that	nsubj	basic	26-3	
26-3	2698-2700	’s	VBZ	VBZ	be	cop	basic	26-6	
26-4	2701-2702	a	DT	DT	a	det	basic	26-6	
26-5	2703-2714	significant	JJ	JJ	significant	amod	basic	26-6	
26-6	2715-2721	threat	NN	NN	threat	_	_	_	
26-7	2722-2724	to	TO	TO	to	prep	basic	26-6	
26-8	2725-2728	the	DT	DT	the	det	basic	26-10	
26-9	2729-2735	Soviet	NNP	NP	Soviet	nn	basic	26-10	
26-10	2736-2741	Union	NNP	NP	Union	pobj	basic	26-7	
26-11	2742-2743	,	,	,	,	_	_	_	
26-12	2744-2746	to	TO	TO	to	prep	basic	26-6	
26-13	2747-2753	Russia	NNP	NP	Russia	pobj	basic	26-12	
26-14	2754-2757	now	RB	RB	now	advmod	basic	26-22	
26-15	2758-2762	that	IN	IN/that	that	mark	basic	26-22	
26-16	2763-2768	there	EX	EX	there	expl	basic	26-17	
26-17	2769-2772	was	VBD	VBD	be	cop	basic	26-22	
26-18	2773-2775	no	RB	RB	no	neg	basic	26-19	
26-19	2776-2782	longer	RBR	RBR	longer	advmod	basic	26-22	
26-20	2783-2786	any	DT	DT	any	det	basic	26-22	
26-21	2787-2793	Soviet	NNP	NP	Soviet	nn	basic	26-22	
26-22	2794-2799	Union	NNP	NP	Union	advcl	basic	26-6	
26-23	2800-2801	,	,	,	,	_	_	_	
26-24	2802-2804	it	PRP	PP	it	nsubj	basic	26-28	
26-25	2805-2808	was	VBD	VBD	be	cop	basic	26-28	
26-26	2809-2810	a	DT	DT	a	det	basic	26-28	
26-27	2811-2822	significant	JJ	JJ	significant	amod	basic	26-28	
26-28	2823-2829	threat	NN	NN	threat	conj	basic	26-6	
26-29	2830-2832	to	TO	TO	to	prep	basic	26-28	
26-30	2833-2839	Russia	NNP	NP	Russia	pobj	basic	26-29	
26-31	2840-2843	and	CC	CC	and	cc	basic	26-28	
26-32	2844-2847	not	RB	RB	not	neg	basic	26-33	
26-33	2848-2860	surprisingly	RB	RB	surprisingly	advmod	basic	26-35	
26-34	2861-2865	they	PRP	PP	they	nsubj	basic	26-35	
26-35	2866-2875	responded	VBD	VVD	respond	conj	basic	26-28	
26-36	2876-2878	by	IN	IN	by	prep	basic	26-35	
26-37	2879-2886	beefing	VBG	VVG	beef	pcomp	basic	26-36	
26-38	2887-2889	up	RP	RP	up	prt	basic	26-37	
26-39	2890-2895	their	PRP$	PP$	their	poss	basic	26-41	
26-40	2896-2905	offensive	JJ	JJ	offensive	amod	basic	26-41	
26-41	2906-2914	capacity	NN	NN	capacity	dobj	basic	26-37	
26-42	2915-2916	,	,	,	,	_	_	_	
26-43	2917-2920	not	RB	RB	not	neg	basic	26-44	
26-44	2921-2925	much	RB	RB	much	parataxis	basic	26-41	
26-45	2926-2929	but	CC	CC	but	cc	basic	26-44	
26-46	2930-2934	some	RB	RB	some	conj	basic	26-44	
26-47	2935-2936	.	.	SENT	.	_	_	_	

#Text=So they rescinded their pledge not to use nuclear weapons on first strike , NATO had never rescinded it , but they had and started some remilitarization .
27-1	2937-2939	So	RB	RB	so	advmod	basic	27-3	
27-2	2940-2944	they	PRP	PP	they	nsubj	basic	27-3	
27-3	2945-2954	rescinded	VBD	VVD	rescind	_	_	_	
27-4	2955-2960	their	PRP$	PP$	their	poss	basic	27-5	
27-5	2961-2967	pledge	NN	NN	pledge	dobj	basic	27-3	
27-6	2968-2971	not	RB	RB	not	neg	basic	27-8	
27-7	2972-2974	to	TO	TO	to	aux	basic	27-8	
27-8	2975-2978	use	VB	VV	use	ccomp	basic	27-3	
27-9	2979-2986	nuclear	JJ	JJ	nuclear	amod	basic	27-10	
27-10	2987-2994	weapons	NNS	NNS	weapon	dobj	basic	27-8	
27-11	2995-2997	on	IN	IN	on	prep	basic	27-8	
27-12	2998-3003	first	JJ	JJ	first	amod	basic	27-13	
27-13	3004-3010	strike	NN	NN	strike	pobj	basic	27-11	
27-14	3011-3012	,	,	,	,	_	_	_	
27-15	3013-3017	NATO	NNP	NP	NATO	nsubj	basic	27-18	
27-16	3018-3021	had	VBD	VHD	have	aux	basic	27-18	
27-17	3022-3027	never	RB	RB	never	neg	basic	27-18	
27-18	3028-3037	rescinded	VBD	VVD	rescind	_	_	_	
27-19	3038-3040	it	PRP	PP	it	dobj	basic	27-18	
27-20	3041-3042	,	,	,	,	_	_	_	
27-21	3043-3046	but	CC	CC	but	cc	basic	27-3	
27-22	3047-3051	they	PRP	PP	they	nsubj	basic	27-23	
27-23	3052-3055	had	VBD	VHD	have	conj	basic	27-3	
27-24	3056-3059	and	CC	CC	and	cc	basic	27-23	
27-25	3060-3067	started	VBD	VVD	start	conj	basic	27-23	
27-26	3068-3072	some	DT	DT	some	det	basic	27-27	
27-27	3073-3089	remilitarization	NN	NN	remilitarization	dobj	basic	27-25	
27-28	3090-3091	.	.	SENT	.	_	_	_	

#Text=With Bush , the aggressive militarism of the Bush administration , as predicted , induced Russia to extend further its offensive military capacity ; it ’s still going on right now .
28-1	3092-3096	With	IN	IN	with	prep	basic	28-15	
28-2	3097-3101	Bush	NNP	NP	Bush	pobj	basic	28-1	
28-3	3102-3103	,	,	,	,	_	_	_	
28-4	3104-3107	the	DT	DT	the	det	basic	28-6	
28-5	3108-3118	aggressive	JJ	JJ	aggressive	amod	basic	28-6	
28-6	3119-3129	militarism	NN	NN	militarism	nsubj	basic	28-15	
28-7	3130-3132	of	IN	IN	of	prep	basic	28-6	
28-8	3133-3136	the	DT	DT	the	det	basic	28-10	
28-9	3137-3141	Bush	NNP	NP	Bush	nn	basic	28-10	
28-10	3142-3156	administration	NN	NN	administration	pobj	basic	28-7	
28-11	3157-3158	,	,	,	,	_	_	_	
28-12	3159-3161	as	IN	IN	as	prep	basic	28-13	
28-13	3162-3171	predicted	VBN	VVN	predict	_	_	_	
28-14	3172-3173	,	,	,	,	_	_	_	
28-15	3174-3181	induced	VBD	VVD	induce	_	_	_	
28-16	3182-3188	Russia	NNP	NP	Russia	dobj	basic	28-15	
28-17	3189-3191	to	TO	TO	to	aux	basic	28-18	
28-18	3192-3198	extend	VB	VV	extend	xcomp	basic	28-15	
28-19	3199-3206	further	RBR	RBR	further	advmod	basic	28-18	
28-20	3207-3210	its	PRP$	PP$	its	poss	basic	28-23	
28-21	3211-3220	offensive	JJ	JJ	offensive	amod	basic	28-23	
28-22	3221-3229	military	JJ	JJ	military	amod	basic	28-23	
28-23	3230-3238	capacity	NN	NN	capacity	dobj	basic	28-18	
28-24	3239-3240	;	:	:	\;	_	_	_	
28-25	3241-3243	it	PRP	PP	it	nsubj	basic	28-26	
28-26	3244-3246	’s	VBZ	VBZ	be	parataxis	basic	28-15	
28-27	3247-3252	still	RB	RB	still	advmod	basic	28-28	
28-28	3253-3258	going	VBG	VVG	go	xcomp	basic	28-26	
28-29	3259-3261	on	IN	IN	on	prep	basic	28-28	
28-30	3262-3267	right	RB	RB	right	advmod	basic	28-31	
28-31	3268-3271	now	RB	RB	now	pcomp	basic	28-29	
28-32	3272-3273	.	.	SENT	.	_	_	_	

#Text=When Bush proposed the missile defense systems in Eastern Europe , Poland and Czechoslovakia , it was a real provocation to the Soviet Union .
29-1	3274-3278	When	WRB	WRB	when	mark	basic	29-3	
29-2	3279-3283	Bush	NNP	NP	Bush	nsubj	basic	29-3	
29-3	3284-3292	proposed	VBD	VVD	propose	advcl	basic	29-20	
29-4	3293-3296	the	DT	DT	the	det	basic	29-7	
29-5	3297-3304	missile	NN	NN	missile	nn	basic	29-7	
29-6	3305-3312	defense	NN	NN	defense	nn	basic	29-7	
29-7	3313-3320	systems	NNS	NNS	system	dobj	basic	29-3	
29-8	3321-3323	in	IN	IN	in	prep	basic	29-3	
29-9	3324-3331	Eastern	NNP	NP	Eastern	nn	basic	29-10	
29-10	3332-3338	Europe	NNP	NP	Europe	pobj	basic	29-8	
29-11	3339-3340	,	,	,	,	_	_	_	
29-12	3341-3347	Poland	NNP	NP	Poland	conj	basic	29-10	
29-13	3348-3351	and	CC	CC	and	cc	basic	29-10	
29-14	3352-3366	Czechoslovakia	NNP	NP	Czechoslovakia	conj	basic	29-10	
29-15	3367-3368	,	,	,	,	_	_	_	
29-16	3369-3371	it	PRP	PP	it	nsubj	basic	29-20	
29-17	3372-3375	was	VBD	VBD	be	cop	basic	29-20	
29-18	3376-3377	a	DT	DT	a	det	basic	29-20	
29-19	3378-3382	real	JJ	JJ	real	amod	basic	29-20	
29-20	3383-3394	provocation	NN	NN	provocation	_	_	_	
29-21	3395-3397	to	TO	TO	to	prep	basic	29-20	
29-22	3398-3401	the	DT	DT	the	det	basic	29-24	
29-23	3402-3408	Soviet	NNP	NP	Soviet	nn	basic	29-24	
29-24	3409-3414	Union	NNP	NP	Union	pobj	basic	29-21	
29-25	3415-3416	.	.	SENT	.	_	_	_	

#Text=I mean that was discussed in U.S arms control journals , that they would have to regard as a potential threat to their strategic deterrent , meaning as a first strike weapon .
30-1	3417-3418	I	PRP	PP	I	nsubj	basic	30-2	
30-2	3419-3423	mean	VBP	VVP	mean	ccomp	basic	30-5	
30-3	3424-3428	that	DT	DT	that	nsubjpass	basic	30-5	
30-4	3429-3432	was	VBD	VBD	be	auxpass	basic	30-5	
30-5	3433-3442	discussed	VBN	VVN	discuss	_	_	_	
30-6	3443-3445	in	IN	IN	in	prep	basic	30-5	
30-7	3446-3449	U.S	NNP	NP	U.S	nn	basic	30-8	
30-8	3450-3454	arms	NNS	NNS	arm	pobj	basic	30-6	
30-9	3455-3462	control	NN	NN	control	nn	basic	30-10	
30-10	3463-3471	journals	NNS	NNS	journal	dep	basic	30-8	
30-11	3472-3473	,	,	,	,	_	_	_	
30-12	3474-3478	that	IN	IN/that	that	mark	basic	30-15	
30-13	3479-3483	they	PRP	PP	they	nsubj	basic	30-15	
30-14	3484-3489	would	MD	MD	would	aux	basic	30-15	
30-15	3490-3494	have	VB	VH	have	ccomp	basic	30-5	
30-16	3495-3497	to	TO	TO	to	aux	basic	30-17	
30-17	3498-3504	regard	VB	VV	regard	xcomp	basic	30-15	
30-18	3505-3507	as	IN	IN	as	prep	basic	30-17	
30-19	3508-3509	a	DT	DT	a	det	basic	30-21	
30-20	3510-3519	potential	JJ	JJ	potential	amod	basic	30-21	
30-21	3520-3526	threat	NN	NN	threat	pobj	basic	30-18	
30-22	3527-3529	to	TO	TO	to	prep	basic	30-17	
30-23	3530-3535	their	PRP$	PP$	their	poss	basic	30-25	
30-24	3536-3545	strategic	JJ	JJ	strategic	amod	basic	30-25	
30-25	3546-3555	deterrent	NN	NN	deterrent	pobj	basic	30-22	
30-26	3556-3557	,	,	,	,	_	_	_	
30-27	3558-3565	meaning	VBG	VVG	mean	xcomp	basic	30-17	
30-28	3566-3568	as	IN	IN	as	prep	basic	30-27	
30-29	3569-3570	a	DT	DT	a	det	basic	30-32	
30-30	3571-3576	first	JJ	JJ	first	amod	basic	30-32	
30-31	3577-3583	strike	NN	NN	strike	nn	basic	30-32	
30-32	3584-3590	weapon	NN	NN	weapon	pobj	basic	30-28	
30-33	3591-3592	.	.	SENT	.	_	_	_	

#Text=And the claim was that it had to do with Iranian missiles , but forget about that .
31-1	3593-3596	And	CC	CC	and	cc	basic	31-4	
31-2	3597-3600	the	DT	DT	the	det	basic	31-3	
31-3	3601-3606	claim	NN	NN	claim	_	_	_	
31-4	3607-3610	was	VBD	VBD	be	auxpass	basic	31-3	
31-5	3611-3615	that	IN	IN/that	that	mark	basic	31-7	
31-6	3616-3618	it	PRP	PP	it	nsubj	basic	31-7	
31-7	3619-3622	had	VBD	VHD	have	ccomp	basic	31-4	
31-8	3623-3625	to	TO	TO	to	aux	basic	31-9	
31-9	3626-3628	do	VB	VV	do	xcomp	basic	31-7	
31-10	3629-3633	with	IN	IN	with	prep	basic	31-9	
31-11	3634-3641	Iranian	JJ	JJ	Iranian	amod	basic	31-12	
31-12	3642-3650	missiles	NNS	NNS	missile	pobj	basic	31-10	
31-13	3651-3652	,	,	,	,	_	_	_	
31-14	3653-3656	but	CC	CC	but	cc	basic	31-7	
31-15	3657-3663	forget	VB	VV	forget	conj	basic	31-7	
31-16	3664-3669	about	IN	IN	about	prep	basic	31-15	
31-17	3670-3674	that	DT	DT	that	pobj	basic	31-16	
31-18	3675-3676	.	.	SENT	.	_	_	_	

#Text=Take say on Obama , Obama ’s national security advisor James Jones former Marine commandant is on record of favoring expansion of NATO to the south and the east , further expansion of NATO , and also making it an intervention force .
32-1	3677-3681	Take	VB	VV	take	_	_	_	
32-2	3682-3685	say	VB	VV	say	xcomp	basic	32-1	
32-3	3686-3688	on	IN	IN	on	prep	basic	32-2	
32-4	3689-3694	Obama	NNP	NP	Obama	pobj	basic	32-3	
32-5	3695-3696	,	,	,	,	_	_	_	
32-6	3697-3702	Obama	NNP	NP	Obama	poss	basic	32-10	
32-7	3703-3705	’s	POS	POS	's	possessive	basic	32-6	
32-8	3706-3714	national	JJ	JJ	national	amod	basic	32-10	
32-9	3715-3723	security	NN	NN	security	nn	basic	32-10	
32-10	3724-3731	advisor	NN	NN	advisor	appos	basic	32-4	
32-11	3732-3737	James	NNP	NP	James	nn	basic	32-12	
32-12	3738-3743	Jones	NNP	NP	Jones	dep	basic	32-10	
32-13	3744-3750	former	JJ	JJ	former	amod	basic	32-15	
32-14	3751-3757	Marine	NNP	NP	Marine	nn	basic	32-15	
32-15	3758-3768	commandant	NN	NN	commandant	nsubj	basic	32-16	
32-16	3769-3771	is	VBZ	VBZ	be	ccomp	basic	32-1	
32-17	3772-3774	on	IN	IN	on	prep	basic	32-16	
32-18	3775-3781	record	NN	NN	record	pobj	basic	32-17	
32-19	3782-3784	of	IN	IN	of	prep	basic	32-18	
32-20	3785-3793	favoring	VBG	VVG	favor	pcomp	basic	32-19	
32-21	3794-3803	expansion	NN	NN	expansion	dobj	basic	32-20	
32-22	3804-3806	of	IN	IN	of	prep	basic	32-21	
32-23	3807-3811	NATO	NNP	NP	NATO	pobj	basic	32-22	
32-24	3812-3814	to	TO	TO	to	prep	basic	32-20	
32-25	3815-3818	the	DT	DT	the	det	basic	32-26	
32-26	3819-3824	south	NN	NN	south	pobj	basic	32-24	
32-27	3825-3828	and	CC	CC	and	cc	basic	32-26	
32-28	3829-3832	the	DT	DT	the	det	basic	32-29	
32-29	3833-3837	east	NN	NN	east	conj	basic	32-26	
32-30	3838-3839	,	,	,	,	_	_	_	
32-31	3840-3847	further	JJR	JJR	further	amod	basic	32-32	
32-32	3848-3857	expansion	NN	NN	expansion	dobj	basic	32-20	
32-33	3858-3860	of	IN	IN	of	prep	basic	32-32	
32-34	3861-3865	NATO	NNP	NP	NATO	pobj	basic	32-33	
32-35	3866-3867	,	,	,	,	_	_	_	
32-36	3868-3871	and	CC	CC	and	cc	basic	32-1	
32-37	3872-3876	also	RB	RB	also	advmod	basic	32-38	
32-38	3877-3883	making	VBG	VVG	make	conj	basic	32-1	
32-39	3884-3886	it	PRP	PP	it	nsubj	basic	32-42	
32-40	3887-3889	an	DT	DT	an	det	basic	32-42	
32-41	3890-3902	intervention	NN	NN	intervention	nn	basic	32-42	
32-42	3903-3908	force	NN	NN	force	xcomp	basic	32-38	
32-43	3909-3910	.	.	SENT	.	_	_	_	

#Text=And the head of NATO , Hoop Scheffer , he has explained that NATO must take on responsibility for ensuring the security of pipelines and sea lanes , that is NATO must be a guarantor of energy supplies for the West .
33-1	3911-3914	And	CC	CC	and	cc	basic	33-35	
33-2	3915-3918	the	DT	DT	the	det	basic	33-3	
33-3	3919-3923	head	NN	NN	head	nsubj	basic	33-35	
33-4	3924-3926	of	IN	IN	of	prep	basic	33-3	
33-5	3927-3931	NATO	NNP	NP	NATO	pobj	basic	33-4	
33-6	3932-3933	,	,	,	,	_	_	_	
33-7	3934-3938	Hoop	NNP	NP	Hoop	_	_	_	
33-8	3939-3947	Scheffer	NNP	NP	Scheffer	appos	basic	33-4	
33-9	3948-3949	,	,	,	,	_	_	_	
33-10	3950-3952	he	PRP	PP	he	nsubj	basic	33-12	
33-11	3953-3956	has	VBZ	VHZ	have	aux	basic	33-12	
33-12	3957-3966	explained	VBN	VVN	explain	_	_	_	
33-13	3967-3971	that	IN	IN/that	that	mark	basic	33-16	
33-14	3972-3976	NATO	NNP	NP	NATO	nsubj	basic	33-16	
33-15	3977-3981	must	MD	MD	must	aux	basic	33-16	
33-16	3982-3986	take	VB	VV	take	ccomp	basic	33-12	
33-17	3987-3989	on	RP	RP	on	prt	basic	33-16	
33-18	3990-4004	responsibility	NN	NN	responsibility	dobj	basic	33-16	
33-19	4005-4008	for	IN	IN	for	prep	basic	33-16	
33-20	4009-4017	ensuring	VBG	VVG	ensure	pcomp	basic	33-19	
33-21	4018-4021	the	DT	DT	the	det	basic	33-22	
33-22	4022-4030	security	NN	NN	security	dobj	basic	33-20	
33-23	4031-4033	of	IN	IN	of	prep	basic	33-22	
33-24	4034-4043	pipelines	NNS	NNS	pipeline	pobj	basic	33-23	
33-25	4044-4047	and	CC	CC	and	cc	basic	33-24	
33-26	4048-4051	sea	NN	NN	sea	nn	basic	33-27	
33-27	4052-4057	lanes	NNS	NNS	lane	conj	basic	33-24	
33-28	4058-4059	,	,	,	,	_	_	_	
33-29	4060-4064	that	DT	DT	that	nsubj	basic	33-31	
33-30	4065-4067	is	VBZ	VBZ	be	cop	basic	33-31	
33-31	4068-4072	NATO	NNP	NP	NATO	rcmod	basic	33-8	
33-32	4073-4077	must	MD	MD	must	aux	basic	33-35	
33-33	4078-4080	be	VB	VB	be	cop	basic	33-35	
33-34	4081-4082	a	DT	DT	a	det	basic	33-35	
33-35	4083-4092	guarantor	NN	NN	guarantor	_	_	_	
33-36	4093-4095	of	IN	IN	of	prep	basic	33-35	
33-37	4096-4102	energy	NN	NN	energy	nn	basic	33-38	
33-38	4103-4111	supplies	NNS	NNS	supply	pobj	basic	33-36	
33-39	4112-4115	for	IN	IN	for	prep	basic	33-38	
33-40	4116-4119	the	DT	DT	the	det	basic	33-41	
33-41	4120-4124	West	NNP	NP	West	pobj	basic	33-39	
33-42	4125-4126	.	.	SENT	.	_	_	_	

#Text=Well that ’s kind of an unending war , so do we want NATO to exist , do we want there to be a Western military alliance that carries out these activities , with no pretense of defense ?
34-1	4127-4131	Well	UH	UH	well	discourse	basic	34-3	
34-2	4132-4136	that	DT	DT	that	nsubj	basic	34-3	
34-3	4137-4139	’s	VBZ	VBZ	be	ccomp	basic	34-18	
34-4	4140-4144	kind	NN	NN	kind	dobj	basic	34-3	
34-5	4145-4147	of	IN	IN	of	prep	basic	34-4	
34-6	4148-4150	an	DT	DT	an	det	basic	34-8	
34-7	4151-4159	unending	JJ	JJ	unending	amod	basic	34-8	
34-8	4160-4163	war	NN	NN	war	pobj	basic	34-5	
34-9	4164-4165	,	,	,	,	_	_	_	
34-10	4166-4168	so	RB	RB	so	advmod	basic	34-11	
34-11	4169-4171	do	VBP	VVP	do	dep	basic	34-3	
34-12	4172-4174	we	PRP	PP	we	nsubj	basic	34-13	
34-13	4175-4179	want	VB	VV	want	ccomp	basic	34-11	
34-14	4180-4184	NATO	NNP	NP	NATO	dobj	basic	34-13	
34-15	4185-4187	to	TO	TO	to	aux	basic	34-16	
34-16	4188-4193	exist	VB	VV	exist	xcomp	basic	34-13	
34-17	4194-4195	,	,	,	,	_	_	_	
34-18	4196-4198	do	VBP	VVP	do	_	_	_	
34-19	4199-4201	we	PRP	PP	we	nsubj	basic	34-20	
34-20	4202-4206	want	VB	VV	want	ccomp	basic	34-18	
34-21	4207-4212	there	EX	EX	there	dobj	basic	34-20	
34-22	4213-4215	to	TO	TO	to	aux	basic	34-27	
34-23	4216-4218	be	VB	VB	be	cop	basic	34-27	
34-24	4219-4220	a	DT	DT	a	det	basic	34-27	
34-25	4221-4228	Western	JJ	JJ	Western	amod	basic	34-27	
34-26	4229-4237	military	JJ	JJ	military	amod	basic	34-27	
34-27	4238-4246	alliance	NN	NN	alliance	xcomp	basic	34-20	
34-28	4247-4251	that	WDT	WDT	that	nsubj	basic	34-29	
34-29	4252-4259	carries	VBZ	VVZ	carry	rcmod	basic	34-27	
34-30	4260-4263	out	RP	RP	out	prt	basic	34-29	
34-31	4264-4269	these	DT	DT	these	det	basic	34-32	
34-32	4270-4280	activities	NNS	NNS	activity	dep	basic	34-18	
34-33	4281-4282	,	,	,	,	_	_	_	
34-34	4283-4287	with	IN	IN	with	prep	basic	34-32	
34-35	4288-4290	no	DT	DT	no	neg	basic	34-36	
34-36	4291-4299	pretense	NN	NN	pretense	pobj	basic	34-34	
34-37	4300-4302	of	IN	IN	of	prep	basic	34-36	
34-38	4303-4310	defense	NN	NN	defense	pobj	basic	34-37	
34-39	4311-4312	?	.	SENT	?	_	_	_	

#Text=Well I think that ’s a pretty good question ; I do n’t see why it should , I mean there happens to be no other military alliance remotely comparable — if there happened to be one I ’d be opposed to that too .
35-1	4313-4317	Well	UH	UH	well	discourse	basic	35-3	
35-2	4318-4319	I	PRP	PP	I	nsubj	basic	35-3	
35-3	4320-4325	think	VBP	VVP	think	_	_	_	
35-4	4326-4330	that	DT	DT	that	nsubj	basic	35-5	
35-5	4331-4333	’s	VBZ	VBZ	be	ccomp	basic	35-3	
35-6	4334-4335	a	DT	DT	a	det	basic	35-9	
35-7	4336-4342	pretty	RB	RB	pretty	advmod	basic	35-8	
35-8	4343-4347	good	JJ	JJ	good	amod	basic	35-9	
35-9	4348-4356	question	NN	NN	question	dobj	basic	35-5	
35-10	4357-4358	;	:	:	\;	_	_	_	
35-11	4359-4360	I	PRP	PP	I	nsubj	basic	35-14	
35-12	4361-4363	do	VBP	VVP	do	aux	basic	35-14	
35-13	4364-4367	n’t	RB	RB	n't	advmod	basic	35-14	
35-14	4368-4371	see	VB	VV	see	parataxis	basic	35-3	
35-15	4372-4375	why	WRB	WRB	why	advmod	basic	35-17	
35-16	4376-4378	it	PRP	PP	it	nsubj	basic	35-17	
35-17	4379-4385	should	MD	MD	should	advcl	basic	35-20	
35-18	4386-4387	,	,	,	,	_	_	_	
35-19	4388-4389	I	PRP	PP	I	nsubj	basic	35-20	
35-20	4390-4394	mean	VBP	VVP	mean	ccomp	basic	35-14	
35-21	4395-4400	there	EX	EX	there	expl	basic	35-22	
35-22	4401-4408	happens	VBZ	VVZ	happen	ccomp	basic	35-20	
35-23	4409-4411	to	TO	TO	to	aux	basic	35-28	
35-24	4412-4414	be	VB	VB	be	cop	basic	35-28	
35-25	4415-4417	no	DT	DT	no	neg	basic	35-28	
35-26	4418-4423	other	JJ	JJ	other	amod	basic	35-28	
35-27	4424-4432	military	JJ	JJ	military	amod	basic	35-28	
35-28	4433-4441	alliance	NN	NN	alliance	xcomp	basic	35-22	
35-29	4442-4450	remotely	RB	RB	remotely	advmod	basic	35-30	
35-30	4451-4461	comparable	JJ	JJ	comparable	dep	basic	35-28	
35-31	4462-4463	—	:	:	—	_	_	_	
35-32	4464-4466	if	IN	IN	if	mark	basic	35-34	
35-33	4467-4472	there	EX	EX	there	expl	basic	35-34	
35-34	4473-4481	happened	VBD	VVD	happen	advcl	basic	35-14	
35-35	4482-4484	to	TO	TO	to	aux	basic	35-37	
35-36	4485-4487	be	VB	VB	be	cop	basic	35-37	
35-37	4488-4491	one	CD	CD	one	xcomp	basic	35-34	
35-38	4492-4493	I	PRP	PP	I	nsubjpass	basic	35-41	
35-39	4494-4496	’d	MD	MD	would	aux	basic	35-41	
35-40	4497-4499	be	VB	VB	be	auxpass	basic	35-41	
35-41	4500-4507	opposed	VBN	VVN	oppose	rcmod	basic	35-37	
35-42	4508-4510	to	TO	TO	to	prep	basic	35-41	
35-43	4511-4515	that	DT	DT	that	pobj	basic	35-42	
35-44	4516-4519	too	RB	RB	too	advmod	basic	35-41	
35-45	4520-4521	.	.	SENT	.	_	_	_	

#Text=So I think the first question is , what is this all about , why should we even be debating NATO , is there any reason why it should exist ?
36-1	4522-4524	So	RB	RB	so	advmod	basic	36-3	
36-2	4525-4526	I	PRP	PP	I	nsubj	basic	36-3	
36-3	4527-4532	think	VBP	VVP	think	_	_	_	
36-4	4533-4536	the	DT	DT	the	det	basic	36-6	
36-5	4537-4542	first	JJ	JJ	first	amod	basic	36-6	
36-6	4543-4551	question	NN	NN	question	nsubj	basic	36-7	
36-7	4552-4554	is	VBZ	VBZ	be	ccomp	basic	36-3	
36-8	4555-4556	,	,	,	,	_	_	_	
36-9	4557-4561	what	WP	WP	what	nsubj	basic	36-11	
36-10	4562-4564	is	VBZ	VBZ	be	cop	basic	36-11	
36-11	4565-4569	this	DT	DT	this	dep	basic	36-20	
36-12	4570-4573	all	RB	RB	all	advmod	basic	36-13	
36-13	4574-4579	about	RB	RB	about	advmod	basic	36-11	
36-14	4580-4581	,	,	,	,	_	_	_	
36-15	4582-4585	why	WRB	WRB	why	advmod	basic	36-20	
36-16	4586-4592	should	MD	MD	should	aux	basic	36-20	
36-17	4593-4595	we	PRP	PP	we	nsubj	basic	36-20	
36-18	4596-4600	even	RB	RB	even	advmod	basic	36-20	
36-19	4601-4603	be	VB	VB	be	aux	basic	36-20	
36-20	4604-4612	debating	VBG	VVG	debate	ccomp	basic	36-7	
36-21	4613-4617	NATO	NNP	NP	NATO	dobj	basic	36-20	
36-22	4618-4619	,	,	,	,	_	_	_	
36-23	4620-4622	is	VBZ	VBZ	be	cop	basic	36-24	
36-24	4623-4628	there	EX	EX	there	_	_	_	
36-25	4629-4632	any	DT	DT	any	det	basic	36-26	
36-26	4633-4639	reason	NN	NN	reason	nsubj	basic	36-24	
36-27	4640-4643	why	WRB	WRB	why	advmod	basic	36-30	
36-28	4644-4646	it	PRP	PP	it	nsubj	basic	36-30	
36-29	4647-4653	should	MD	MD	should	aux	basic	36-30	
36-30	4654-4659	exist	VB	VV	exist	ccomp	basic	36-26	
36-31	4660-4661	?	.	SENT	?	_	_	_	

#Text=Labor actions as a revival of the Left
37-1	4662-4667	Labor	NN	NN	labor	nn	basic	37-2	
37-2	4668-4675	actions	NNS	NNS	action	_	_	_	
37-3	4676-4678	as	IN	IN	as	prep	basic	37-2	
37-4	4679-4680	a	DT	DT	a	det	basic	37-5	
37-5	4681-4688	revival	NN	NN	revival	pobj	basic	37-3	
37-6	4689-4691	of	IN	IN	of	prep	basic	37-5	
37-7	4692-4695	the	DT	DT	the	det	basic	37-8	
37-8	4696-4700	Left	NNP	NP	Left	pobj	basic	37-6	

#Text=We ’ve seen mass strikes all around the world , in countries that we would n’t expect it .
38-1	4701-4703	We	PRP	PP	we	nsubj	basic	38-2	
38-2	4704-4707	’ve	VBP	VHP	have	aux	basic	38-3	
38-3	4708-4712	seen	VBN	VVN	see	_	_	_	
38-4	4713-4717	mass	NN	NN	mass	nn	basic	38-5	
38-5	4718-4725	strikes	NNS	NNS	strike	dobj	basic	38-3	
38-6	4726-4729	all	RB	RB	all	advmod	basic	38-3	
38-7	4730-4736	around	IN	IN	around	prep	basic	38-6	
38-8	4737-4740	the	DT	DT	the	det	basic	38-9	
38-9	4741-4746	world	NN	NN	world	pobj	basic	38-7	
38-10	4747-4748	,	,	,	,	_	_	_	
38-11	4749-4751	in	IN	IN	in	prep	basic	38-5	
38-12	4752-4761	countries	NNS	NNS	country	pobj	basic	38-11	
38-13	4762-4766	that	WDT	WDT	that	dobj	basic	38-17	
38-14	4767-4769	we	PRP	PP	we	nsubj	basic	38-17	
38-15	4770-4775	would	MD	MD	would	aux	basic	38-17	
38-16	4776-4779	n’t	RB	RB	n't	advmod	basic	38-17	
38-17	4780-4786	expect	VB	VV	expect	rcmod	basic	38-12	
38-18	4787-4789	it	PRP	PP	it	dobj	basic	38-17	
38-19	4790-4791	.	.	SENT	.	_	_	_	

#Text=Do you think this is a revival of the Left in the West ?
39-1	4792-4794	Do	VBP	VVP	do	aux	basic	39-3	
39-2	4795-4798	you	PRP	PP	you	nsubj	basic	39-3	
39-3	4799-4804	think	VB	VV	think	_	_	_	
39-4	4805-4809	this	DT	DT	this	nsubj	basic	39-5	
39-5	4810-4812	is	VBZ	VBZ	be	cop	basic	39-7	
39-6	4813-4814	a	DT	DT	a	det	basic	39-7	
39-7	4815-4822	revival	NN	NN	revival	xcomp	basic	39-3	
39-8	4823-4825	of	IN	IN	of	prep	basic	39-7	
39-9	4826-4829	the	DT	DT	the	det	basic	39-10	
39-10	4830-4834	Left	NNP	NP	Left	pobj	basic	39-8	
39-11	4835-4837	in	IN	IN	in	prep	basic	39-10	
39-12	4838-4841	the	DT	DT	the	det	basic	39-13	
39-13	4842-4846	West	NNP	NP	West	pobj	basic	39-11	
39-14	4847-4848	?	.	SENT	?	_	_	_	

#Text=Or do you think it ’s nothing ?
40-1	4849-4851	Or	CC	CC	or	cc	basic	40-4	
40-2	4852-4854	do	VBP	VVP	do	aux	basic	40-4	
40-3	4855-4858	you	PRP	PP	you	nsubj	basic	40-4	
40-4	4859-4864	think	VB	VV	think	_	_	_	
40-5	4865-4867	it	PRP	PP	it	nsubj	basic	40-6	
40-6	4868-4870	’s	VBZ	VBZ	be	ccomp	basic	40-4	
40-7	4871-4878	nothing	NN	NN	nothing	dobj	basic	40-6	
40-8	4879-4880	?	.	SENT	?	_	_	_	

#Text=It ’s really hard to tell .
41-1	4881-4883	It	PRP	PP	it	nsubj	basic	41-2	
41-2	4884-4886	’s	VBZ	VBZ	be	cop	basic	41-6	
41-3	4887-4893	really	RB	RB	really	advmod	basic	41-4	
41-4	4894-4898	hard	JJ	JJ	hard	advmod	basic	41-6	
41-5	4899-4901	to	TO	TO	to	aux	basic	41-6	
41-6	4902-4906	tell	VB	VV	tell	_	_	_	
41-7	4907-4908	.	.	SENT	.	_	_	_	

#Text=I mean there ’s certainly signs of it , and in the United States too , in fact we had a sit down strike in the United States not long ago , which is a very militant labor action .
42-1	4909-4910	I	PRP	PP	I	nsubj	basic	42-2	
42-2	4911-4915	mean	VBP	VVP	mean	_	_	_	
42-3	4916-4921	there	EX	EX	there	expl	basic	42-4	
42-4	4922-4924	’s	VBZ	VBZ	be	ccomp	basic	42-2	
42-5	4925-4934	certainly	RB	RB	certainly	advmod	basic	42-4	
42-6	4935-4940	signs	NNS	NNS	sign	dobj	basic	42-4	
42-7	4941-4943	of	IN	IN	of	prep	basic	42-6	
42-8	4944-4946	it	PRP	PP	it	pobj	basic	42-7	
42-9	4947-4948	,	,	,	,	_	_	_	
42-10	4949-4952	and	CC	CC	and	cc	basic	42-4	
42-11	4953-4955	in	IN	IN	in	conj	basic	42-4	
42-12	4956-4959	the	DT	DT	the	det	basic	42-14	
42-13	4960-4966	United	NNP	NP	United	nn	basic	42-14	
42-14	4967-4973	States	NNPS	NPS	States	pobj	basic	42-11	
42-15	4974-4977	too	RB	RB	too	advmod	basic	42-11	
42-16	4978-4979	,	,	,	,	_	_	_	
42-17	4980-4982	in	IN	IN	in	prep	basic	42-2	
42-18	4983-4987	fact	NN	NN	fact	pobj	basic	42-17	
42-19	4988-4990	we	PRP	PP	we	nsubj	basic	42-20	
42-20	4991-4994	had	VBD	VHD	have	rcmod	basic	42-18	
42-21	4995-4996	a	DT	DT	a	nsubj	basic	42-22	
42-22	4997-5000	sit	VB	VV	sit	ccomp	basic	42-20	
42-23	5001-5005	down	RP	RP	down	prt	basic	42-22	
42-24	5006-5012	strike	NN	NN	strike	dobj	basic	42-22	
42-25	5013-5015	in	IN	IN	in	prep	basic	42-18	
42-26	5016-5019	the	DT	DT	the	det	basic	42-28	
42-27	5020-5026	United	NNP	NP	United	nn	basic	42-28	
42-28	5027-5033	States	NNPS	NPS	States	pobj	basic	42-25	
42-29	5034-5037	not	RB	RB	not	advmod	basic	42-31	
42-30	5038-5042	long	RB	RB	long	advmod	basic	42-31	
42-31	5043-5046	ago	RB	RB	ago	advmod	basic	42-18	
42-32	5047-5048	,	,	,	,	_	_	_	
42-33	5049-5054	which	WDT	WDT	which	nsubj	basic	42-39	
42-34	5055-5057	is	VBZ	VBZ	be	cop	basic	42-39	
42-35	5058-5059	a	DT	DT	a	det	basic	42-39	
42-36	5060-5064	very	RB	RB	very	advmod	basic	42-37	
42-37	5065-5073	militant	JJ	JJ	militant	amod	basic	42-39	
42-38	5074-5079	labor	NN	NN	labor	nn	basic	42-39	
42-39	5080-5086	action	NN	NN	action	advcl	basic	42-31	
42-40	5087-5088	.	.	SENT	.	_	_	_	

#Text=Sit down strikes which began at a significant level in the 1930’s were very threatening to management and ownership , because the sit down strike is one step before workers taking over the factory and running it and kicking out the management , and probably doing a better job .
43-1	5089-5092	Sit	VB	VV	sit	_	_	_	
43-2	5093-5097	down	RP	RP	down	prt	basic	43-1	
43-3	5098-5105	strikes	NNS	NNS	strike	dep	basic	43-1	
43-4	5106-5111	which	WDT	WDT	which	nsubj	basic	43-5	
43-5	5112-5117	began	VBD	VVD	begin	_	_	_	
43-6	5118-5120	at	IN	IN	at	prep	basic	43-5	
43-7	5121-5122	a	DT	DT	a	det	basic	43-9	
43-8	5123-5134	significant	JJ	JJ	significant	amod	basic	43-9	
43-9	5135-5140	level	NN	NN	level	pobj	basic	43-6	
43-10	5141-5143	in	IN	IN	in	prep	basic	43-5	
43-11	5144-5147	the	DT	DT	the	det	basic	43-12	
43-12	5148-5154	1930’s	NNPS	NPS	1930's	pobj	basic	43-10	
43-13	5155-5159	were	VBD	VBD	be	cop	basic	43-14	
43-14	5160-5164	very	RB	RB	very	advmod	basic	43-15	
43-15	5165-5176	threatening	VBG	VVG	threaten	_	_	_	
43-16	5177-5179	to	TO	TO	to	prep	basic	43-15	
43-17	5180-5190	management	NN	NN	management	pobj	basic	43-16	
43-18	5191-5194	and	CC	CC	and	cc	basic	43-17	
43-19	5195-5204	ownership	NN	NN	ownership	conj	basic	43-17	
43-20	5205-5206	,	,	,	,	_	_	_	
43-21	5207-5214	because	IN	IN	because	mark	basic	43-23	
43-22	5215-5218	the	DT	DT	the	nsubj	basic	43-23	
43-23	5219-5222	sit	VB	VV	sit	advcl	basic	43-15	
43-24	5223-5227	down	RP	RP	down	prt	basic	43-23	
43-25	5228-5234	strike	NN	NN	strike	dobj	basic	43-23	
43-26	5235-5237	is	VBZ	VBZ	be	cop	basic	43-28	
43-27	5238-5241	one	CD	CD	one	num	basic	43-28	
43-28	5242-5246	step	NN	NN	step	rcmod	basic	43-25	
43-29	5247-5253	before	IN	IN	before	prep	basic	43-28	
43-30	5254-5261	workers	NNS	NNS	worker	pobj	basic	43-29	
43-31	5262-5268	taking	VBG	VVG	take	vmod	basic	43-30	
43-32	5269-5273	over	RP	RP	over	prt	basic	43-31	
43-33	5274-5277	the	DT	DT	the	det	basic	43-34	
43-34	5278-5285	factory	NN	NN	factory	dobj	basic	43-31	
43-35	5286-5289	and	CC	CC	and	cc	basic	43-15	
43-36	5290-5297	running	VBG	VVG	run	conj	basic	43-15	
43-37	5298-5300	it	PRP	PP	it	dobj	basic	43-36	
43-38	5301-5304	and	CC	CC	and	cc	basic	43-36	
43-39	5305-5312	kicking	VBG	VVG	kick	conj	basic	43-36	
43-40	5313-5316	out	RP	RP	out	prt	basic	43-39	
43-41	5317-5320	the	DT	DT	the	det	basic	43-42	
43-42	5321-5331	management	NN	NN	management	dobj	basic	43-39	
43-43	5332-5333	,	,	,	,	_	_	_	
43-44	5334-5337	and	CC	CC	and	cc	basic	43-15	
43-45	5338-5346	probably	RB	RB	probably	advmod	basic	43-46	
43-46	5347-5352	doing	VBG	VVG	do	conj	basic	43-15	
43-47	5353-5354	a	DT	DT	a	det	basic	43-49	
43-48	5355-5361	better	JJR	JJR	good	amod	basic	43-49	
43-49	5362-5365	job	NN	NN	job	dobj	basic	43-46	
43-50	5366-5367	.	.	SENT	.	_	_	_	

#Text=So that ’s a frightening idea , and police were called in and so on .
44-1	5368-5370	So	RB	RB	so	advmod	basic	44-3	
44-2	5371-5375	that	DT	DT	that	nsubj	basic	44-3	
44-3	5376-5378	’s	VBZ	VBZ	be	cop	basic	44-6	
44-4	5379-5380	a	DT	DT	a	det	basic	44-6	
44-5	5381-5392	frightening	JJ	JJ	frightening	amod	basic	44-6	
44-6	5393-5397	idea	NN	NN	idea	_	_	_	
44-7	5398-5399	,	,	,	,	_	_	_	
44-8	5400-5403	and	CC	CC	and	cc	basic	44-3	
44-9	5404-5410	police	NNS	NNS	police	nsubjpass	basic	44-11	
44-10	5411-5415	were	VBD	VBD	be	auxpass	basic	44-11	
44-11	5416-5422	called	VBN	VVN	call	conj	basic	44-3	
44-12	5423-5425	in	RP	RP	in	prt	basic	44-11	
44-13	5426-5429	and	CC	CC	and	cc	basic	44-11	
44-14	5430-5432	so	RB	RB	so	advmod	basic	44-15	
44-15	5433-5435	on	RB	RB	on	conj	basic	44-11	
44-16	5436-5437	.	.	SENT	.	_	_	_	

#Text=Well we just had one in the United States at the Republic Windows and Doors Factory , it ’s hard to know , I mean these things are just hard to predict , they may take off , and they may take on a broader scope , they may fizzle away or be diverted .
45-1	5438-5442	Well	UH	UH	well	discourse	basic	45-4	
45-2	5443-5445	we	PRP	PP	we	nsubj	basic	45-4	
45-3	5446-5450	just	RB	RB	just	advmod	basic	45-4	
45-4	5451-5454	had	VBD	VHD	have	_	_	_	
45-5	5455-5458	one	CD	CD	one	dobj	basic	45-4	
45-6	5459-5461	in	IN	IN	in	prep	basic	45-5	
45-7	5462-5465	the	DT	DT	the	det	basic	45-9	
45-8	5466-5472	United	NNP	NP	United	nn	basic	45-9	
45-9	5473-5479	States	NNPS	NPS	States	pobj	basic	45-6	
45-10	5480-5482	at	IN	IN	at	prep	basic	45-4	
45-11	5483-5486	the	DT	DT	the	det	basic	45-13	
45-12	5487-5495	Republic	NNP	NP	Republic	nn	basic	45-13	
45-13	5496-5503	Windows	NNPS	NPS	window	pobj	basic	45-10	
45-14	5504-5507	and	CC	CC	and	cc	basic	45-13	
45-15	5508-5513	Doors	NNPS	NPS	door	nn	basic	45-16	
45-16	5514-5521	Factory	NNP	NP	Factory	conj	basic	45-13	
45-17	5522-5523	,	,	,	,	_	_	_	
45-18	5524-5526	it	PRP	PP	it	nsubj	basic	45-19	
45-19	5527-5529	’s	VBZ	VBZ	be	parataxis	basic	45-4	
45-20	5530-5534	hard	JJ	JJ	hard	acomp	basic	45-19	
45-21	5535-5537	to	TO	TO	to	aux	basic	45-22	
45-22	5538-5542	know	VB	VV	know	xcomp	basic	45-20	
45-23	5543-5544	,	,	,	,	_	_	_	
45-24	5545-5546	I	PRP	PP	I	nsubj	basic	45-25	
45-25	5547-5551	mean	VBP	VVP	mean	parataxis	basic	45-4	
45-26	5552-5557	these	DT	DT	these	det	basic	45-27	
45-27	5558-5564	things	NNS	NNS	thing	nsubj	basic	45-30	
45-28	5565-5568	are	VBP	VBP	be	cop	basic	45-30	
45-29	5569-5573	just	RB	RB	just	advmod	basic	45-30	
45-30	5574-5578	hard	JJ	JJ	hard	ccomp	basic	45-25	
45-31	5579-5581	to	TO	TO	to	aux	basic	45-32	
45-32	5582-5589	predict	VB	VV	predict	xcomp	basic	45-30	
45-33	5590-5591	,	,	,	,	_	_	_	
45-34	5592-5596	they	PRP	PP	they	nsubj	basic	45-36	
45-35	5597-5600	may	MD	MD	may	aux	basic	45-36	
45-36	5601-5605	take	VB	VV	take	parataxis	basic	45-4	
45-37	5606-5609	off	RP	RP	off	prt	basic	45-36	
45-38	5610-5611	,	,	,	,	_	_	_	
45-39	5612-5615	and	CC	CC	and	cc	basic	45-36	
45-40	5616-5620	they	PRP	PP	they	nsubj	basic	45-42	
45-41	5621-5624	may	MD	MD	may	aux	basic	45-42	
45-42	5625-5629	take	VB	VV	take	conj	basic	45-36	
45-43	5630-5632	on	RP	RP	on	prt	basic	45-42	
45-44	5633-5634	a	DT	DT	a	det	basic	45-46	
45-45	5635-5642	broader	JJR	JJR	broad	amod	basic	45-46	
45-46	5643-5648	scope	NN	NN	scope	dobj	basic	45-42	
45-47	5649-5650	,	,	,	,	_	_	_	
45-48	5651-5655	they	PRP	PP	they	nsubj	basic	45-50	
45-49	5656-5659	may	MD	MD	may	aux	basic	45-50	
45-50	5660-5666	fizzle	VB	VV	fizzle	parataxis	basic	45-4	
45-51	5667-5671	away	RP	RP	away	prt	basic	45-50	
45-52	5672-5674	or	CC	CC	or	cc	basic	45-50	
45-53	5675-5677	be	VB	VB	be	auxpass	basic	45-54	
45-54	5678-5686	diverted	VBN	VVN	divert	conj	basic	45-50	
45-55	5687-5688	.	.	SENT	.	_	_	_	
