{
  "name" : "xMEN Recommender for SNOMED CT",
  "slug" : "xmen-recommender-for-snomed-ct",
  "description" : "This is an example project for showcasing how to use the xMEN toolkit for cross-lingual medical entity normalization as an external recommender in INCEpTION.\r\n\r\nThe project contains a single document from the [GraSCCo](https://pubmed.ncbi.nlm.nih.gov/36073490/) corpus (synthetic patient cases).\r\n\r\nSteps to run:\r\n\r\n* Setup and start the external recommender as described [here](https://github.com/hpi-dhc/xmen-inception-recommender)\r\n\r\n* _Optional_: Configure SNOMED CT as a knowledge base in the project settings, to show to concept names for annotated concept IDs",
  "mode" : "ANNOTATION",
  "version" : 1,
  "source_documents" : [ {
    "name" : "Albers.txt",
    "format" : "textlines",
    "state" : "ANNOTATION_IN_PROGRESS",
    "timestamp" : null,
    "created" : 1730814859879,
    "updated" : 1730817902032
  } ],
  "annotation_documents" : [ {
    "name" : "Albers.txt",
    "user" : "admin",
    "state" : "IN_PROGRESS",
    "timestamp" : 1733293233408,
    "annotatorState" : "IN_PROGRESS",
    "annotatorComment" : null,
    "sentence_accessed" : 0,
    "created" : 1730817901474,
    "updated" : 1733293233413
  } ],
  "project_permissions" : [ {
    "level" : "ADMIN",
    "user" : "admin"
  }, {
    "level" : "CURATOR",
    "user" : "admin"
  }, {
    "level" : "USER",
    "user" : "admin"
  } ],
  "tag_sets" : [ {
    "name" : "Relation labels",
    "description" : "Relation labels",
    "language" : "en",
    "tags" : [ ],
    "create_tag" : true
  }, {
    "name" : "Span labels",
    "description" : "Span labels",
    "language" : "en",
    "tags" : [ ],
    "create_tag" : true
  } ],
  "layers" : [ {
    "name" : "webanno.custom.SNOMED",
    "features" : [ {
      "name" : "concept",
      "tag_set" : null,
      "uiName" : "concept",
      "type" : "kb:<ANY>",
      "enabled" : true,
      "visible" : true,
      "include_in_hover" : false,
      "required" : false,
      "remember" : false,
      "hideUnconstraintFeature" : false,
      "description" : null,
      "project_name" : "xMEN Recommender for SNOMED CT",
      "multi_value_mode" : "NONE",
      "link_mode" : "NONE",
      "link_type_name" : null,
      "link_type_role_feature_name" : null,
      "link_type_target_feature_name" : null,
      "traits" : "{\"repositoryId\":null,\"scope\":null,\"allowedValueType\":\"ANY_OBJECT\",\"keyBindings\":[]}",
      "curatable" : true,
      "rank" : 0
    } ],
    "uiName" : "SNOMED",
    "type" : "span",
    "description" : "Concept from SNOMED CT",
    "enabled" : true,
    "built_in" : false,
    "readonly" : false,
    "attach_type" : null,
    "attach_feature" : null,
    "allow_stacking" : false,
    "cross_sentence" : false,
    "show_hover" : true,
    "anchoring_mode" : "TOKENS",
    "overlap_mode" : "NO_OVERLAP",
    "validation_mode" : "ALWAYS",
    "lock_to_token_offset" : false,
    "multiple_tokens" : true,
    "project_name" : "xMEN Recommender for SNOMED CT",
    "linked_list_behavior" : false,
    "on_click_javascript_action" : null,
    "traits" : "{\"coloringRules\":{\"rules\":[]}}"
  }, {
    "name" : "de.tudarmstadt.ukp.dkpro.core.api.segmentation.type.Token",
    "features" : [ ],
    "uiName" : "Token",
    "type" : "span",
    "description" : null,
    "enabled" : false,
    "built_in" : true,
    "readonly" : true,
    "attach_type" : null,
    "attach_feature" : null,
    "allow_stacking" : false,
    "cross_sentence" : false,
    "show_hover" : true,
    "anchoring_mode" : "CHARACTERS",
    "overlap_mode" : "NO_OVERLAP",
    "validation_mode" : "NEVER",
    "lock_to_token_offset" : false,
    "multiple_tokens" : false,
    "project_name" : "xMEN Recommender for SNOMED CT",
    "linked_list_behavior" : false,
    "on_click_javascript_action" : null,
    "traits" : null
  } ],
  "disableExport" : false,
  "script_direction" : "LTR",
  "created" : 1730814446904,
  "updated" : 1733257106567,
  "anonymous_curation" : false,
  "default-preferences" : [ ],
  "knowledge_bases" : [ ],
  "project_invites" : [ ],
  "external_search" : [ ],
  "curation_workflow" : {
    "id" : 152,
    "project" : {
      "id" : 194,
      "name" : "xMEN Recommender for SNOMED CT",
      "slug" : "xmen-recommender-for-snomed-ct",
      "description" : "This is an example project for showcasing how to use the xMEN toolkit for cross-lingual medical entity normalization as an external recommender in INCEpTION.\r\n\r\nThe project contains a single document from the [GraSCCo](https://pubmed.ncbi.nlm.nih.gov/36073490/) corpus (synthetic patient cases).\r\n\r\nSteps to run:\r\n\r\n* Setup and start the external recommender as described [here](https://github.com/hpi-dhc/xmen-inception-recommender)\r\n\r\n* _Optional_: Configure SNOMED CT as a knowledge base in the project settings, to show to concept names for annotated concept IDs",
      "mode" : "annotation",
      "version" : 1,
      "disableExport" : false,
      "scriptDirection" : "LTR",
      "created" : 1730814446904,
      "updated" : 1733257106567,
      "state" : "ANNOTATION_IN_PROGRESS",
      "anonymousCuration" : false
    },
    "mergeStrategy" : "completeAgreementNonStacked",
    "mergeStrategyTraits" : null
  },
  "project_users" : [ ],
  "recommenders" : [ {
    "alwaysSelected" : false,
    "enabled" : true,
    "feature" : "concept",
    "layerName" : "webanno.custom.SNOMED",
    "maxRecommendations" : 3,
    "name" : "[SNOMED@concept] Remote classifier",
    "skipEvaluation" : false,
    "statesIgnoredForTraining" : [ ],
    "threshold" : 0.0,
    "tool" : "de.tudarmstadt.ukp.inception.recommendation.imls.external.ExternalClassificationTool",
    "traits" : "{\"remoteUrl\":\"http://localhost:5555/xmen_snomed\",\"verifyCertificates\":true,\"ranker\":false,\"trainingCapability\":\"training-supported\"}"
  } ],
  "learning_records" : [ ],
  "gazeteers" : [ ],
  "workload_manager" : {
    "traits" : null,
    "type" : "matrix"
  },
  "user-preferences" : [ {
    "name" : "annotation/left-sidebar",
    "traits" : "{\"selectedTab\":\"annotationBrowserSidebarFactory\",\"expanded\":true}",
    "user" : "admin"
  }, {
    "name" : "annotation/layers",
    "traits" : "{\"layerColoringStrategy\":{\"85\":\"GRAY\",\"88\":\"STATIC_PASTELLE\"},\"readonlyLayerColoringStrategy\":\"LEGACY\",\"hiddenLayers\":[]}",
    "user" : "admin"
  }, {
    "name" : "annotation/layout",
    "traits" : "{\"sidebarSizeLeft\":20,\"sidebarSizeRight\":20}",
    "user" : "admin"
  }, {
    "name" : "client-side/annotation/annotation-browser-sidebar",
    "traits" : "{\"mode\":\"by-label\",\"sortByScore\":true,\"recommendationsFirst\":false}",
    "user" : "admin"
  } ]
}