#FORMAT=WebAnno TSV 3.2
#T_SP=de.tudarmstadt.ukp.dkpro.core.api.ner.type.NamedEntity|identifier|value


#Text=I live with a bunch of animals at my home in New Jersey.
1-1	0-1	I	_	_	
1-2	2-6	live	_	_	
1-3	7-11	with	_	_	
1-4	12-13	a	_	_	
1-5	14-19	bunch	_	_	
1-6	20-22	of	_	_	
1-7	23-30	animals	_	_	
1-8	31-33	at	_	_	
1-9	34-36	my	_	_	
1-10	37-41	home	_	_	
1-11	42-44	in	_	_	
1-12	45-48	New	*[1]	LOC[1]	
1-13	49-55	Jersey	*[1]	LOC[1]	
1-14	55-56	.	_	_	

#Text=Lailaps is a brown dog and loves neck massages.
2-1	57-64	Lailaps	_	_	
2-2	65-67	is	_	_	
2-3	68-69	a	_	_	
2-4	70-75	brown	_	_	
2-5	76-79	dog	http://mbugert.de/pets#dog	OTH	
2-6	80-83	and	_	_	
2-7	84-89	loves	_	_	
2-8	90-94	neck	_	_	
2-9	95-103	massages	_	_	
2-10	103-104	.	_	_	

#Text=Socke is a shy cat that does not like malicious Kahmi, another cat.
3-1	105-110	Socke	*	OTH	
3-2	111-113	is	_	_	
3-3	114-115	a	_	_	
3-4	116-119	shy	_	_	
3-5	120-123	cat	_	_	
3-6	124-128	that	_	_	
3-7	129-133	does	_	_	
3-8	134-137	not	_	_	
3-9	138-142	like	_	_	
3-10	143-152	malicious	_	_	
3-11	153-158	Kahmi	*	OTH	
3-12	158-159	,	_	_	
3-13	160-167	another	_	_	
3-14	168-171	cat	_	_	
3-15	171-172	.	_	_	

#Text=They don't get along well.
4-1	173-177	They	_	_	
4-2	178-183	don't	_	_	
4-3	184-187	get	_	_	
4-4	188-193	along	_	_	
4-5	194-198	well	_	_	
4-6	198-199	.	_	_	

#Text=Liska is a manatee and lives in the swimming pool.
5-1	200-205	Liska	_	_	
5-2	206-208	is	_	_	
5-3	209-210	a	_	_	
5-4	211-218	manatee	*	OTH	
5-5	219-222	and	_	_	
5-6	223-228	lives	_	_	
5-7	229-231	in	_	_	
5-8	232-235	the	_	_	
5-9	236-244	swimming	_	_	
5-10	245-249	pool	_	_	
5-11	249-250	.	_	_	
