#FORMAT=WebAnno TSV 3.2


#Text=EMENTA : APELAÇÃO CÍVEL - AÇÃO DE INDENIZAÇÃO POR DANOS MORAIS - PRELIMINAR - ARGUIDA PELO MINISTÉRIO PÚBLICO EM GRAU RECURSAL - NULIDADE - AUSÊNCIA DE INTERVENÇÃO DO PARQUET NA INSTÂNCIA A QUO - PRESENÇA DE INCAPAZ - PREJUÍZO EXISTENTE - PRELIMINAR ACOLHIDA - NULIDADE RECONHECIDA .
#Text=- O art . 178 , II , do CPC prescreve que compete ao Ministério Público intervir nas causas em que há interesses de incapazes , dispondo o art . 279 do mesmo diploma que o processo será nulo quando o Ministério Público não for intimado para acompanhar o feito em que deve intervir .
#Text=- Tratando-se de ação indenizatória ajuizada por pessoa incapaz , é obrigatória a intervenção do Ministério Público na condição de fiscal da ordem jurídica .
#Text=- Tendo o vício sido arguido pelo Parquet nesta instância recursal , bem como diante da sentença de improcedência do pedido com base na ausência de comprovação dos alegados danos morais , impõe-se o reconhecimento da nulidade do feito , de forma a permitir ao Ministério Público intervir efetivamente no feito em primeiro grau .
#Text=- Preliminar acolhida para reconhecer a nulidade da sentença .
1-1	0-6	EMENTA	
1-2	7-8	:	
1-3	9-17	APELAÇÃO	
1-4	18-23	CÍVEL	
1-5	24-25	-	
1-6	26-30	AÇÃO	
1-7	31-33	DE	
1-8	34-45	INDENIZAÇÃO	
1-9	46-49	POR	
1-10	50-55	DANOS	
1-11	56-62	MORAIS	
1-12	63-64	-	
1-13	65-75	PRELIMINAR	
1-14	76-77	-	
1-15	78-85	ARGUIDA	
1-16	86-90	PELO	
1-17	91-101	MINISTÉRIO	
1-18	102-109	PÚBLICO	
1-19	110-112	EM	
1-20	113-117	GRAU	
1-21	118-126	RECURSAL	
1-22	127-128	-	
1-23	129-137	NULIDADE	
1-24	138-139	-	
1-25	140-148	AUSÊNCIA	
1-26	149-151	DE	
1-27	152-163	INTERVENÇÃO	
1-28	164-166	DO	
1-29	167-174	PARQUET	
1-30	175-177	NA	
1-31	178-187	INSTÂNCIA	
1-32	188-189	A	
1-33	190-193	QUO	
1-34	194-195	-	
1-35	196-204	PRESENÇA	
1-36	205-207	DE	
1-37	208-215	INCAPAZ	
1-38	216-217	-	
1-39	218-226	PREJUÍZO	
1-40	227-236	EXISTENTE	
1-41	237-238	-	
1-42	239-249	PRELIMINAR	
1-43	250-258	ACOLHIDA	
1-44	259-260	-	
1-45	261-269	NULIDADE	
1-46	270-281	RECONHECIDA	
1-47	282-283	.	
1-48	284-285	-	
1-49	286-287	O	
1-50	288-291	art	
1-51	292-293	.	
1-52	294-297	178	
1-53	298-299	,	
1-54	300-302	II	
1-55	303-304	,	
1-56	305-307	do	
1-57	308-311	CPC	
1-58	312-321	prescreve	
1-59	322-325	que	
1-60	326-333	compete	
1-61	334-336	ao	
1-62	337-347	Ministério	
1-63	348-355	Público	
1-64	356-364	intervir	
1-65	365-368	nas	
1-66	369-375	causas	
1-67	376-378	em	
1-68	379-382	que	
1-69	383-385	há	
1-70	386-396	interesses	
1-71	397-399	de	
1-72	400-409	incapazes	
1-73	410-411	,	
1-74	412-420	dispondo	
1-75	421-422	o	
1-76	423-426	art	
1-77	427-428	.	
1-78	429-432	279	
1-79	433-435	do	
1-80	436-441	mesmo	
1-81	442-449	diploma	
1-82	450-453	que	
1-83	454-455	o	
1-84	456-464	processo	
1-85	465-469	será	
1-86	470-474	nulo	
1-87	475-481	quando	
1-88	482-483	o	
1-89	484-494	Ministério	
1-90	495-502	Público	
1-91	503-506	não	
1-92	507-510	for	
1-93	511-519	intimado	
1-94	520-524	para	
1-95	525-535	acompanhar	
1-96	536-537	o	
1-97	538-543	feito	
1-98	544-546	em	
1-99	547-550	que	
1-100	551-555	deve	
1-101	556-564	intervir	
1-102	565-566	.	
1-103	567-568	-	
1-104	569-580	Tratando-se	
1-105	581-583	de	
1-106	584-588	ação	
1-107	589-602	indenizatória	
1-108	603-611	ajuizada	
1-109	612-615	por	
1-110	616-622	pessoa	
1-111	623-630	incapaz	
1-112	631-632	,	
1-113	633-634	é	
1-114	635-646	obrigatória	
1-115	647-648	a	
1-116	649-660	intervenção	
1-117	661-663	do	
1-118	664-674	Ministério	
1-119	675-682	Público	
1-120	683-685	na	
1-121	686-694	condição	
1-122	695-697	de	
1-123	698-704	fiscal	
1-124	705-707	da	
1-125	708-713	ordem	
1-126	714-722	jurídica	
1-127	723-724	.	
1-128	725-726	-	
1-129	727-732	Tendo	
1-130	733-734	o	
1-131	735-740	vício	
1-132	741-745	sido	
1-133	746-753	arguido	
1-134	754-758	pelo	
1-135	759-766	Parquet	
1-136	767-772	nesta	
1-137	773-782	instância	
1-138	783-791	recursal	
1-139	792-793	,	
1-140	794-797	bem	
1-141	798-802	como	
1-142	803-809	diante	
1-143	810-812	da	
1-144	813-821	sentença	
1-145	822-824	de	
1-146	825-838	improcedência	
1-147	839-841	do	
1-148	842-848	pedido	
1-149	849-852	com	
1-150	853-857	base	
1-151	858-860	na	
1-152	861-869	ausência	
1-153	870-872	de	
1-154	873-884	comprovação	
1-155	885-888	dos	
1-156	889-897	alegados	
1-157	898-903	danos	
1-158	904-910	morais	
1-159	911-912	,	
1-160	913-921	impõe-se	
1-161	922-923	o	
1-162	924-938	reconhecimento	
1-163	939-941	da	
1-164	942-950	nulidade	
1-165	951-953	do	
1-166	954-959	feito	
1-167	960-961	,	
1-168	962-964	de	
1-169	965-970	forma	
1-170	971-972	a	
1-171	973-981	permitir	
1-172	982-984	ao	
1-173	985-995	Ministério	
1-174	996-1003	Público	
1-175	1004-1012	intervir	
1-176	1013-1025	efetivamente	
1-177	1026-1028	no	
1-178	1029-1034	feito	
1-179	1035-1037	em	
1-180	1038-1046	primeiro	
1-181	1047-1051	grau	
1-182	1052-1053	.	
1-183	1054-1055	-	
1-184	1056-1066	Preliminar	
1-185	1067-1075	acolhida	
1-186	1076-1080	para	
1-187	1081-1091	reconhecer	
1-188	1092-1093	a	
1-189	1094-1102	nulidade	
1-190	1103-1105	da	
1-191	1106-1114	sentença	
1-192	1115-1116	.	

#Text=V.v APELAÇÃO CÍVEL - NULIDADE PROCESSUAL - INTIMAÇÃO DO MINISTÉRIO PÚBLICO - INCAPAZ ACOMPANHADA DE REPRESENTANTE LEGAL E DE ADVOGADO - EXERCÍCIO DO CONTRADITÓRIO E DA AMPLA DEFESA - AUSÊNCIA DE PREJUÍZOS - VÍCIO AFASTADO - IMPROCEDÊNCIA DO PEDIDO - INEXISTÊNCIA DE PROVA QUANTO AO FATO CONSTITUTIVO DO DIREITO .
2-1	1117-1120	V.v	
2-2	1121-1129	APELAÇÃO	
2-3	1130-1135	CÍVEL	
2-4	1136-1137	-	
2-5	1138-1146	NULIDADE	
2-6	1147-1157	PROCESSUAL	
2-7	1158-1159	-	
2-8	1160-1169	INTIMAÇÃO	
2-9	1170-1172	DO	
2-10	1173-1183	MINISTÉRIO	
2-11	1184-1191	PÚBLICO	
2-12	1192-1193	-	
2-13	1194-1201	INCAPAZ	
2-14	1202-1213	ACOMPANHADA	
2-15	1214-1216	DE	
2-16	1217-1230	REPRESENTANTE	
2-17	1231-1236	LEGAL	
2-18	1237-1238	E	
2-19	1239-1241	DE	
2-20	1242-1250	ADVOGADO	
2-21	1251-1252	-	
2-22	1253-1262	EXERCÍCIO	
2-23	1263-1265	DO	
2-24	1266-1279	CONTRADITÓRIO	
2-25	1280-1281	E	
2-26	1282-1284	DA	
2-27	1285-1290	AMPLA	
2-28	1291-1297	DEFESA	
2-29	1298-1299	-	
2-30	1300-1308	AUSÊNCIA	
2-31	1309-1311	DE	
2-32	1312-1321	PREJUÍZOS	
2-33	1322-1323	-	
2-34	1324-1329	VÍCIO	
2-35	1330-1338	AFASTADO	
2-36	1339-1340	-	
2-37	1341-1354	IMPROCEDÊNCIA	
2-38	1355-1357	DO	
2-39	1358-1364	PEDIDO	
2-40	1365-1366	-	
2-41	1367-1379	INEXISTÊNCIA	
2-42	1380-1382	DE	
2-43	1383-1388	PROVA	
2-44	1389-1395	QUANTO	
2-45	1396-1398	AO	
2-46	1399-1403	FATO	
2-47	1404-1416	CONSTITUTIVO	
2-48	1417-1419	DO	
2-49	1420-1427	DIREITO	
2-50	1428-1429	.	

#Text=RECURSO DESPROVIDO .
3-1	1430-1437	RECURSO	
3-2	1438-1448	DESPROVIDO	
3-3	1449-1450	.	

#Text=I .
4-1	1451-1452	I	
4-2	1453-1454	.	

#Text=É entendimento pacificado que `` a intervenção do Ministério Público , nos processos que envolvam interesse de incapaz , se motiva e , ao mesmo tempo , se justifica na possibilidade de desequilíbrio da relação jurídica e no eventual comprometimento do contraditório em função da existência da parte vulnerável '' ( STJ , REsp n . 1694984/MS , Rel .
5-1	1455-1456	É	
5-2	1457-1469	entendimento	
5-3	1470-1480	pacificado	
5-4	1481-1484	que	
5-5	1485-1486	`	
5-6	1486-1487	`	
5-7	1488-1489	a	
5-8	1490-1501	intervenção	
5-9	1502-1504	do	
5-10	1505-1515	Ministério	
5-11	1516-1523	Público	
5-12	1524-1525	,	
5-13	1526-1529	nos	
5-14	1530-1539	processos	
5-15	1540-1543	que	
5-16	1544-1552	envolvam	
5-17	1553-1562	interesse	
5-18	1563-1565	de	
5-19	1566-1573	incapaz	
5-20	1574-1575	,	
5-21	1576-1578	se	
5-22	1579-1585	motiva	
5-23	1586-1587	e	
5-24	1588-1589	,	
5-25	1590-1592	ao	
5-26	1593-1598	mesmo	
5-27	1599-1604	tempo	
5-28	1605-1606	,	
5-29	1607-1609	se	
5-30	1610-1619	justifica	
5-31	1620-1622	na	
5-32	1623-1636	possibilidade	
5-33	1637-1639	de	
5-34	1640-1653	desequilíbrio	
5-35	1654-1656	da	
5-36	1657-1664	relação	
5-37	1665-1673	jurídica	
5-38	1674-1675	e	
5-39	1676-1678	no	
5-40	1679-1687	eventual	
5-41	1688-1703	comprometimento	
5-42	1704-1706	do	
5-43	1707-1720	contraditório	
5-44	1721-1723	em	
5-45	1724-1730	função	
5-46	1731-1733	da	
5-47	1734-1744	existência	
5-48	1745-1747	da	
5-49	1748-1753	parte	
5-50	1754-1764	vulnerável	
5-51	1765-1766	'	
5-52	1766-1767	'	
5-53	1768-1769	(	
5-54	1770-1773	STJ	
5-55	1774-1775	,	
5-56	1776-1780	REsp	
5-57	1781-1782	n	
5-58	1783-1784	.	
5-59	1785-1792	1694984	
5-60	1792-1793	/	
5-61	1793-1795	MS	
5-62	1796-1797	,	
5-63	1798-1801	Rel	
5-64	1802-1803	.	

#Text=Ministro LUIS FELIPE SALOMÃO , QUARTA TURMA , julgado em 14/11/2017 , DJe 01/02/2018 ) .
6-1	1804-1812	Ministro	
6-2	1813-1817	LUIS	
6-3	1818-1824	FELIPE	
6-4	1825-1832	SALOMÃO	
6-5	1833-1834	,	
6-6	1835-1841	QUARTA	
6-7	1842-1847	TURMA	
6-8	1848-1849	,	
6-9	1850-1857	julgado	
6-10	1858-1860	em	
6-11	1861-1863	14	
6-12	1863-1864	/	
6-13	1864-1866	11	
6-14	1866-1867	/	
6-15	1867-1871	2017	
6-16	1872-1873	,	
6-17	1874-1877	DJe	
6-18	1878-1880	01	
6-19	1880-1881	/	
6-20	1881-1883	02	
6-21	1883-1884	/	
6-22	1884-1888	2018	
6-23	1889-1890	)	
6-24	1891-1892	.	

#Text=II .
7-1	1893-1895	II	
7-2	1896-1897	.	

#Text=Verificando-se que a incapaz foi acompanhada de seu representante legal , bem como por Advogado , o qual exerceu com regularidade o contraditório e a ampla defesa , a ausência de intimação do parquet não se erige em vício suficiente para macular de nulidade o processo .
8-1	1898-1912	Verificando-se	
8-2	1913-1916	que	
8-3	1917-1918	a	
8-4	1919-1926	incapaz	
8-5	1927-1930	foi	
8-6	1931-1942	acompanhada	
8-7	1943-1945	de	
8-8	1946-1949	seu	
8-9	1950-1963	representante	
8-10	1964-1969	legal	
8-11	1970-1971	,	
8-12	1972-1975	bem	
8-13	1976-1980	como	
8-14	1981-1984	por	
8-15	1985-1993	Advogado	
8-16	1994-1995	,	
8-17	1996-1997	o	
8-18	1998-2002	qual	
8-19	2003-2010	exerceu	
8-20	2011-2014	com	
8-21	2015-2027	regularidade	
8-22	2028-2029	o	
8-23	2030-2043	contraditório	
8-24	2044-2045	e	
8-25	2046-2047	a	
8-26	2048-2053	ampla	
8-27	2054-2060	defesa	
8-28	2061-2062	,	
8-29	2063-2064	a	
8-30	2065-2073	ausência	
8-31	2074-2076	de	
8-32	2077-2086	intimação	
8-33	2087-2089	do	
8-34	2090-2097	parquet	
8-35	2098-2101	não	
8-36	2102-2104	se	
8-37	2105-2110	erige	
8-38	2111-2113	em	
8-39	2114-2119	vício	
8-40	2120-2130	suficiente	
8-41	2131-2135	para	
8-42	2136-2143	macular	
8-43	2144-2146	de	
8-44	2147-2155	nulidade	
8-45	2156-2157	o	
8-46	2158-2166	processo	
8-47	2167-2168	.	

#Text=III .
9-1	2169-2172	III	
9-2	2173-2174	.	

#Text=Saliente-se que o fato da `` improcedência do pedido '' indenizatório decorreu do fato da ausência de prova de que o atraso na entrega da `` carteira de saúde '' pelo plano de saúde teria impedido/dificultado a consulta médica ; aliás , inexiste prova , também , de que havia consulta médica agendada , sem contar que é sabido que este fato não obstaculiza a consulta , pois basta um contato com a operadora do plano para que haja a liberação do atendimento .
10-1	2175-2186	Saliente-se	
10-2	2187-2190	que	
10-3	2191-2192	o	
10-4	2193-2197	fato	
10-5	2198-2200	da	
10-6	2201-2202	`	
10-7	2202-2203	`	
10-8	2204-2217	improcedência	
10-9	2218-2220	do	
10-10	2221-2227	pedido	
10-11	2228-2229	'	
10-12	2229-2230	'	
10-13	2231-2244	indenizatório	
10-14	2245-2253	decorreu	
10-15	2254-2256	do	
10-16	2257-2261	fato	
10-17	2262-2264	da	
10-18	2265-2273	ausência	
10-19	2274-2276	de	
10-20	2277-2282	prova	
10-21	2283-2285	de	
10-22	2286-2289	que	
10-23	2290-2291	o	
10-24	2292-2298	atraso	
10-25	2299-2301	na	
10-26	2302-2309	entrega	
10-27	2310-2312	da	
10-28	2313-2314	`	
10-29	2314-2315	`	
10-30	2316-2324	carteira	
10-31	2325-2327	de	
10-32	2328-2333	saúde	
10-33	2334-2335	'	
10-34	2335-2336	'	
10-35	2337-2341	pelo	
10-36	2342-2347	plano	
10-37	2348-2350	de	
10-38	2351-2356	saúde	
10-39	2357-2362	teria	
10-40	2363-2371	impedido	
10-41	2371-2372	/	
10-42	2372-2383	dificultado	
10-43	2384-2385	a	
10-44	2386-2394	consulta	
10-45	2395-2401	médica	
10-46	2402-2403	;	
10-47	2404-2409	aliás	
10-48	2410-2411	,	
10-49	2412-2420	inexiste	
10-50	2421-2426	prova	
10-51	2427-2428	,	
10-52	2429-2435	também	
10-53	2436-2437	,	
10-54	2438-2440	de	
10-55	2441-2444	que	
10-56	2445-2450	havia	
10-57	2451-2459	consulta	
10-58	2460-2466	médica	
10-59	2467-2475	agendada	
10-60	2476-2477	,	
10-61	2478-2481	sem	
10-62	2482-2488	contar	
10-63	2489-2492	que	
10-64	2493-2494	é	
10-65	2495-2501	sabido	
10-66	2502-2505	que	
10-67	2506-2510	este	
10-68	2511-2515	fato	
10-69	2516-2519	não	
10-70	2520-2531	obstaculiza	
10-71	2532-2533	a	
10-72	2534-2542	consulta	
10-73	2543-2544	,	
10-74	2545-2549	pois	
10-75	2550-2555	basta	
10-76	2556-2558	um	
10-77	2559-2566	contato	
10-78	2567-2570	com	
10-79	2571-2572	a	
10-80	2573-2582	operadora	
10-81	2583-2585	do	
10-82	2586-2591	plano	
10-83	2592-2596	para	
10-84	2597-2600	que	
10-85	2601-2605	haja	
10-86	2606-2607	a	
10-87	2608-2617	liberação	
10-88	2618-2620	do	
10-89	2621-2632	atendimento	
10-90	2633-2634	.	

#Text=IV .
11-1	2635-2637	IV	
11-2	2638-2639	.	

#Text=Nulidade afastada e , no mérito , pelo desprovimento do recurso .
12-1	2640-2648	Nulidade	
12-2	2649-2657	afastada	
12-3	2658-2659	e	
12-4	2660-2661	,	
12-5	2662-2664	no	
12-6	2665-2671	mérito	
12-7	2672-2673	,	
12-8	2674-2678	pelo	
12-9	2679-2692	desprovimento	
12-10	2693-2695	do	
12-11	2696-2703	recurso	
12-12	2704-2705	.	

#Text=APELAÇÃO CÍVEL Nº 1.0024.13.385589-0/001 - COMARCA DE BELO HORIZONTE - APELANTE ( S ) : REBECCA DE AGUIAR LACERDA REPDO ( A ) PELO ( A ) CURADOR ( A ) SARA GONÇALVES DE AGUIAR - APELADO ( A ) ( S ) : UNIMED RIO COOPERATIVA DE TRABALHO MÉDICO DO RIO DE JANEIRO LTDA A C Ó R D Ã O Vistos etc. , acorda , em Turma , a 10ª CÂMARA CÍVEL do Tribunal de Justiça do Estado de Minas Gerais , na conformidade da ata dos julgamentos , em ACOLHER A PRELIMINAR DE NULIDADE DO FEITO ARGUIDA PELO MINISTÉRIO PÚBLICO .
13-1	2706-2714	APELAÇÃO	
13-2	2715-2720	CÍVEL	
13-3	2721-2723	Nº	
13-4	2724-2740	1.0024.13.385589	
13-5	2740-2741	-	
13-6	2741-2742	0	
13-7	2742-2743	/	
13-8	2743-2746	001	
13-9	2747-2748	-	
13-10	2749-2756	COMARCA	
13-11	2757-2759	DE	
13-12	2760-2764	BELO	
13-13	2765-2774	HORIZONTE	
13-14	2775-2776	-	
13-15	2777-2785	APELANTE	
13-16	2786-2787	(	
13-17	2788-2789	S	
13-18	2790-2791	)	
13-19	2792-2793	:	
13-20	2794-2801	REBECCA	
13-21	2802-2804	DE	
13-22	2805-2811	AGUIAR	
13-23	2812-2819	LACERDA	
13-24	2820-2825	REPDO	
13-25	2826-2827	(	
13-26	2828-2829	A	
13-27	2830-2831	)	
13-28	2832-2836	PELO	
13-29	2837-2838	(	
13-30	2839-2840	A	
13-31	2841-2842	)	
13-32	2843-2850	CURADOR	
13-33	2851-2852	(	
13-34	2853-2854	A	
13-35	2855-2856	)	
13-36	2857-2861	SARA	
13-37	2862-2871	GONÇALVES	
13-38	2872-2874	DE	
13-39	2875-2881	AGUIAR	
13-40	2882-2883	-	
13-41	2884-2891	APELADO	
13-42	2892-2893	(	
13-43	2894-2895	A	
13-44	2896-2897	)	
13-45	2898-2899	(	
13-46	2900-2901	S	
13-47	2902-2903	)	
13-48	2904-2905	:	
13-49	2906-2912	UNIMED	
13-50	2913-2916	RIO	
13-51	2917-2928	COOPERATIVA	
13-52	2929-2931	DE	
13-53	2932-2940	TRABALHO	
13-54	2941-2947	MÉDICO	
13-55	2948-2950	DO	
13-56	2951-2954	RIO	
13-57	2955-2957	DE	
13-58	2958-2965	JANEIRO	
13-59	2966-2970	LTDA	
13-60	2971-2972	A	
13-61	2973-2974	C	
13-62	2975-2976	Ó	
13-63	2977-2978	R	
13-64	2979-2980	D	
13-65	2981-2982	Ã	
13-66	2983-2984	O	
13-67	2985-2991	Vistos	
13-68	2992-2995	etc	
13-69	2995-2996	.	
13-70	2997-2998	,	
13-71	2999-3005	acorda	
13-72	3006-3007	,	
13-73	3008-3010	em	
13-74	3011-3016	Turma	
13-75	3017-3018	,	
13-76	3019-3020	a	
13-77	3021-3024	10ª	
13-78	3025-3031	CÂMARA	
13-79	3032-3037	CÍVEL	
13-80	3038-3040	do	
13-81	3041-3049	Tribunal	
13-82	3050-3052	de	
13-83	3053-3060	Justiça	
13-84	3061-3063	do	
13-85	3064-3070	Estado	
13-86	3071-3073	de	
13-87	3074-3079	Minas	
13-88	3080-3086	Gerais	
13-89	3087-3088	,	
13-90	3089-3091	na	
13-91	3092-3104	conformidade	
13-92	3105-3107	da	
13-93	3108-3111	ata	
13-94	3112-3115	dos	
13-95	3116-3127	julgamentos	
13-96	3128-3129	,	
13-97	3130-3132	em	
13-98	3133-3140	ACOLHER	
13-99	3141-3142	A	
13-100	3143-3153	PRELIMINAR	
13-101	3154-3156	DE	
13-102	3157-3165	NULIDADE	
13-103	3166-3168	DO	
13-104	3169-3174	FEITO	
13-105	3175-3182	ARGUIDA	
13-106	3183-3187	PELO	
13-107	3188-3198	MINISTÉRIO	
13-108	3199-3206	PÚBLICO	
13-109	3207-3208	.	

#Text=CASSAR A SENTENÇA , PARA PERMITIR A INTERVENÇÃO DO REPRESENTANTE DO PARQUET EM PRIMEIRO GRAU , VENCIDO O SEGUNDO VOGAL .
14-1	3209-3215	CASSAR	
14-2	3216-3217	A	
14-3	3218-3226	SENTENÇA	
14-4	3227-3228	,	
14-5	3229-3233	PARA	
14-6	3234-3242	PERMITIR	
14-7	3243-3244	A	
14-8	3245-3256	INTERVENÇÃO	
14-9	3257-3259	DO	
14-10	3260-3273	REPRESENTANTE	
14-11	3274-3276	DO	
14-12	3277-3284	PARQUET	
14-13	3285-3287	EM	
14-14	3288-3296	PRIMEIRO	
14-15	3297-3301	GRAU	
14-16	3302-3303	,	
14-17	3304-3311	VENCIDO	
14-18	3312-3313	O	
14-19	3314-3321	SEGUNDO	
14-20	3322-3327	VOGAL	
14-21	3328-3329	.	

#Text=DESA .
15-1	3330-3334	DESA	
15-2	3335-3336	.	

#Text=MARIÂNGELA MEYER RELATORA .
16-1	3337-3347	MARIÂNGELA	
16-2	3348-3353	MEYER	
16-3	3354-3362	RELATORA	
16-4	3363-3364	.	

#Text=DESA .
17-1	3365-3369	DESA	
17-2	3370-3371	.	

#Text=MARIÂNGELA MEYER ( RELATORA ) V O T O Trata-se de apelação cível interposta por REBECCA DE AGUIAR LACERDA contra a sentença de fls . 138/140 , prolatada pelo MM .
18-1	3372-3382	MARIÂNGELA	
18-2	3383-3388	MEYER	
18-3	3389-3390	(	
18-4	3391-3399	RELATORA	
18-5	3400-3401	)	
18-6	3402-3403	V	
18-7	3404-3405	O	
18-8	3406-3407	T	
18-9	3408-3409	O	
18-10	3410-3418	Trata-se	
18-11	3419-3421	de	
18-12	3422-3430	apelação	
18-13	3431-3436	cível	
18-14	3437-3447	interposta	
18-15	3448-3451	por	
18-16	3452-3459	REBECCA	
18-17	3460-3462	DE	
18-18	3463-3469	AGUIAR	
18-19	3470-3477	LACERDA	
18-20	3478-3484	contra	
18-21	3485-3486	a	
18-22	3487-3495	sentença	
18-23	3496-3498	de	
18-24	3499-3502	fls	
18-25	3503-3504	.	
18-26	3505-3508	138	
18-27	3508-3509	/	
18-28	3509-3512	140	
18-29	3513-3514	,	
18-30	3515-3524	prolatada	
18-31	3525-3529	pelo	
18-32	3530-3532	MM	
18-33	3533-3534	.	

#Text=Juiz da 10ª Vara Cível desta Capital , que nos autos da Ação de Indenização por Danos Morais ajuizada em face de UNIMED RIO COOPERATIVA DE TRABALHO MÉDICO DO RIO DE JANEIRO LTDA , julgou improcedentes os pedidos exordiais , condenando a requerente ao pagamento das custas e honorários de sucumbência , arbitrados em 10 % sobre o valor atribuído à causa .
19-1	3535-3539	Juiz	
19-2	3540-3542	da	
19-3	3543-3546	10ª	
19-4	3547-3551	Vara	
19-5	3552-3557	Cível	
19-6	3558-3563	desta	
19-7	3564-3571	Capital	
19-8	3572-3573	,	
19-9	3574-3577	que	
19-10	3578-3581	nos	
19-11	3582-3587	autos	
19-12	3588-3590	da	
19-13	3591-3595	Ação	
19-14	3596-3598	de	
19-15	3599-3610	Indenização	
19-16	3611-3614	por	
19-17	3615-3620	Danos	
19-18	3621-3627	Morais	
19-19	3628-3636	ajuizada	
19-20	3637-3639	em	
19-21	3640-3644	face	
19-22	3645-3647	de	
19-23	3648-3654	UNIMED	
19-24	3655-3658	RIO	
19-25	3659-3670	COOPERATIVA	
19-26	3671-3673	DE	
19-27	3674-3682	TRABALHO	
19-28	3683-3689	MÉDICO	
19-29	3690-3692	DO	
19-30	3693-3696	RIO	
19-31	3697-3699	DE	
19-32	3700-3707	JANEIRO	
19-33	3708-3712	LTDA	
19-34	3713-3714	,	
19-35	3715-3721	julgou	
19-36	3722-3735	improcedentes	
19-37	3736-3738	os	
19-38	3739-3746	pedidos	
19-39	3747-3756	exordiais	
19-40	3757-3758	,	
19-41	3759-3769	condenando	
19-42	3770-3771	a	
19-43	3772-3782	requerente	
19-44	3783-3785	ao	
19-45	3786-3795	pagamento	
19-46	3796-3799	das	
19-47	3800-3806	custas	
19-48	3807-3808	e	
19-49	3809-3819	honorários	
19-50	3820-3822	de	
19-51	3823-3834	sucumbência	
19-52	3835-3836	,	
19-53	3837-3847	arbitrados	
19-54	3848-3850	em	
19-55	3851-3853	10	
19-56	3854-3855	%	
19-57	3856-3861	sobre	
19-58	3862-3863	o	
19-59	3864-3869	valor	
19-60	3870-3879	atribuído	
19-61	3880-3881	à	
19-62	3882-3887	causa	
19-63	3888-3889	.	

#Text=Inconformada , a apelante afirma que em virtude da falha na prestação de serviço da apelada , que não emitiu a carteira da requerente , esta teve recusado tratamento em hospital credenciado pela recorrida .
20-1	3890-3902	Inconformada	
20-2	3903-3904	,	
20-3	3905-3906	a	
20-4	3907-3915	apelante	
20-5	3916-3922	afirma	
20-6	3923-3926	que	
20-7	3927-3929	em	
20-8	3930-3937	virtude	
20-9	3938-3940	da	
20-10	3941-3946	falha	
20-11	3947-3949	na	
20-12	3950-3959	prestação	
20-13	3960-3962	de	
20-14	3963-3970	serviço	
20-15	3971-3973	da	
20-16	3974-3981	apelada	
20-17	3982-3983	,	
20-18	3984-3987	que	
20-19	3988-3991	não	
20-20	3992-3998	emitiu	
20-21	3999-4000	a	
20-22	4001-4009	carteira	
20-23	4010-4012	da	
20-24	4013-4023	requerente	
20-25	4024-4025	,	
20-26	4026-4030	esta	
20-27	4031-4035	teve	
20-28	4036-4044	recusado	
20-29	4045-4055	tratamento	
20-30	4056-4058	em	
20-31	4059-4067	hospital	
20-32	4068-4079	credenciado	
20-33	4080-4084	pela	
20-34	4085-4094	recorrida	
20-35	4095-4096	.	

#Text=Defende que a recorrida não comprovou que a falha decorreu de greve dos Correios , tampouco demonstrou ter adotado providências no sentido de evitar o dano .
21-1	4097-4104	Defende	
21-2	4105-4108	que	
21-3	4109-4110	a	
21-4	4111-4120	recorrida	
21-5	4121-4124	não	
21-6	4125-4134	comprovou	
21-7	4135-4138	que	
21-8	4139-4140	a	
21-9	4141-4146	falha	
21-10	4147-4155	decorreu	
21-11	4156-4158	de	
21-12	4159-4164	greve	
21-13	4165-4168	dos	
21-14	4169-4177	Correios	
21-15	4178-4179	,	
21-16	4180-4188	tampouco	
21-17	4189-4199	demonstrou	
21-18	4200-4203	ter	
21-19	4204-4211	adotado	
21-20	4212-4224	providências	
21-21	4225-4227	no	
21-22	4228-4235	sentido	
21-23	4236-4238	de	
21-24	4239-4245	evitar	
21-25	4246-4247	o	
21-26	4248-4252	dano	
21-27	4253-4254	.	

#Text=Sustenta ser portadora de Síndrome de Down e já foi submetida a 2 cirurgias cardíacas , necessitando de realizar acompanhamento com cardiologista .
22-1	4255-4263	Sustenta	
22-2	4264-4267	ser	
22-3	4268-4277	portadora	
22-4	4278-4280	de	
22-5	4281-4289	Síndrome	
22-6	4290-4292	de	
22-7	4293-4297	Down	
22-8	4298-4299	e	
22-9	4300-4302	já	
22-10	4303-4306	foi	
22-11	4307-4316	submetida	
22-12	4317-4318	a	
22-13	4319-4320	2	
22-14	4321-4330	cirurgias	
22-15	4331-4340	cardíacas	
22-16	4341-4342	,	
22-17	4343-4355	necessitando	
22-18	4356-4358	de	
22-19	4359-4367	realizar	
22-20	4368-4382	acompanhamento	
22-21	4383-4386	com	
22-22	4387-4400	cardiologista	
22-23	4401-4402	.	

#Text=Aduz que havia marcado consulta com mais de um mês de antecedência , para se submeter a acompanhamento de rotina , todavia , teve o atendimento negado pelo fato de não possuir a carteira do novo plano e seu antigo estava cancelado .
23-1	4403-4407	Aduz	
23-2	4408-4411	que	
23-3	4412-4417	havia	
23-4	4418-4425	marcado	
23-5	4426-4434	consulta	
23-6	4435-4438	com	
23-7	4439-4443	mais	
23-8	4444-4446	de	
23-9	4447-4449	um	
23-10	4450-4453	mês	
23-11	4454-4456	de	
23-12	4457-4469	antecedência	
23-13	4470-4471	,	
23-14	4472-4476	para	
23-15	4477-4479	se	
23-16	4480-4488	submeter	
23-17	4489-4490	a	
23-18	4491-4505	acompanhamento	
23-19	4506-4508	de	
23-20	4509-4515	rotina	
23-21	4516-4517	,	
23-22	4518-4525	todavia	
23-23	4526-4527	,	
23-24	4528-4532	teve	
23-25	4533-4534	o	
23-26	4535-4546	atendimento	
23-27	4547-4553	negado	
23-28	4554-4558	pelo	
23-29	4559-4563	fato	
23-30	4564-4566	de	
23-31	4567-4570	não	
23-32	4571-4578	possuir	
23-33	4579-4580	a	
23-34	4581-4589	carteira	
23-35	4590-4592	do	
23-36	4593-4597	novo	
23-37	4598-4603	plano	
23-38	4604-4605	e	
23-39	4606-4609	seu	
23-40	4610-4616	antigo	
23-41	4617-4623	estava	
23-42	4624-4633	cancelado	
23-43	4634-4635	.	

#Text=Reitera que não se trata de mero aborrecimento .
24-1	4636-4643	Reitera	
24-2	4644-4647	que	
24-3	4648-4651	não	
24-4	4652-4654	se	
24-5	4655-4660	trata	
24-6	4661-4663	de	
24-7	4664-4668	mero	
24-8	4669-4682	aborrecimento	
24-9	4683-4684	.	

#Text=Requer seja dado provimento ao recurso , para reformar a sentença e julgar procedente o pedido inicial , condenando a requerida ao pagamento de indenização por danos morais .
25-1	4685-4691	Requer	
25-2	4692-4696	seja	
25-3	4697-4701	dado	
25-4	4702-4712	provimento	
25-5	4713-4715	ao	
25-6	4716-4723	recurso	
25-7	4724-4725	,	
25-8	4726-4730	para	
25-9	4731-4739	reformar	
25-10	4740-4741	a	
25-11	4742-4750	sentença	
25-12	4751-4752	e	
25-13	4753-4759	julgar	
25-14	4760-4770	procedente	
25-15	4771-4772	o	
25-16	4773-4779	pedido	
25-17	4780-4787	inicial	
25-18	4788-4789	,	
25-19	4790-4800	condenando	
25-20	4801-4802	a	
25-21	4803-4812	requerida	
25-22	4813-4815	ao	
25-23	4816-4825	pagamento	
25-24	4826-4828	de	
25-25	4829-4840	indenização	
25-26	4841-4844	por	
25-27	4845-4850	danos	
25-28	4851-4857	morais	
25-29	4858-4859	.	

#Text=Contrarrazões recursais apresentadas às fls . 148/153 , defendendo não ter havido a prática de qualquer ato ilícito que justifique o pedido indenizatório .
26-1	4860-4873	Contrarrazões	
26-2	4874-4883	recursais	
26-3	4884-4896	apresentadas	
26-4	4897-4899	às	
26-5	4900-4903	fls	
26-6	4904-4905	.	
26-7	4906-4909	148	
26-8	4909-4910	/	
26-9	4910-4913	153	
26-10	4914-4915	,	
26-11	4916-4926	defendendo	
26-12	4927-4930	não	
26-13	4931-4934	ter	
26-14	4935-4941	havido	
26-15	4942-4943	a	
26-16	4944-4951	prática	
26-17	4952-4954	de	
26-18	4955-4963	qualquer	
26-19	4964-4967	ato	
26-20	4968-4975	ilícito	
26-21	4976-4979	que	
26-22	4980-4990	justifique	
26-23	4991-4992	o	
26-24	4993-4999	pedido	
26-25	5000-5013	indenizatório	
26-26	5014-5015	.	

#Text=Argumenta que não houve comprovação de violação a direito da personalidade da apelante , tratando-se de mero descumprimento contratual .
27-1	5016-5025	Argumenta	
27-2	5026-5029	que	
27-3	5030-5033	não	
27-4	5034-5039	houve	
27-5	5040-5051	comprovação	
27-6	5052-5054	de	
27-7	5055-5063	violação	
27-8	5064-5065	a	
27-9	5066-5073	direito	
27-10	5074-5076	da	
27-11	5077-5090	personalidade	
27-12	5091-5093	da	
27-13	5094-5102	apelante	
27-14	5103-5104	,	
27-15	5105-5116	tratando-se	
27-16	5117-5119	de	
27-17	5120-5124	mero	
27-18	5125-5139	descumprimento	
27-19	5140-5150	contratual	
27-20	5151-5152	.	

#Text=Pugna seja negado provimento ao recurso .
28-1	5153-5158	Pugna	
28-2	5159-5163	seja	
28-3	5164-5170	negado	
28-4	5171-5181	provimento	
28-5	5182-5184	ao	
28-6	5185-5192	recurso	
28-7	5193-5194	.	

#Text=Manifestou-se o parquet às fls . 159/160 , opinando pela nulidade do feito em virtude da falta de intimação do Ministério Público para manifestar no presente feito em primeira instância .
29-1	5195-5208	Manifestou-se	
29-2	5209-5210	o	
29-3	5211-5218	parquet	
29-4	5219-5221	às	
29-5	5222-5225	fls	
29-6	5226-5227	.	
29-7	5228-5231	159	
29-8	5231-5232	/	
29-9	5232-5235	160	
29-10	5236-5237	,	
29-11	5238-5246	opinando	
29-12	5247-5251	pela	
29-13	5252-5260	nulidade	
29-14	5261-5263	do	
29-15	5264-5269	feito	
29-16	5270-5272	em	
29-17	5273-5280	virtude	
29-18	5281-5283	da	
29-19	5284-5289	falta	
29-20	5290-5292	de	
29-21	5293-5302	intimação	
29-22	5303-5305	do	
29-23	5306-5316	Ministério	
29-24	5317-5324	Público	
29-25	5325-5329	para	
29-26	5330-5340	manifestar	
29-27	5341-5343	no	
29-28	5344-5352	presente	
29-29	5353-5358	feito	
29-30	5359-5361	em	
29-31	5362-5370	primeira	
29-32	5371-5380	instância	
29-33	5381-5382	.	

#Text=Ressalta que a apelante é portadora de Síndrome de Down , sendo interditada e curatelada por sua genitora , tornando indispensável a intervenção do MP .
30-1	5383-5391	Ressalta	
30-2	5392-5395	que	
30-3	5396-5397	a	
30-4	5398-5406	apelante	
30-5	5407-5408	é	
30-6	5409-5418	portadora	
30-7	5419-5421	de	
30-8	5422-5430	Síndrome	
30-9	5431-5433	de	
30-10	5434-5438	Down	
30-11	5439-5440	,	
30-12	5441-5446	sendo	
30-13	5447-5458	interditada	
30-14	5459-5460	e	
30-15	5461-5471	curatelada	
30-16	5472-5475	por	
30-17	5476-5479	sua	
30-18	5480-5488	genitora	
30-19	5489-5490	,	
30-20	5491-5499	tornando	
30-21	5500-5513	indispensável	
30-22	5514-5515	a	
30-23	5516-5527	intervenção	
30-24	5528-5530	do	
30-25	5531-5533	MP	
30-26	5534-5535	.	

#Text=Destaca que houve prejuízo ao incapaz .
31-1	5536-5543	Destaca	
31-2	5544-5547	que	
31-3	5548-5553	houve	
31-4	5554-5562	prejuízo	
31-5	5563-5565	ao	
31-6	5566-5573	incapaz	
31-7	5574-5575	.	

#Text=Pugna seja declarada a nulidade do feito desde o momento em que o Representante do Ministério Público deveria ter sido intimado para intervir .
32-1	5576-5581	Pugna	
32-2	5582-5586	seja	
32-3	5587-5596	declarada	
32-4	5597-5598	a	
32-5	5599-5607	nulidade	
32-6	5608-5610	do	
32-7	5611-5616	feito	
32-8	5617-5622	desde	
32-9	5623-5624	o	
32-10	5625-5632	momento	
32-11	5633-5635	em	
32-12	5636-5639	que	
32-13	5640-5641	o	
32-14	5642-5655	Representante	
32-15	5656-5658	do	
32-16	5659-5669	Ministério	
32-17	5670-5677	Público	
32-18	5678-5685	deveria	
32-19	5686-5689	ter	
32-20	5690-5694	sido	
32-21	5695-5703	intimado	
32-22	5704-5708	para	
32-23	5709-5717	intervir	
32-24	5718-5719	.	

#Text=Relatado , examino e , ao final , decido .
33-1	5720-5728	Relatado	
33-2	5729-5730	,	
33-3	5731-5738	examino	
33-4	5739-5740	e	
33-5	5741-5742	,	
33-6	5743-5745	ao	
33-7	5746-5751	final	
33-8	5752-5753	,	
33-9	5754-5760	decido	
33-10	5761-5762	.	

#Text=Recurso próprio , tempestivo e dispensado o preparo , em razão da justiça gratuita deferida à fl . 19 .
34-1	5763-5770	Recurso	
34-2	5771-5778	próprio	
34-3	5779-5780	,	
34-4	5781-5791	tempestivo	
34-5	5792-5793	e	
34-6	5794-5804	dispensado	
34-7	5805-5806	o	
34-8	5807-5814	preparo	
34-9	5815-5816	,	
34-10	5817-5819	em	
34-11	5820-5825	razão	
34-12	5826-5828	da	
34-13	5829-5836	justiça	
34-14	5837-5845	gratuita	
34-15	5846-5854	deferida	
34-16	5855-5856	à	
34-17	5857-5859	fl	
34-18	5860-5861	.	
34-19	5862-5864	19	
34-20	5865-5866	.	

#Text=Conheço do apelo , presentes os demais pressupostos de admissibilidade .
35-1	5867-5874	Conheço	
35-2	5875-5877	do	
35-3	5878-5883	apelo	
35-4	5884-5885	,	
35-5	5886-5895	presentes	
35-6	5896-5898	os	
35-7	5899-5905	demais	
35-8	5906-5918	pressupostos	
35-9	5919-5921	de	
35-10	5922-5937	admissibilidade	
35-11	5938-5939	.	

#Text=Recebo a apelação nos termos do art . 1.012 do NCPC .
36-1	5940-5946	Recebo	
36-2	5947-5948	a	
36-3	5949-5957	apelação	
36-4	5958-5961	nos	
36-5	5962-5968	termos	
36-6	5969-5971	do	
36-7	5972-5975	art	
36-8	5976-5977	.	
36-9	5978-5983	1.012	
36-10	5984-5986	do	
36-11	5987-5991	NCPC	
36-12	5992-5993	.	

#Text=PRELIMINAR NULIDADE DO FEITO - NECESSÁRIA INTERVENÇÃO DO MINISTÉRIO PÚBLICO .
37-1	5994-6004	PRELIMINAR	
37-2	6005-6013	NULIDADE	
37-3	6014-6016	DO	
37-4	6017-6022	FEITO	
37-5	6023-6024	-	
37-6	6025-6035	NECESSÁRIA	
37-7	6036-6047	INTERVENÇÃO	
37-8	6048-6050	DO	
37-9	6051-6061	MINISTÉRIO	
37-10	6062-6069	PÚBLICO	
37-11	6070-6071	.	

#Text=Como visto , o membro do Parquet em segundo grau suscitou a nulidade do feito , tendo em vista que o Representante do Ministério Público não foi intimado para se manifestar no feito em primeira instância , conquanto a parte autora/apelante seja incapaz .
38-1	6072-6076	Como	
38-2	6077-6082	visto	
38-3	6083-6084	,	
38-4	6085-6086	o	
38-5	6087-6093	membro	
38-6	6094-6096	do	
38-7	6097-6104	Parquet	
38-8	6105-6107	em	
38-9	6108-6115	segundo	
38-10	6116-6120	grau	
38-11	6121-6129	suscitou	
38-12	6130-6131	a	
38-13	6132-6140	nulidade	
38-14	6141-6143	do	
38-15	6144-6149	feito	
38-16	6150-6151	,	
38-17	6152-6157	tendo	
38-18	6158-6160	em	
38-19	6161-6166	vista	
38-20	6167-6170	que	
38-21	6171-6172	o	
38-22	6173-6186	Representante	
38-23	6187-6189	do	
38-24	6190-6200	Ministério	
38-25	6201-6208	Público	
38-26	6209-6212	não	
38-27	6213-6216	foi	
38-28	6217-6225	intimado	
38-29	6226-6230	para	
38-30	6231-6233	se	
38-31	6234-6244	manifestar	
38-32	6245-6247	no	
38-33	6248-6253	feito	
38-34	6254-6256	em	
38-35	6257-6265	primeira	
38-36	6266-6275	instância	
38-37	6276-6277	,	
38-38	6278-6287	conquanto	
38-39	6288-6289	a	
38-40	6290-6295	parte	
38-41	6296-6302	autora	
38-42	6302-6303	/	
38-43	6303-6311	apelante	
38-44	6312-6316	seja	
38-45	6317-6324	incapaz	
38-46	6325-6326	.	

#Text=Sobre o tema , o art . 178 , II , do CPC prescreve que compete ao Ministério Público intervir nas causas em que há interesses de incapazes , dispondo o art . 279 do mesmo diploma que o processo será nulo quando o Ministério Público não for intimado para acompanhar o feito em que deve intervir .
39-1	6327-6332	Sobre	
39-2	6333-6334	o	
39-3	6335-6339	tema	
39-4	6340-6341	,	
39-5	6342-6343	o	
39-6	6344-6347	art	
39-7	6348-6349	.	
39-8	6350-6353	178	
39-9	6354-6355	,	
39-10	6356-6358	II	
39-11	6359-6360	,	
39-12	6361-6363	do	
39-13	6364-6367	CPC	
39-14	6368-6377	prescreve	
39-15	6378-6381	que	
39-16	6382-6389	compete	
39-17	6390-6392	ao	
39-18	6393-6403	Ministério	
39-19	6404-6411	Público	
39-20	6412-6420	intervir	
39-21	6421-6424	nas	
39-22	6425-6431	causas	
39-23	6432-6434	em	
39-24	6435-6438	que	
39-25	6439-6441	há	
39-26	6442-6452	interesses	
39-27	6453-6455	de	
39-28	6456-6465	incapazes	
39-29	6466-6467	,	
39-30	6468-6476	dispondo	
39-31	6477-6478	o	
39-32	6479-6482	art	
39-33	6483-6484	.	
39-34	6485-6488	279	
39-35	6489-6491	do	
39-36	6492-6497	mesmo	
39-37	6498-6505	diploma	
39-38	6506-6509	que	
39-39	6510-6511	o	
39-40	6512-6520	processo	
39-41	6521-6525	será	
39-42	6526-6530	nulo	
39-43	6531-6537	quando	
39-44	6538-6539	o	
39-45	6540-6550	Ministério	
39-46	6551-6558	Público	
39-47	6559-6562	não	
39-48	6563-6566	for	
39-49	6567-6575	intimado	
39-50	6576-6580	para	
39-51	6581-6591	acompanhar	
39-52	6592-6593	o	
39-53	6594-6599	feito	
39-54	6600-6602	em	
39-55	6603-6606	que	
39-56	6607-6611	deve	
39-57	6612-6620	intervir	
39-58	6621-6622	.	

#Text=Confira a redação dos dispositivos legais citados : '' Art . 178 .
40-1	6623-6630	Confira	
40-2	6631-6632	a	
40-3	6633-6640	redação	
40-4	6641-6644	dos	
40-5	6645-6657	dispositivos	
40-6	6658-6664	legais	
40-7	6665-6672	citados	
40-8	6673-6674	:	
40-9	6675-6676	'	
40-10	6676-6677	'	
40-11	6678-6681	Art	
40-12	6682-6683	.	
40-13	6684-6687	178	
40-14	6688-6689	.	

#Text=O Ministério Público será intimado para , no prazo de 30 ( trinta ) dias , intervir como fiscal da ordem jurídica nas hipóteses previstas em lei ou na Constituição Federal e nos processos que envolvam : I - interesse público ou social ; II - interesse de incapaz ; ( ... ) Art . 279 .
41-1	6690-6691	O	
41-2	6692-6702	Ministério	
41-3	6703-6710	Público	
41-4	6711-6715	será	
41-5	6716-6724	intimado	
41-6	6725-6729	para	
41-7	6730-6731	,	
41-8	6732-6734	no	
41-9	6735-6740	prazo	
41-10	6741-6743	de	
41-11	6744-6746	30	
41-12	6747-6748	(	
41-13	6749-6755	trinta	
41-14	6756-6757	)	
41-15	6758-6762	dias	
41-16	6763-6764	,	
41-17	6765-6773	intervir	
41-18	6774-6778	como	
41-19	6779-6785	fiscal	
41-20	6786-6788	da	
41-21	6789-6794	ordem	
41-22	6795-6803	jurídica	
41-23	6804-6807	nas	
41-24	6808-6817	hipóteses	
41-25	6818-6827	previstas	
41-26	6828-6830	em	
41-27	6831-6834	lei	
41-28	6835-6837	ou	
41-29	6838-6840	na	
41-30	6841-6853	Constituição	
41-31	6854-6861	Federal	
41-32	6862-6863	e	
41-33	6864-6867	nos	
41-34	6868-6877	processos	
41-35	6878-6881	que	
41-36	6882-6890	envolvam	
41-37	6891-6892	:	
41-38	6893-6894	I	
41-39	6895-6896	-	
41-40	6897-6906	interesse	
41-41	6907-6914	público	
41-42	6915-6917	ou	
41-43	6918-6924	social	
41-44	6925-6926	;	
41-45	6927-6929	II	
41-46	6930-6931	-	
41-47	6932-6941	interesse	
41-48	6942-6944	de	
41-49	6945-6952	incapaz	
41-50	6953-6954	;	
41-51	6955-6956	(	
41-52	6957-6958	.	
41-53	6958-6959	.	
41-54	6959-6960	.	
41-55	6961-6962	)	
41-56	6963-6966	Art	
41-57	6967-6968	.	
41-58	6969-6972	279	
41-59	6973-6974	.	

#Text=É nulo o processo quando o membro do Ministério Público não for intimado a acompanhar o feito em que deva intervir .
#Text=§ 1º Se o processo tiver tramitado sem conhecimento do membro do Ministério Público , o juiz invalidará os atos praticados a partir do momento em que ele deveria ter sido intimado .
#Text=§ 2º A nulidade só pode ser decretada após a intimação do Ministério Público , que se manifestará sobre a existência ou a inexistência de prejuízo '' .
42-1	6975-6976	É	
42-2	6977-6981	nulo	
42-3	6982-6983	o	
42-4	6984-6992	processo	
42-5	6993-6999	quando	
42-6	7000-7001	o	
42-7	7002-7008	membro	
42-8	7009-7011	do	
42-9	7012-7022	Ministério	
42-10	7023-7030	Público	
42-11	7031-7034	não	
42-12	7035-7038	for	
42-13	7039-7047	intimado	
42-14	7048-7049	a	
42-15	7050-7060	acompanhar	
42-16	7061-7062	o	
42-17	7063-7068	feito	
42-18	7069-7071	em	
42-19	7072-7075	que	
42-20	7076-7080	deva	
42-21	7081-7089	intervir	
42-22	7090-7091	.	
42-23	7092-7093	§	
42-24	7094-7096	1º	
42-25	7097-7099	Se	
42-26	7100-7101	o	
42-27	7102-7110	processo	
42-28	7111-7116	tiver	
42-29	7117-7126	tramitado	
42-30	7127-7130	sem	
42-31	7131-7143	conhecimento	
42-32	7144-7146	do	
42-33	7147-7153	membro	
42-34	7154-7156	do	
42-35	7157-7167	Ministério	
42-36	7168-7175	Público	
42-37	7176-7177	,	
42-38	7178-7179	o	
42-39	7180-7184	juiz	
42-40	7185-7195	invalidará	
42-41	7196-7198	os	
42-42	7199-7203	atos	
42-43	7204-7214	praticados	
42-44	7215-7216	a	
42-45	7217-7223	partir	
42-46	7224-7226	do	
42-47	7227-7234	momento	
42-48	7235-7237	em	
42-49	7238-7241	que	
42-50	7242-7245	ele	
42-51	7246-7253	deveria	
42-52	7254-7257	ter	
42-53	7258-7262	sido	
42-54	7263-7271	intimado	
42-55	7272-7273	.	
42-56	7274-7275	§	
42-57	7276-7278	2º	
42-58	7279-7280	A	
42-59	7281-7289	nulidade	
42-60	7290-7292	só	
42-61	7293-7297	pode	
42-62	7298-7301	ser	
42-63	7302-7311	decretada	
42-64	7312-7316	após	
42-65	7317-7318	a	
42-66	7319-7328	intimação	
42-67	7329-7331	do	
42-68	7332-7342	Ministério	
42-69	7343-7350	Público	
42-70	7351-7352	,	
42-71	7353-7356	que	
42-72	7357-7359	se	
42-73	7360-7371	manifestará	
42-74	7372-7377	sobre	
42-75	7378-7379	a	
42-76	7380-7390	existência	
42-77	7391-7393	ou	
42-78	7394-7395	a	
42-79	7396-7408	inexistência	
42-80	7409-7411	de	
42-81	7412-7420	prejuízo	
42-82	7421-7422	'	
42-83	7422-7423	'	
42-84	7424-7425	.	

#Text=No caso dos autos , foi ajuizada ação de indenização por danos morais em razão de suposto atraso na entrega da carteira do plano de saúde da recorrente/autora , que a teria impedido de consultar com seu médico .
43-1	7426-7428	No	
43-2	7429-7433	caso	
43-3	7434-7437	dos	
43-4	7438-7443	autos	
43-5	7444-7445	,	
43-6	7446-7449	foi	
43-7	7450-7458	ajuizada	
43-8	7459-7463	ação	
43-9	7464-7466	de	
43-10	7467-7478	indenização	
43-11	7479-7482	por	
43-12	7483-7488	danos	
43-13	7489-7495	morais	
43-14	7496-7498	em	
43-15	7499-7504	razão	
43-16	7505-7507	de	
43-17	7508-7515	suposto	
43-18	7516-7522	atraso	
43-19	7523-7525	na	
43-20	7526-7533	entrega	
43-21	7534-7536	da	
43-22	7537-7545	carteira	
43-23	7546-7548	do	
43-24	7549-7554	plano	
43-25	7555-7557	de	
43-26	7558-7563	saúde	
43-27	7564-7566	da	
43-28	7567-7577	recorrente	
43-29	7577-7578	/	
43-30	7578-7584	autora	
43-31	7585-7586	,	
43-32	7587-7590	que	
43-33	7591-7592	a	
43-34	7593-7598	teria	
43-35	7599-7607	impedido	
43-36	7608-7610	de	
43-37	7611-7620	consultar	
43-38	7621-7624	com	
43-39	7625-7628	seu	
43-40	7629-7635	médico	
43-41	7636-7637	.	

#Text=Ressalte-se que a requerente é portadora de Síndrome de Down e , consoante se extrai do documento de fl . 10 , interditada , sendo representada por sua genitora Sara Gonçalves de Aguiar .
44-1	7638-7649	Ressalte-se	
44-2	7650-7653	que	
44-3	7654-7655	a	
44-4	7656-7666	requerente	
44-5	7667-7668	é	
44-6	7669-7678	portadora	
44-7	7679-7681	de	
44-8	7682-7690	Síndrome	
44-9	7691-7693	de	
44-10	7694-7698	Down	
44-11	7699-7700	e	
44-12	7701-7702	,	
44-13	7703-7712	consoante	
44-14	7713-7715	se	
44-15	7716-7722	extrai	
44-16	7723-7725	do	
44-17	7726-7735	documento	
44-18	7736-7738	de	
44-19	7739-7741	fl	
44-20	7742-7743	.	
44-21	7744-7746	10	
44-22	7747-7748	,	
44-23	7749-7760	interditada	
44-24	7761-7762	,	
44-25	7763-7768	sendo	
44-26	7769-7781	representada	
44-27	7782-7785	por	
44-28	7786-7789	sua	
44-29	7790-7798	genitora	
44-30	7799-7803	Sara	
44-31	7804-7813	Gonçalves	
44-32	7814-7816	de	
44-33	7817-7823	Aguiar	
44-34	7824-7825	.	

#Text=A despeito disso , é possível perceber que o processo tramitou em primeiro grau sem a intervenção obrigatória do Ministério Público na condição de fiscal da ordem jurídica .
45-1	7826-7827	A	
45-2	7828-7836	despeito	
45-3	7837-7842	disso	
45-4	7843-7844	,	
45-5	7845-7846	é	
45-6	7847-7855	possível	
45-7	7856-7864	perceber	
45-8	7865-7868	que	
45-9	7869-7870	o	
45-10	7871-7879	processo	
45-11	7880-7888	tramitou	
45-12	7889-7891	em	
45-13	7892-7900	primeiro	
45-14	7901-7905	grau	
45-15	7906-7909	sem	
45-16	7910-7911	a	
45-17	7912-7923	intervenção	
45-18	7924-7935	obrigatória	
45-19	7936-7938	do	
45-20	7939-7949	Ministério	
45-21	7950-7957	Público	
45-22	7958-7960	na	
45-23	7961-7969	condição	
45-24	7970-7972	de	
45-25	7973-7979	fiscal	
45-26	7980-7982	da	
45-27	7983-7988	ordem	
45-28	7989-7997	jurídica	
45-29	7998-7999	.	

#Text=Trata-se de causa de nulidade do feito , sobretudo , porque alegado pelo Parquet nesta instância recursal , bem como diante da sentença de improcedência do pedido com base na ausência de comprovação dos alegados danos morais .
46-1	8000-8008	Trata-se	
46-2	8009-8011	de	
46-3	8012-8017	causa	
46-4	8018-8020	de	
46-5	8021-8029	nulidade	
46-6	8030-8032	do	
46-7	8033-8038	feito	
46-8	8039-8040	,	
46-9	8041-8050	sobretudo	
46-10	8051-8052	,	
46-11	8053-8059	porque	
46-12	8060-8067	alegado	
46-13	8068-8072	pelo	
46-14	8073-8080	Parquet	
46-15	8081-8086	nesta	
46-16	8087-8096	instância	
46-17	8097-8105	recursal	
46-18	8106-8107	,	
46-19	8108-8111	bem	
46-20	8112-8116	como	
46-21	8117-8123	diante	
46-22	8124-8126	da	
46-23	8127-8135	sentença	
46-24	8136-8138	de	
46-25	8139-8152	improcedência	
46-26	8153-8155	do	
46-27	8156-8162	pedido	
46-28	8163-8166	com	
46-29	8167-8171	base	
46-30	8172-8174	na	
46-31	8175-8183	ausência	
46-32	8184-8186	de	
46-33	8187-8198	comprovação	
46-34	8199-8202	dos	
46-35	8203-8211	alegados	
46-36	8212-8217	danos	
46-37	8218-8224	morais	
46-38	8225-8226	.	

#Text=É imperativo , pois , o reconhecimento da nulidade do feito , desde a fase de produção de provas , de forma a permitir ao Ministério Público intervir efetivamente no feito , produzindo provas , se quiser , assim como se manifestar sobre o mérito da demanda .
47-1	8227-8228	É	
47-2	8229-8239	imperativo	
47-3	8240-8241	,	
47-4	8242-8246	pois	
47-5	8247-8248	,	
47-6	8249-8250	o	
47-7	8251-8265	reconhecimento	
47-8	8266-8268	da	
47-9	8269-8277	nulidade	
47-10	8278-8280	do	
47-11	8281-8286	feito	
47-12	8287-8288	,	
47-13	8289-8294	desde	
47-14	8295-8296	a	
47-15	8297-8301	fase	
47-16	8302-8304	de	
47-17	8305-8313	produção	
47-18	8314-8316	de	
47-19	8317-8323	provas	
47-20	8324-8325	,	
47-21	8326-8328	de	
47-22	8329-8334	forma	
47-23	8335-8336	a	
47-24	8337-8345	permitir	
47-25	8346-8348	ao	
47-26	8349-8359	Ministério	
47-27	8360-8367	Público	
47-28	8368-8376	intervir	
47-29	8377-8389	efetivamente	
47-30	8390-8392	no	
47-31	8393-8398	feito	
47-32	8399-8400	,	
47-33	8401-8411	produzindo	
47-34	8412-8418	provas	
47-35	8419-8420	,	
47-36	8421-8423	se	
47-37	8424-8430	quiser	
47-38	8431-8432	,	
47-39	8433-8438	assim	
47-40	8439-8443	como	
47-41	8444-8446	se	
47-42	8447-8457	manifestar	
47-43	8458-8463	sobre	
47-44	8464-8465	o	
47-45	8466-8472	mérito	
47-46	8473-8475	da	
47-47	8476-8483	demanda	
47-48	8484-8485	.	

#Text=Nesse sentido é a jurisprudência pátria mais recente : '' PROCESSUAL CIVIL .
48-1	8486-8491	Nesse	
48-2	8492-8499	sentido	
48-3	8500-8501	é	
48-4	8502-8503	a	
48-5	8504-8518	jurisprudência	
48-6	8519-8525	pátria	
48-7	8526-8530	mais	
48-8	8531-8538	recente	
48-9	8539-8540	:	
48-10	8541-8542	'	
48-11	8542-8543	'	
48-12	8544-8554	PROCESSUAL	
48-13	8555-8560	CIVIL	
48-14	8561-8562	.	

#Text=AÇÃO DECLARATÓRIA .
49-1	8563-8567	AÇÃO	
49-2	8568-8580	DECLARATÓRIA	
49-3	8581-8582	.	

#Text=DESAPROPRIAÇÃO .
50-1	8583-8597	DESAPROPRIAÇÃO	
50-2	8598-8599	.	

#Text=REFORMA AGRÁRIA .
51-1	8600-8607	REFORMA	
51-2	8608-8615	AGRÁRIA	
51-3	8616-8617	.	

#Text=NECESSIDADE DE INTERVENÇÃO DO MINISTÉRIO PÚBLICO FEDERAL .
52-1	8618-8629	NECESSIDADE	
52-2	8630-8632	DE	
52-3	8633-8644	INTERVENÇÃO	
52-4	8645-8647	DO	
52-5	8648-8658	MINISTÉRIO	
52-6	8659-8666	PÚBLICO	
52-7	8667-8674	FEDERAL	
52-8	8675-8676	.	

#Text=ART . 18 , § 2º , DA LC 76/93 .
53-1	8677-8680	ART	
53-2	8681-8682	.	
53-3	8683-8685	18	
53-4	8686-8687	,	
53-5	8688-8689	§	
53-6	8690-8692	2º	
53-7	8693-8694	,	
53-8	8695-8697	DA	
53-9	8698-8700	LC	
53-10	8701-8703	76	
53-11	8703-8704	/	
53-12	8704-8706	93	
53-13	8707-8708	.	

#Text=NULIDADE .
54-1	8709-8717	NULIDADE	
54-2	8718-8719	.	

#Text=PRECEDENTES .
#Text=1 .
55-1	8720-8731	PRECEDENTES	
55-2	8732-8733	.	
55-3	8734-8735	1	
55-4	8736-8737	.	

#Text=O Superior Tribunal de Justiça entende que a intervenção do Ministério Público nas Ações de Desapropriação de Imóvel Rural para fins de Reforma Agrária é obrigatória , indisponível e inderrogável , porquanto presente o interesse público .
56-1	8738-8739	O	
56-2	8740-8748	Superior	
56-3	8749-8757	Tribunal	
56-4	8758-8760	de	
56-5	8761-8768	Justiça	
56-6	8769-8776	entende	
56-7	8777-8780	que	
56-8	8781-8782	a	
56-9	8783-8794	intervenção	
56-10	8795-8797	do	
56-11	8798-8808	Ministério	
56-12	8809-8816	Público	
56-13	8817-8820	nas	
56-14	8821-8826	Ações	
56-15	8827-8829	de	
56-16	8830-8844	Desapropriação	
56-17	8845-8847	de	
56-18	8848-8854	Imóvel	
56-19	8855-8860	Rural	
56-20	8861-8865	para	
56-21	8866-8870	fins	
56-22	8871-8873	de	
56-23	8874-8881	Reforma	
56-24	8882-8889	Agrária	
56-25	8890-8891	é	
56-26	8892-8903	obrigatória	
56-27	8904-8905	,	
56-28	8906-8918	indisponível	
56-29	8919-8920	e	
56-30	8921-8933	inderrogável	
56-31	8934-8935	,	
56-32	8936-8945	porquanto	
56-33	8946-8954	presente	
56-34	8955-8956	o	
56-35	8957-8966	interesse	
56-36	8967-8974	público	
56-37	8975-8976	.	

#Text=Assim , a falta de intimação do MP para atuar no feito como fiscal da lei é vício que contamina todos os atos decisórios a partir do momento processual em que deveria se manifestar .
57-1	8977-8982	Assim	
57-2	8983-8984	,	
57-3	8985-8986	a	
57-4	8987-8992	falta	
57-5	8993-8995	de	
57-6	8996-9005	intimação	
57-7	9006-9008	do	
57-8	9009-9011	MP	
57-9	9012-9016	para	
57-10	9017-9022	atuar	
57-11	9023-9025	no	
57-12	9026-9031	feito	
57-13	9032-9036	como	
57-14	9037-9043	fiscal	
57-15	9044-9046	da	
57-16	9047-9050	lei	
57-17	9051-9052	é	
57-18	9053-9058	vício	
57-19	9059-9062	que	
57-20	9063-9072	contamina	
57-21	9073-9078	todos	
57-22	9079-9081	os	
57-23	9082-9086	atos	
57-24	9087-9097	decisórios	
57-25	9098-9099	a	
57-26	9100-9106	partir	
57-27	9107-9109	do	
57-28	9110-9117	momento	
57-29	9118-9128	processual	
57-30	9129-9131	em	
57-31	9132-9135	que	
57-32	9136-9143	deveria	
57-33	9144-9146	se	
57-34	9147-9157	manifestar	
57-35	9158-9159	.	

#Text=Precedentes : REsp 932.731/BA , Rel .
58-1	9160-9171	Precedentes	
58-2	9172-9173	:	
58-3	9174-9178	REsp	
58-4	9179-9186	932.731	
58-5	9186-9187	/	
58-6	9187-9189	BA	
58-7	9190-9191	,	
58-8	9192-9195	Rel	
58-9	9196-9197	.	

#Text=Ministro Herman Benjamin , Segunda Turma , DJe 31.8.2009 ; REsp 1.061.852/PR , Rel .
59-1	9198-9206	Ministro	
59-2	9207-9213	Herman	
59-3	9214-9222	Benjamin	
59-4	9223-9224	,	
59-5	9225-9232	Segunda	
59-6	9233-9238	Turma	
59-7	9239-9240	,	
59-8	9241-9244	DJe	
59-9	9245-9254	31.8.2009	
59-10	9255-9256	;	
59-11	9257-9261	REsp	
59-12	9262-9271	1.061.852	
59-13	9271-9272	/	
59-14	9272-9274	PR	
59-15	9275-9276	,	
59-16	9277-9280	Rel	
59-17	9281-9282	.	

#Text=Ministro Benedito Gonçalves , Primeira Turma , DJe 28.9.2009 ; e REsp 1.249.358/RJ , Rel .
60-1	9283-9291	Ministro	
60-2	9292-9300	Benedito	
60-3	9301-9310	Gonçalves	
60-4	9311-9312	,	
60-5	9313-9321	Primeira	
60-6	9322-9327	Turma	
60-7	9328-9329	,	
60-8	9330-9333	DJe	
60-9	9334-9343	28.9.2009	
60-10	9344-9345	;	
60-11	9346-9347	e	
60-12	9348-9352	REsp	
60-13	9353-9362	1.249.358	
60-14	9362-9363	/	
60-15	9363-9365	RJ	
60-16	9366-9367	,	
60-17	9368-9371	Rel	
60-18	9372-9373	.	

#Text=Ministro Mauro Campbell Marques , Segunda Turma , DJe 28.6.2013 .
#Text=3 .
61-1	9374-9382	Ministro	
61-2	9383-9388	Mauro	
61-3	9389-9397	Campbell	
61-4	9398-9405	Marques	
61-5	9406-9407	,	
61-6	9408-9415	Segunda	
61-7	9416-9421	Turma	
61-8	9422-9423	,	
61-9	9424-9427	DJe	
61-10	9428-9437	28.6.2013	
61-11	9438-9439	.	
61-12	9440-9441	3	
61-13	9442-9443	.	

#Text=Recurso Especial provido .
#Text=( REsp 1681249/SP , Rel .
62-1	9444-9451	Recurso	
62-2	9452-9460	Especial	
62-3	9461-9468	provido	
62-4	9469-9470	.	
62-5	9471-9472	(	
62-6	9473-9477	REsp	
62-7	9478-9485	1681249	
62-8	9485-9486	/	
62-9	9486-9488	SP	
62-10	9489-9490	,	
62-11	9491-9494	Rel	
62-12	9495-9496	.	

#Text=Ministro HERMAN BENJAMIN , SEGUNDA TURMA , julgado em 05/09/2017 , DJe 13/09/2017 ) EMENTA : APELAÇÃO CIVEL .
63-1	9497-9505	Ministro	
63-2	9506-9512	HERMAN	
63-3	9513-9521	BENJAMIN	
63-4	9522-9523	,	
63-5	9524-9531	SEGUNDA	
63-6	9532-9537	TURMA	
63-7	9538-9539	,	
63-8	9540-9547	julgado	
63-9	9548-9550	em	
63-10	9551-9553	05	
63-11	9553-9554	/	
63-12	9554-9556	09	
63-13	9556-9557	/	
63-14	9557-9561	2017	
63-15	9562-9563	,	
63-16	9564-9567	DJe	
63-17	9568-9570	13	
63-18	9570-9571	/	
63-19	9571-9573	09	
63-20	9573-9574	/	
63-21	9574-9578	2017	
63-22	9579-9580	)	
63-23	9581-9587	EMENTA	
63-24	9588-9589	:	
63-25	9590-9598	APELAÇÃO	
63-26	9599-9604	CIVEL	
63-27	9605-9606	.	

#Text=AÇÃO DE COBRANÇA .
64-1	9607-9611	AÇÃO	
64-2	9612-9614	DE	
64-3	9615-9623	COBRANÇA	
64-4	9624-9625	.	

#Text=POLO PASSIVO .
65-1	9626-9630	POLO	
65-2	9631-9638	PASSIVO	
65-3	9639-9640	.	

#Text=MENOR IMPÚBERE .
66-1	9641-9646	MENOR	
66-2	9647-9655	IMPÚBERE	
66-3	9656-9657	.	

#Text=AUSÊNCIA DE INTERVENÇÃO DO MINISTÉRIO PÚBLICO .
67-1	9658-9666	AUSÊNCIA	
67-2	9667-9669	DE	
67-3	9670-9681	INTERVENÇÃO	
67-4	9682-9684	DO	
67-5	9685-9695	MINISTÉRIO	
67-6	9696-9703	PÚBLICO	
67-7	9704-9705	.	

#Text=PEDIDO INICIAL JULGADO PROCEDENTE .
68-1	9706-9712	PEDIDO	
68-2	9713-9720	INICIAL	
68-3	9721-9728	JULGADO	
68-4	9729-9739	PROCEDENTE	
68-5	9740-9741	.	

#Text=PREJUÍZO PARA O MENOR .
69-1	9742-9750	PREJUÍZO	
69-2	9751-9755	PARA	
69-3	9756-9757	O	
69-4	9758-9763	MENOR	
69-5	9764-9765	.	

#Text=SENTENÇA CASSADA .
#Text=- A intervenção do Ministério Público é imprescindível quando há interesse de menor no processo , conforme o disposto no art . 279 do NCPC .
#Text=- Intimada a Procuradoria-Geral de Justiça nesta Instância Revisora , e tendo o referido órgão alegado a existência de prejuízo para o menor , diante da sentença de procedência do pedido inicial , a medida que se impõe é a cassação do referido `` decisum '' e a decretação de nulidade de todos os atos decisórios , desde o primeiro momento em que o Ministério Público deveria ter se pronunciado nos autos .
#Text=( TJMG - Apelação Cível 1.0024.13.330164-8/001 , Relator ( a ) : Des . ( a ) Aparecida Grossi , 16ª CÂMARA CÍVEL , julgamento em 06/10/0017 , publicação da súmula em 11/10/2017 ) EMENTA : DIREITO PROCESSUAL CIVIL .
70-1	9766-9774	SENTENÇA	
70-2	9775-9782	CASSADA	
70-3	9783-9784	.	
70-4	9785-9786	-	
70-5	9787-9788	A	
70-6	9789-9800	intervenção	
70-7	9801-9803	do	
70-8	9804-9814	Ministério	
70-9	9815-9822	Público	
70-10	9823-9824	é	
70-11	9825-9839	imprescindível	
70-12	9840-9846	quando	
70-13	9847-9849	há	
70-14	9850-9859	interesse	
70-15	9860-9862	de	
70-16	9863-9868	menor	
70-17	9869-9871	no	
70-18	9872-9880	processo	
70-19	9881-9882	,	
70-20	9883-9891	conforme	
70-21	9892-9893	o	
70-22	9894-9902	disposto	
70-23	9903-9905	no	
70-24	9906-9909	art	
70-25	9910-9911	.	
70-26	9912-9915	279	
70-27	9916-9918	do	
70-28	9919-9923	NCPC	
70-29	9924-9925	.	
70-30	9926-9927	-	
70-31	9928-9936	Intimada	
70-32	9937-9938	a	
70-33	9939-9957	Procuradoria-Geral	
70-34	9958-9960	de	
70-35	9961-9968	Justiça	
70-36	9969-9974	nesta	
70-37	9975-9984	Instância	
70-38	9985-9993	Revisora	
70-39	9994-9995	,	
70-40	9996-9997	e	
70-41	9998-10003	tendo	
70-42	10004-10005	o	
70-43	10006-10014	referido	
70-44	10015-10020	órgão	
70-45	10021-10028	alegado	
70-46	10029-10030	a	
70-47	10031-10041	existência	
70-48	10042-10044	de	
70-49	10045-10053	prejuízo	
70-50	10054-10058	para	
70-51	10059-10060	o	
70-52	10061-10066	menor	
70-53	10067-10068	,	
70-54	10069-10075	diante	
70-55	10076-10078	da	
70-56	10079-10087	sentença	
70-57	10088-10090	de	
70-58	10091-10102	procedência	
70-59	10103-10105	do	
70-60	10106-10112	pedido	
70-61	10113-10120	inicial	
70-62	10121-10122	,	
70-63	10123-10124	a	
70-64	10125-10131	medida	
70-65	10132-10135	que	
70-66	10136-10138	se	
70-67	10139-10144	impõe	
70-68	10145-10146	é	
70-69	10147-10148	a	
70-70	10149-10157	cassação	
70-71	10158-10160	do	
70-72	10161-10169	referido	
70-73	10170-10171	`	
70-74	10171-10172	`	
70-75	10173-10180	decisum	
70-76	10181-10182	'	
70-77	10182-10183	'	
70-78	10184-10185	e	
70-79	10186-10187	a	
70-80	10188-10198	decretação	
70-81	10199-10201	de	
70-82	10202-10210	nulidade	
70-83	10211-10213	de	
70-84	10214-10219	todos	
70-85	10220-10222	os	
70-86	10223-10227	atos	
70-87	10228-10238	decisórios	
70-88	10239-10240	,	
70-89	10241-10246	desde	
70-90	10247-10248	o	
70-91	10249-10257	primeiro	
70-92	10258-10265	momento	
70-93	10266-10268	em	
70-94	10269-10272	que	
70-95	10273-10274	o	
70-96	10275-10285	Ministério	
70-97	10286-10293	Público	
70-98	10294-10301	deveria	
70-99	10302-10305	ter	
70-100	10306-10308	se	
70-101	10309-10320	pronunciado	
70-102	10321-10324	nos	
70-103	10325-10330	autos	
70-104	10331-10332	.	
70-105	10333-10334	(	
70-106	10335-10339	TJMG	
70-107	10340-10341	-	
70-108	10342-10350	Apelação	
70-109	10351-10356	Cível	
70-110	10357-10373	1.0024.13.330164	
70-111	10373-10374	-	
70-112	10374-10375	8	
70-113	10375-10376	/	
70-114	10376-10379	001	
70-115	10380-10381	,	
70-116	10382-10389	Relator	
70-117	10390-10391	(	
70-118	10392-10393	a	
70-119	10394-10395	)	
70-120	10396-10397	:	
70-121	10398-10401	Des	
70-122	10402-10403	.	
70-123	10404-10405	(	
70-124	10406-10407	a	
70-125	10408-10409	)	
70-126	10410-10419	Aparecida	
70-127	10420-10426	Grossi	
70-128	10427-10428	,	
70-129	10429-10432	16ª	
70-130	10433-10439	CÂMARA	
70-131	10440-10445	CÍVEL	
70-132	10446-10447	,	
70-133	10448-10458	julgamento	
70-134	10459-10461	em	
70-135	10462-10464	06	
70-136	10464-10465	/	
70-137	10465-10467	10	
70-138	10467-10468	/	
70-139	10468-10472	0017	
70-140	10473-10474	,	
70-141	10475-10485	publicação	
70-142	10486-10488	da	
70-143	10489-10495	súmula	
70-144	10496-10498	em	
70-145	10499-10501	11	
70-146	10501-10502	/	
70-147	10502-10504	10	
70-148	10504-10505	/	
70-149	10505-10509	2017	
70-150	10510-10511	)	
70-151	10512-10518	EMENTA	
70-152	10519-10520	:	
70-153	10521-10528	DIREITO	
70-154	10529-10539	PROCESSUAL	
70-155	10540-10545	CIVIL	
70-156	10546-10547	.	

#Text=APELAÇÃO CÍVEL .
71-1	10548-10556	APELAÇÃO	
71-2	10557-10562	CÍVEL	
71-3	10563-10564	.	

#Text=AÇÃO ORDINÁRIA DE DECLARAÇÃO DE NULIDADE OU ANULABILIDADE DE NEGÓCIO JURÍDICO .
72-1	10565-10569	AÇÃO	
72-2	10570-10579	ORDINÁRIA	
72-3	10580-10582	DE	
72-4	10583-10593	DECLARAÇÃO	
72-5	10594-10596	DE	
72-6	10597-10605	NULIDADE	
72-7	10606-10608	OU	
72-8	10609-10622	ANULABILIDADE	
72-9	10623-10625	DE	
72-10	10626-10633	NEGÓCIO	
72-11	10634-10642	JURÍDICO	
72-12	10643-10644	.	

#Text=PRESENÇA DE INTERESSE DE INCAPAZ .
73-1	10645-10653	PRESENÇA	
73-2	10654-10656	DE	
73-3	10657-10666	INTERESSE	
73-4	10667-10669	DE	
73-5	10670-10677	INCAPAZ	
73-6	10678-10679	.	

#Text=NECESSIDADE DE INTERVENÇÃO DO MINISTÉRIO PÚBLICO .
74-1	10680-10691	NECESSIDADE	
74-2	10692-10694	DE	
74-3	10695-10706	INTERVENÇÃO	
74-4	10707-10709	DO	
74-5	10710-10720	MINISTÉRIO	
74-6	10721-10728	PÚBLICO	
74-7	10729-10730	.	

#Text=INOBSERVÂNCIA .
75-1	10731-10744	INOBSERVÂNCIA	
75-2	10745-10746	.	

#Text=NULIDADE .
76-1	10747-10755	NULIDADE	
76-2	10756-10757	.	

#Text=OCORRÊNCIA .
77-1	10758-10768	OCORRÊNCIA	
77-2	10769-10770	.	

#Text=SENTENÇA DESCONSTITUÍDA .
#Text=1 .
78-1	10771-10779	SENTENÇA	
78-2	10780-10794	DESCONSTITUÍDA	
78-3	10795-10796	.	
78-4	10797-10798	1	
78-5	10799-10800	.	

#Text=A falta de intervenção do Ministério Público nas ações em que deva figurar como fiscal da lei e da Constituição ( 'custus legis et constituitionis ' ) enseja de forma inexorável a nulidade do processo , segundo prescreve o artigo 279 , § 1º do CPC , caso arguido e constatado o prejuízo do incapaz que justifica sua intervenção ( § 2º ) . ''
#Text=( TJMG - Apelação Cível 1.0549.15.003028-2/003 , Relator ( a ) : Des . ( a ) Otávio Portes , 16ª CÂMARA CÍVEL , julgamento em 28/09/2017 , publicação da súmula em 06/10/2017 ) Assim sendo , entendo que deve ser acolhida a preliminar de nulidade do feito arguida pelo Ministério Público na instância recursal , sobremaneira , quando há prejuízo para o incapaz .
79-1	10801-10802	A	
79-2	10803-10808	falta	
79-3	10809-10811	de	
79-4	10812-10823	intervenção	
79-5	10824-10826	do	
79-6	10827-10837	Ministério	
79-7	10838-10845	Público	
79-8	10846-10849	nas	
79-9	10850-10855	ações	
79-10	10856-10858	em	
79-11	10859-10862	que	
79-12	10863-10867	deva	
79-13	10868-10875	figurar	
79-14	10876-10880	como	
79-15	10881-10887	fiscal	
79-16	10888-10890	da	
79-17	10891-10894	lei	
79-18	10895-10896	e	
79-19	10897-10899	da	
79-20	10900-10912	Constituição	
79-21	10913-10914	(	
79-22	10915-10916	'	
79-23	10916-10922	custus	
79-24	10923-10928	legis	
79-25	10929-10931	et	
79-26	10932-10947	constituitionis	
79-27	10948-10949	'	
79-28	10950-10951	)	
79-29	10952-10958	enseja	
79-30	10959-10961	de	
79-31	10962-10967	forma	
79-32	10968-10978	inexorável	
79-33	10979-10980	a	
79-34	10981-10989	nulidade	
79-35	10990-10992	do	
79-36	10993-11001	processo	
79-37	11002-11003	,	
79-38	11004-11011	segundo	
79-39	11012-11021	prescreve	
79-40	11022-11023	o	
79-41	11024-11030	artigo	
79-42	11031-11034	279	
79-43	11035-11036	,	
79-44	11037-11038	§	
79-45	11039-11041	1º	
79-46	11042-11044	do	
79-47	11045-11048	CPC	
79-48	11049-11050	,	
79-49	11051-11055	caso	
79-50	11056-11063	arguido	
79-51	11064-11065	e	
79-52	11066-11076	constatado	
79-53	11077-11078	o	
79-54	11079-11087	prejuízo	
79-55	11088-11090	do	
79-56	11091-11098	incapaz	
79-57	11099-11102	que	
79-58	11103-11112	justifica	
79-59	11113-11116	sua	
79-60	11117-11128	intervenção	
79-61	11129-11130	(	
79-62	11131-11132	§	
79-63	11133-11135	2º	
79-64	11136-11137	)	
79-65	11138-11139	.	
79-66	11140-11141	'	
79-67	11141-11142	'	
79-68	11143-11144	(	
79-69	11145-11149	TJMG	
79-70	11150-11151	-	
79-71	11152-11160	Apelação	
79-72	11161-11166	Cível	
79-73	11167-11183	1.0549.15.003028	
79-74	11183-11184	-	
79-75	11184-11185	2	
79-76	11185-11186	/	
79-77	11186-11189	003	
79-78	11190-11191	,	
79-79	11192-11199	Relator	
79-80	11200-11201	(	
79-81	11202-11203	a	
79-82	11204-11205	)	
79-83	11206-11207	:	
79-84	11208-11211	Des	
79-85	11212-11213	.	
79-86	11214-11215	(	
79-87	11216-11217	a	
79-88	11218-11219	)	
79-89	11220-11226	Otávio	
79-90	11227-11233	Portes	
79-91	11234-11235	,	
79-92	11236-11239	16ª	
79-93	11240-11246	CÂMARA	
79-94	11247-11252	CÍVEL	
79-95	11253-11254	,	
79-96	11255-11265	julgamento	
79-97	11266-11268	em	
79-98	11269-11271	28	
79-99	11271-11272	/	
79-100	11272-11274	09	
79-101	11274-11275	/	
79-102	11275-11279	2017	
79-103	11280-11281	,	
79-104	11282-11292	publicação	
79-105	11293-11295	da	
79-106	11296-11302	súmula	
79-107	11303-11305	em	
79-108	11306-11308	06	
79-109	11308-11309	/	
79-110	11309-11311	10	
79-111	11311-11312	/	
79-112	11312-11316	2017	
79-113	11317-11318	)	
79-114	11319-11324	Assim	
79-115	11325-11330	sendo	
79-116	11331-11332	,	
79-117	11333-11340	entendo	
79-118	11341-11344	que	
79-119	11345-11349	deve	
79-120	11350-11353	ser	
79-121	11354-11362	acolhida	
79-122	11363-11364	a	
79-123	11365-11375	preliminar	
79-124	11376-11378	de	
79-125	11379-11387	nulidade	
79-126	11388-11390	do	
79-127	11391-11396	feito	
79-128	11397-11404	arguida	
79-129	11405-11409	pelo	
79-130	11410-11420	Ministério	
79-131	11421-11428	Público	
79-132	11429-11431	na	
79-133	11432-11441	instância	
79-134	11442-11450	recursal	
79-135	11451-11452	,	
79-136	11453-11465	sobremaneira	
79-137	11466-11467	,	
79-138	11468-11474	quando	
79-139	11475-11477	há	
79-140	11478-11486	prejuízo	
79-141	11487-11491	para	
79-142	11492-11493	o	
79-143	11494-11501	incapaz	
79-144	11502-11503	.	

#Text=Isso posto , ACOLHO A PRELIMINAR DE NULIDADE DO FEITO ARGUIDA PELO MINISTÉRIO PÚBLICO , cassando a sentença apelada e determinando o retorno dos autos ao primeiro grau , para permitir a efetiva intervenção do Representante do Ministério Público na instância a quo .
80-1	11504-11508	Isso	
80-2	11509-11514	posto	
80-3	11515-11516	,	
80-4	11517-11523	ACOLHO	
80-5	11524-11525	A	
80-6	11526-11536	PRELIMINAR	
80-7	11537-11539	DE	
80-8	11540-11548	NULIDADE	
80-9	11549-11551	DO	
80-10	11552-11557	FEITO	
80-11	11558-11565	ARGUIDA	
80-12	11566-11570	PELO	
80-13	11571-11581	MINISTÉRIO	
80-14	11582-11589	PÚBLICO	
80-15	11590-11591	,	
80-16	11592-11600	cassando	
80-17	11601-11602	a	
80-18	11603-11611	sentença	
80-19	11612-11619	apelada	
80-20	11620-11621	e	
80-21	11622-11634	determinando	
80-22	11635-11636	o	
80-23	11637-11644	retorno	
80-24	11645-11648	dos	
80-25	11649-11654	autos	
80-26	11655-11657	ao	
80-27	11658-11666	primeiro	
80-28	11667-11671	grau	
80-29	11672-11673	,	
80-30	11674-11678	para	
80-31	11679-11687	permitir	
80-32	11688-11689	a	
80-33	11690-11697	efetiva	
80-34	11698-11709	intervenção	
80-35	11710-11712	do	
80-36	11713-11726	Representante	
80-37	11727-11729	do	
80-38	11730-11740	Ministério	
80-39	11741-11748	Público	
80-40	11749-11751	na	
80-41	11752-11761	instância	
80-42	11762-11763	a	
80-43	11764-11767	quo	
80-44	11768-11769	.	

#Text=Custas ao final pelo vencido .
81-1	11770-11776	Custas	
81-2	11777-11779	ao	
81-3	11780-11785	final	
81-4	11786-11790	pelo	
81-5	11791-11798	vencido	
81-6	11799-11800	.	

#Text=É como voto .
82-1	11801-11802	É	
82-2	11803-11807	como	
82-3	11808-11812	voto	
82-4	11813-11814	.	

#Text=DES .
83-1	11815-11818	DES	
83-2	11819-11820	.	

#Text=VICENTE DE OLIVEIRA SILVA - De acordo com o ( a ) Relator ( a ) .
84-1	11821-11828	VICENTE	
84-2	11829-11831	DE	
84-3	11832-11840	OLIVEIRA	
84-4	11841-11846	SILVA	
84-5	11847-11848	-	
84-6	11849-11851	De	
84-7	11852-11858	acordo	
84-8	11859-11862	com	
84-9	11863-11864	o	
84-10	11865-11866	(	
84-11	11867-11868	a	
84-12	11869-11870	)	
84-13	11871-11878	Relator	
84-14	11879-11880	(	
84-15	11881-11882	a	
84-16	11883-11884	)	
84-17	11885-11886	.	

#Text=DES .
85-1	11887-11890	DES	
85-2	11891-11892	.	

#Text=MANOEL DOS REIS MORAIS Com a devida vênia da e.
86-1	11893-11899	MANOEL	
86-2	11900-11903	DOS	
86-3	11904-11908	REIS	
86-4	11909-11915	MORAIS	
86-5	11916-11919	Com	
86-6	11920-11921	a	
86-7	11922-11928	devida	
86-8	11929-11934	vênia	
86-9	11935-11937	da	
86-10	11938-11939	e	
86-11	11939-11940	.	

#Text=Desª .
87-1	11941-11945	Desª	
87-2	11946-11947	.	

#Text=Relatora , entende-se que no caso não há prejuízo à parte Autora a ensejar a nulidade do processo por ausência de participação do Ministério Público .
88-1	11948-11956	Relatora	
88-2	11957-11958	,	
88-3	11959-11969	entende-se	
88-4	11970-11973	que	
88-5	11974-11976	no	
88-6	11977-11981	caso	
88-7	11982-11985	não	
88-8	11986-11988	há	
88-9	11989-11997	prejuízo	
88-10	11998-11999	à	
88-11	12000-12005	parte	
88-12	12006-12012	Autora	
88-13	12013-12014	a	
88-14	12015-12022	ensejar	
88-15	12023-12024	a	
88-16	12025-12033	nulidade	
88-17	12034-12036	do	
88-18	12037-12045	processo	
88-19	12046-12049	por	
88-20	12050-12058	ausência	
88-21	12059-12061	de	
88-22	12062-12074	participação	
88-23	12075-12077	do	
88-24	12078-12088	Ministério	
88-25	12089-12096	Público	
88-26	12097-12098	.	

#Text=A Apelante está devidamente assistida por sua curadora e representada por advogado , o qual zelou pela defesa de seus interesses .
89-1	12099-12100	A	
89-2	12101-12109	Apelante	
89-3	12110-12114	está	
89-4	12115-12126	devidamente	
89-5	12127-12136	assistida	
89-6	12137-12140	por	
89-7	12141-12144	sua	
89-8	12145-12153	curadora	
89-9	12154-12155	e	
89-10	12156-12168	representada	
89-11	12169-12172	por	
89-12	12173-12181	advogado	
89-13	12182-12183	,	
89-14	12184-12185	o	
89-15	12186-12190	qual	
89-16	12191-12196	zelou	
89-17	12197-12201	pela	
89-18	12202-12208	defesa	
89-19	12209-12211	de	
89-20	12212-12216	seus	
89-21	12217-12227	interesses	
89-22	12228-12229	.	

#Text=A nulidade por ausência de participação do Ministério Público somente deve ser declarada nas hipóteses de constatação de vício que acarrete prejuízo à parte que contaria com a garantia de participação do parquet , ou seja , quando há patente desequilíbrio na relação jurídica que poderia ter sido suprida com a participação ministerial .
90-1	12230-12231	A	
90-2	12232-12240	nulidade	
90-3	12241-12244	por	
90-4	12245-12253	ausência	
90-5	12254-12256	de	
90-6	12257-12269	participação	
90-7	12270-12272	do	
90-8	12273-12283	Ministério	
90-9	12284-12291	Público	
90-10	12292-12299	somente	
90-11	12300-12304	deve	
90-12	12305-12308	ser	
90-13	12309-12318	declarada	
90-14	12319-12322	nas	
90-15	12323-12332	hipóteses	
90-16	12333-12335	de	
90-17	12336-12347	constatação	
90-18	12348-12350	de	
90-19	12351-12356	vício	
90-20	12357-12360	que	
90-21	12361-12369	acarrete	
90-22	12370-12378	prejuízo	
90-23	12379-12380	à	
90-24	12381-12386	parte	
90-25	12387-12390	que	
90-26	12391-12399	contaria	
90-27	12400-12403	com	
90-28	12404-12405	a	
90-29	12406-12414	garantia	
90-30	12415-12417	de	
90-31	12418-12430	participação	
90-32	12431-12433	do	
90-33	12434-12441	parquet	
90-34	12442-12443	,	
90-35	12444-12446	ou	
90-36	12447-12451	seja	
90-37	12452-12453	,	
90-38	12454-12460	quando	
90-39	12461-12463	há	
90-40	12464-12471	patente	
90-41	12472-12485	desequilíbrio	
90-42	12486-12488	na	
90-43	12489-12496	relação	
90-44	12497-12505	jurídica	
90-45	12506-12509	que	
90-46	12510-12517	poderia	
90-47	12518-12521	ter	
90-48	12522-12526	sido	
90-49	12527-12534	suprida	
90-50	12535-12538	com	
90-51	12539-12540	a	
90-52	12541-12553	participação	
90-53	12554-12565	ministerial	
90-54	12566-12567	.	

#Text=Sobre o tema , a orientação do STJ : '' RECURSO ESPECIAL .
91-1	12568-12573	Sobre	
91-2	12574-12575	o	
91-3	12576-12580	tema	
91-4	12581-12582	,	
91-5	12583-12584	a	
91-6	12585-12595	orientação	
91-7	12596-12598	do	
91-8	12599-12602	STJ	
91-9	12603-12604	:	
91-10	12605-12606	'	
91-11	12606-12607	'	
91-12	12608-12615	RECURSO	
91-13	12616-12624	ESPECIAL	
91-14	12625-12626	.	

#Text=PROCESSO CIVIL .
92-1	12627-12635	PROCESSO	
92-2	12636-12641	CIVIL	
92-3	12642-12643	.	

#Text=AÇÃO DE RESCISÃO CONTRATUAL .
93-1	12644-12648	AÇÃO	
93-2	12649-12651	DE	
93-3	12652-12660	RESCISÃO	
93-4	12661-12671	CONTRATUAL	
93-5	12672-12673	.	

#Text=CITAÇÃO EM NOME DE INCAPAZ .
94-1	12674-12681	CITAÇÃO	
94-2	12682-12684	EM	
94-3	12685-12689	NOME	
94-4	12690-12692	DE	
94-5	12693-12700	INCAPAZ	
94-6	12701-12702	.	

#Text=INCAPACIDADE DECLARADA POSTERIORMENTE .
95-1	12703-12715	INCAPACIDADE	
95-2	12716-12725	DECLARADA	
95-3	12726-12740	POSTERIORMENTE	
95-4	12741-12742	.	

#Text=NULIDADE NÃO RECONHECIDA .
96-1	12743-12751	NULIDADE	
96-2	12752-12755	NÃO	
96-3	12756-12767	RECONHECIDA	
96-4	12768-12769	.	

#Text=INTERVENÇÃO DO MP .
97-1	12770-12781	INTERVENÇÃO	
97-2	12782-12784	DO	
97-3	12785-12787	MP	
97-4	12788-12789	.	

#Text=NULIDADE .
98-1	12790-12798	NULIDADE	
98-2	12799-12800	.	

#Text=NECESSIDADE DE DEMONSTRAÇÃO DO PREJUÍZO .
99-1	12801-12812	NECESSIDADE	
99-2	12813-12815	DE	
99-3	12816-12828	DEMONSTRAÇÃO	
99-4	12829-12831	DO	
99-5	12832-12840	PREJUÍZO	
99-6	12841-12842	.	

#Text=ESTATUTO DA PESSOA COM DEFICIÊNCIA .
100-1	12843-12851	ESTATUTO	
100-2	12852-12854	DA	
100-3	12855-12861	PESSOA	
100-4	12862-12865	COM	
100-5	12866-12877	DEFICIÊNCIA	
100-6	12878-12879	.	

#Text=LEI N . 13.146/2015 .
101-1	12880-12883	LEI	
101-2	12884-12885	N	
101-3	12886-12887	.	
101-4	12888-12894	13.146	
101-5	12894-12895	/	
101-6	12895-12899	2015	
101-7	12900-12901	.	

#Text=DISSOCIAÇÃO ENTRE TRANSTORNO MENTAL E INCAPACIDADE .
#Text=( ... ) .
#Text=4 .
102-1	12902-12913	DISSOCIAÇÃO	
102-2	12914-12919	ENTRE	
102-3	12920-12930	TRANSTORNO	
102-4	12931-12937	MENTAL	
102-5	12938-12939	E	
102-6	12940-12952	INCAPACIDADE	
102-7	12953-12954	.	
102-8	12955-12956	(	
102-9	12957-12958	.	
102-10	12958-12959	.	
102-11	12959-12960	.	
102-12	12961-12962	)	
102-13	12963-12964	.	
102-14	12965-12966	4	
102-15	12967-12968	.	

#Text=A intervenção do Ministério Público , nos processos que envolvam interesse de incapaz , se motiva e , ao mesmo tempo , se justifica na possibilidade de desequilíbrio da relação jurídica e no eventual comprometimento do contraditório em função da existência da parte vulnerável .
#Text=5 .
103-1	12969-12970	A	
103-2	12971-12982	intervenção	
103-3	12983-12985	do	
103-4	12986-12996	Ministério	
103-5	12997-13004	Público	
103-6	13005-13006	,	
103-7	13007-13010	nos	
103-8	13011-13020	processos	
103-9	13021-13024	que	
103-10	13025-13033	envolvam	
103-11	13034-13043	interesse	
103-12	13044-13046	de	
103-13	13047-13054	incapaz	
103-14	13055-13056	,	
103-15	13057-13059	se	
103-16	13060-13066	motiva	
103-17	13067-13068	e	
103-18	13069-13070	,	
103-19	13071-13073	ao	
103-20	13074-13079	mesmo	
103-21	13080-13085	tempo	
103-22	13086-13087	,	
103-23	13088-13090	se	
103-24	13091-13100	justifica	
103-25	13101-13103	na	
103-26	13104-13117	possibilidade	
103-27	13118-13120	de	
103-28	13121-13134	desequilíbrio	
103-29	13135-13137	da	
103-30	13138-13145	relação	
103-31	13146-13154	jurídica	
103-32	13155-13156	e	
103-33	13157-13159	no	
103-34	13160-13168	eventual	
103-35	13169-13184	comprometimento	
103-36	13185-13187	do	
103-37	13188-13201	contraditório	
103-38	13202-13204	em	
103-39	13205-13211	função	
103-40	13212-13214	da	
103-41	13215-13225	existência	
103-42	13226-13228	da	
103-43	13229-13234	parte	
103-44	13235-13245	vulnerável	
103-45	13246-13247	.	
103-46	13248-13249	5	
103-47	13250-13251	.	

#Text=A ausência da intimação do Ministério Público , quando necessária sua intervenção , por si só , não enseja a decretação de nulidade do julgado , sendo necessária a demonstração do efetivo prejuízo para as partes ou para a apuração da verdade substancial da controvérsia jurídica , à luz do princípio pas de nullité sans grief .
#Text=( ... ) .
#Text=10 .
104-1	13252-13253	A	
104-2	13254-13262	ausência	
104-3	13263-13265	da	
104-4	13266-13275	intimação	
104-5	13276-13278	do	
104-6	13279-13289	Ministério	
104-7	13290-13297	Público	
104-8	13298-13299	,	
104-9	13300-13306	quando	
104-10	13307-13317	necessária	
104-11	13318-13321	sua	
104-12	13322-13333	intervenção	
104-13	13334-13335	,	
104-14	13336-13339	por	
104-15	13340-13342	si	
104-16	13343-13345	só	
104-17	13346-13347	,	
104-18	13348-13351	não	
104-19	13352-13358	enseja	
104-20	13359-13360	a	
104-21	13361-13371	decretação	
104-22	13372-13374	de	
104-23	13375-13383	nulidade	
104-24	13384-13386	do	
104-25	13387-13394	julgado	
104-26	13395-13396	,	
104-27	13397-13402	sendo	
104-28	13403-13413	necessária	
104-29	13414-13415	a	
104-30	13416-13428	demonstração	
104-31	13429-13431	do	
104-32	13432-13439	efetivo	
104-33	13440-13448	prejuízo	
104-34	13449-13453	para	
104-35	13454-13456	as	
104-36	13457-13463	partes	
104-37	13464-13466	ou	
104-38	13467-13471	para	
104-39	13472-13473	a	
104-40	13474-13482	apuração	
104-41	13483-13485	da	
104-42	13486-13493	verdade	
104-43	13494-13505	substancial	
104-44	13506-13508	da	
104-45	13509-13521	controvérsia	
104-46	13522-13530	jurídica	
104-47	13531-13532	,	
104-48	13533-13534	à	
104-49	13535-13538	luz	
104-50	13539-13541	do	
104-51	13542-13551	princípio	
104-52	13552-13555	pas	
104-53	13556-13558	de	
104-54	13559-13566	nullité	
104-55	13567-13571	sans	
104-56	13572-13577	grief	
104-57	13578-13579	.	
104-58	13580-13581	(	
104-59	13582-13583	.	
104-60	13583-13584	.	
104-61	13584-13585	.	
104-62	13586-13587	)	
104-63	13588-13589	.	
104-64	13590-13592	10	
104-65	13593-13594	.	

#Text=Recurso especial a que se nega provimento .
#Text=( STJ .
105-1	13595-13602	Recurso	
105-2	13603-13611	especial	
105-3	13612-13613	a	
105-4	13614-13617	que	
105-5	13618-13620	se	
105-6	13621-13625	nega	
105-7	13626-13636	provimento	
105-8	13637-13638	.	
105-9	13639-13640	(	
105-10	13641-13644	STJ	
105-11	13645-13646	.	

#Text=REsp n . 1694984/MS , Rel .
106-1	13647-13651	REsp	
106-2	13652-13653	n	
106-3	13654-13655	.	
106-4	13656-13663	1694984	
106-5	13663-13664	/	
106-6	13664-13666	MS	
106-7	13667-13668	,	
106-8	13669-13672	Rel	
106-9	13673-13674	.	

#Text=Ministro LUIS FELIPE SALOMÃO , QUARTA TURMA , julgado em 14/11/2017 , DJe 01/02/2018 ) . ''
#Text=`` PROCESSUAL CIVIL .
107-1	13675-13683	Ministro	
107-2	13684-13688	LUIS	
107-3	13689-13695	FELIPE	
107-4	13696-13703	SALOMÃO	
107-5	13704-13705	,	
107-6	13706-13712	QUARTA	
107-7	13713-13718	TURMA	
107-8	13719-13720	,	
107-9	13721-13728	julgado	
107-10	13729-13731	em	
107-11	13732-13734	14	
107-12	13734-13735	/	
107-13	13735-13737	11	
107-14	13737-13738	/	
107-15	13738-13742	2017	
107-16	13743-13744	,	
107-17	13745-13748	DJe	
107-18	13749-13751	01	
107-19	13751-13752	/	
107-20	13752-13754	02	
107-21	13754-13755	/	
107-22	13755-13759	2018	
107-23	13760-13761	)	
107-24	13762-13763	.	
107-25	13764-13765	'	
107-26	13765-13766	'	
107-27	13767-13768	`	
107-28	13768-13769	`	
107-29	13770-13780	PROCESSUAL	
107-30	13781-13786	CIVIL	
107-31	13787-13788	.	

#Text=AGRAVO REGIMENTAL NO RECURSO ESPECIAL .
108-1	13789-13795	AGRAVO	
108-2	13796-13806	REGIMENTAL	
108-3	13807-13809	NO	
108-4	13810-13817	RECURSO	
108-5	13818-13826	ESPECIAL	
108-6	13827-13828	.	

#Text=AÇÃO POPULAR .
109-1	13829-13833	AÇÃO	
109-2	13834-13841	POPULAR	
109-3	13842-13843	.	

#Text=INTIMAÇÃO .
110-1	13844-13853	INTIMAÇÃO	
110-2	13854-13855	.	

#Text=OBRIGATORIEDADE .
111-1	13856-13871	OBRIGATORIEDADE	
111-2	13872-13873	.	

#Text=NULIDADE .
112-1	13874-13882	NULIDADE	
112-2	13883-13884	.	

#Text=INOCORRÊNCIA .
113-1	13885-13897	INOCORRÊNCIA	
113-2	13898-13899	.	

#Text=DECISÃO EM CONFORMIDADE COM A ORIENTAÇÃO JURISPRUDENCIAL DESTA CORTE .
#Text=1 .
114-1	13900-13907	DECISÃO	
114-2	13908-13910	EM	
114-3	13911-13923	CONFORMIDADE	
114-4	13924-13927	COM	
114-5	13928-13929	A	
114-6	13930-13940	ORIENTAÇÃO	
114-7	13941-13956	JURISPRUDENCIAL	
114-8	13957-13962	DESTA	
114-9	13963-13968	CORTE	
114-10	13969-13970	.	
114-11	13971-13972	1	
114-12	13973-13974	.	

#Text=A decisão impugnada merece confirmação , na medida em que a jurisprudência deste Superior Tribunal de Justiça ja sedimentou no sentido de que a ausência de intimação do Ministério Público , por si só , não gera nulidade do julgado , a não ser que se constate `` efetivo prejuízo para as partes ou para apuração ou para apuração da verdade substancial da controvérsia jurídica , à luz do princípio pas de nullités sans grief '' ( AgRg em RESp n.º 426.672/RJ , Ministro Herman Benjamin , Publicado em 05/06/2014 ) , hipótese inocorrente no caso dos autos .
#Text=( ... ) .
#Text=3 .
115-1	13975-13976	A	
115-2	13977-13984	decisão	
115-3	13985-13994	impugnada	
115-4	13995-14001	merece	
115-5	14002-14013	confirmação	
115-6	14014-14015	,	
115-7	14016-14018	na	
115-8	14019-14025	medida	
115-9	14026-14028	em	
115-10	14029-14032	que	
115-11	14033-14034	a	
115-12	14035-14049	jurisprudência	
115-13	14050-14055	deste	
115-14	14056-14064	Superior	
115-15	14065-14073	Tribunal	
115-16	14074-14076	de	
115-17	14077-14084	Justiça	
115-18	14085-14087	ja	
115-19	14088-14098	sedimentou	
115-20	14099-14101	no	
115-21	14102-14109	sentido	
115-22	14110-14112	de	
115-23	14113-14116	que	
115-24	14117-14118	a	
115-25	14119-14127	ausência	
115-26	14128-14130	de	
115-27	14131-14140	intimação	
115-28	14141-14143	do	
115-29	14144-14154	Ministério	
115-30	14155-14162	Público	
115-31	14163-14164	,	
115-32	14165-14168	por	
115-33	14169-14171	si	
115-34	14172-14174	só	
115-35	14175-14176	,	
115-36	14177-14180	não	
115-37	14181-14185	gera	
115-38	14186-14194	nulidade	
115-39	14195-14197	do	
115-40	14198-14205	julgado	
115-41	14206-14207	,	
115-42	14208-14209	a	
115-43	14210-14213	não	
115-44	14214-14217	ser	
115-45	14218-14221	que	
115-46	14222-14224	se	
115-47	14225-14233	constate	
115-48	14234-14235	`	
115-49	14235-14236	`	
115-50	14237-14244	efetivo	
115-51	14245-14253	prejuízo	
115-52	14254-14258	para	
115-53	14259-14261	as	
115-54	14262-14268	partes	
115-55	14269-14271	ou	
115-56	14272-14276	para	
115-57	14277-14285	apuração	
115-58	14286-14288	ou	
115-59	14289-14293	para	
115-60	14294-14302	apuração	
115-61	14303-14305	da	
115-62	14306-14313	verdade	
115-63	14314-14325	substancial	
115-64	14326-14328	da	
115-65	14329-14341	controvérsia	
115-66	14342-14350	jurídica	
115-67	14351-14352	,	
115-68	14353-14354	à	
115-69	14355-14358	luz	
115-70	14359-14361	do	
115-71	14362-14371	princípio	
115-72	14372-14375	pas	
115-73	14376-14378	de	
115-74	14379-14387	nullités	
115-75	14388-14392	sans	
115-76	14393-14398	grief	
115-77	14399-14400	'	
115-78	14400-14401	'	
115-79	14402-14403	(	
115-80	14404-14408	AgRg	
115-81	14409-14411	em	
115-82	14412-14416	RESp	
115-83	14417-14420	n.º	
115-84	14421-14428	426.672	
115-85	14428-14429	/	
115-86	14429-14431	RJ	
115-87	14432-14433	,	
115-88	14434-14442	Ministro	
115-89	14443-14449	Herman	
115-90	14450-14458	Benjamin	
115-91	14459-14460	,	
115-92	14461-14470	Publicado	
115-93	14471-14473	em	
115-94	14474-14476	05	
115-95	14476-14477	/	
115-96	14477-14479	06	
115-97	14479-14480	/	
115-98	14480-14484	2014	
115-99	14485-14486	)	
115-100	14487-14488	,	
115-101	14489-14497	hipótese	
115-102	14498-14509	inocorrente	
115-103	14510-14512	no	
115-104	14513-14517	caso	
115-105	14518-14521	dos	
115-106	14522-14527	autos	
115-107	14528-14529	.	
115-108	14530-14531	(	
115-109	14532-14533	.	
115-110	14533-14534	.	
115-111	14534-14535	.	
115-112	14536-14537	)	
115-113	14538-14539	.	
115-114	14540-14541	3	
115-115	14542-14543	.	

#Text=Agravo regimental desprovido .
#Text=( STJ .
116-1	14544-14550	Agravo	
116-2	14551-14561	regimental	
116-3	14562-14572	desprovido	
116-4	14573-14574	.	
116-5	14575-14576	(	
116-6	14577-14580	STJ	
116-7	14581-14582	.	

#Text=AgRg no REsp 1319821/PB , Rel .
117-1	14583-14587	AgRg	
117-2	14588-14590	no	
117-3	14591-14595	REsp	
117-4	14596-14603	1319821	
117-5	14603-14604	/	
117-6	14604-14606	PB	
117-7	14607-14608	,	
117-8	14609-14612	Rel	
117-9	14613-14614	.	

#Text=Ministra MARGA TESSLER ( JUÍZA FEDERAL CONVOCADA DO TRF 4ª REGIÃO ) , PRIMEIRA TURMA , julgado em 09/12/2014 , DJe 16/12/2014 ) . ''
#Text=`` PROCESSUAL CIVIL .
118-1	14615-14623	Ministra	
118-2	14624-14629	MARGA	
118-3	14630-14637	TESSLER	
118-4	14638-14639	(	
118-5	14640-14645	JUÍZA	
118-6	14646-14653	FEDERAL	
118-7	14654-14663	CONVOCADA	
118-8	14664-14666	DO	
118-9	14667-14670	TRF	
118-10	14671-14673	4ª	
118-11	14674-14680	REGIÃO	
118-12	14681-14682	)	
118-13	14683-14684	,	
118-14	14685-14693	PRIMEIRA	
118-15	14694-14699	TURMA	
118-16	14700-14701	,	
118-17	14702-14709	julgado	
118-18	14710-14712	em	
118-19	14713-14715	09	
118-20	14715-14716	/	
118-21	14716-14718	12	
118-22	14718-14719	/	
118-23	14719-14723	2014	
118-24	14724-14725	,	
118-25	14726-14729	DJe	
118-26	14730-14732	16	
118-27	14732-14733	/	
118-28	14733-14735	12	
118-29	14735-14736	/	
118-30	14736-14740	2014	
118-31	14741-14742	)	
118-32	14743-14744	.	
118-33	14745-14746	'	
118-34	14746-14747	'	
118-35	14748-14749	`	
118-36	14749-14750	`	
118-37	14751-14761	PROCESSUAL	
118-38	14762-14767	CIVIL	
118-39	14768-14769	.	

#Text=AÇÃO DE INDENIZAÇÃO .
119-1	14770-14774	AÇÃO	
119-2	14775-14777	DE	
119-3	14778-14789	INDENIZAÇÃO	
119-4	14790-14791	.	

#Text=INTERESSE DE MENOR .
120-1	14792-14801	INTERESSE	
120-2	14802-14804	DE	
120-3	14805-14810	MENOR	
120-4	14811-14812	.	

#Text=INTERVENÇÃO DO MINISTÉRIO PÚBLICO .
121-1	14813-14824	INTERVENÇÃO	
121-2	14825-14827	DO	
121-3	14828-14838	MINISTÉRIO	
121-4	14839-14846	PÚBLICO	
121-5	14847-14848	.	

#Text=AUSÊNCIA DE PREJUÍZO .
122-1	14849-14857	AUSÊNCIA	
122-2	14858-14860	DE	
122-3	14861-14869	PREJUÍZO	
122-4	14870-14871	.	

#Text=CPC , ARTS .
#Text=82 , I , 84 E 246 .
#Text=1 .
123-1	14872-14875	CPC	
123-2	14876-14877	,	
123-3	14878-14882	ARTS	
123-4	14883-14884	.	
123-5	14885-14887	82	
123-6	14888-14889	,	
123-7	14890-14891	I	
123-8	14892-14893	,	
123-9	14894-14896	84	
123-10	14897-14898	E	
123-11	14899-14902	246	
123-12	14903-14904	.	
123-13	14905-14906	1	
123-14	14907-14908	.	

#Text=Esta Corte já se posicionou na linha da necessidade de demonstração de prejuízo , para que seja acolhida a nulidade por falta de intimação do Ministério Público , em razão da existência de interesse de incapaz .
#Text=2 .
124-1	14909-14913	Esta	
124-2	14914-14919	Corte	
124-3	14920-14922	já	
124-4	14923-14925	se	
124-5	14926-14936	posicionou	
124-6	14937-14939	na	
124-7	14940-14945	linha	
124-8	14946-14948	da	
124-9	14949-14960	necessidade	
124-10	14961-14963	de	
124-11	14964-14976	demonstração	
124-12	14977-14979	de	
124-13	14980-14988	prejuízo	
124-14	14989-14990	,	
124-15	14991-14995	para	
124-16	14996-14999	que	
124-17	15000-15004	seja	
124-18	15005-15013	acolhida	
124-19	15014-15015	a	
124-20	15016-15024	nulidade	
124-21	15025-15028	por	
124-22	15029-15034	falta	
124-23	15035-15037	de	
124-24	15038-15047	intimação	
124-25	15048-15050	do	
124-26	15051-15061	Ministério	
124-27	15062-15069	Público	
124-28	15070-15071	,	
124-29	15072-15074	em	
124-30	15075-15080	razão	
124-31	15081-15083	da	
124-32	15084-15094	existência	
124-33	15095-15097	de	
124-34	15098-15107	interesse	
124-35	15108-15110	de	
124-36	15111-15118	incapaz	
124-37	15119-15120	.	
124-38	15121-15122	2	
124-39	15123-15124	.	

#Text=Embargos de declaração rejeitados . ''
#Text=( STJ .
125-1	15125-15133	Embargos	
125-2	15134-15136	de	
125-3	15137-15147	declaração	
125-4	15148-15158	rejeitados	
125-5	15159-15160	.	
125-6	15161-15162	'	
125-7	15162-15163	'	
125-8	15164-15165	(	
125-9	15166-15169	STJ	
125-10	15170-15171	.	

#Text=EDcl no REsp 449407/PR , relator o Ministro Mauro Campbell Marques , DJe de 25/11/08 ) Saliente-se que apenas o fato da `` improcedência do pedido '' não configura prejuízo a ensejar a nulidade do processo No caso , a improcedência do pedido da Apelante decorreu da ausência de provas de que o atraso na entrega da `` carteira de saúde '' teria impedido que ela fosse atendida pelo médico cardiologista , conforme assinalado em sua inicial .
126-1	15172-15176	EDcl	
126-2	15177-15179	no	
126-3	15180-15184	REsp	
126-4	15185-15191	449407	
126-5	15191-15192	/	
126-6	15192-15194	PR	
126-7	15195-15196	,	
126-8	15197-15204	relator	
126-9	15205-15206	o	
126-10	15207-15215	Ministro	
126-11	15216-15221	Mauro	
126-12	15222-15230	Campbell	
126-13	15231-15238	Marques	
126-14	15239-15240	,	
126-15	15241-15244	DJe	
126-16	15245-15247	de	
126-17	15248-15250	25	
126-18	15250-15251	/	
126-19	15251-15253	11	
126-20	15253-15254	/	
126-21	15254-15256	08	
126-22	15257-15258	)	
126-23	15259-15270	Saliente-se	
126-24	15271-15274	que	
126-25	15275-15281	apenas	
126-26	15282-15283	o	
126-27	15284-15288	fato	
126-28	15289-15291	da	
126-29	15292-15293	`	
126-30	15293-15294	`	
126-31	15295-15308	improcedência	
126-32	15309-15311	do	
126-33	15312-15318	pedido	
126-34	15319-15320	'	
126-35	15320-15321	'	
126-36	15322-15325	não	
126-37	15326-15335	configura	
126-38	15336-15344	prejuízo	
126-39	15345-15346	a	
126-40	15347-15354	ensejar	
126-41	15355-15356	a	
126-42	15357-15365	nulidade	
126-43	15366-15368	do	
126-44	15369-15377	processo	
126-45	15378-15380	No	
126-46	15381-15385	caso	
126-47	15386-15387	,	
126-48	15388-15389	a	
126-49	15390-15403	improcedência	
126-50	15404-15406	do	
126-51	15407-15413	pedido	
126-52	15414-15416	da	
126-53	15417-15425	Apelante	
126-54	15426-15434	decorreu	
126-55	15435-15437	da	
126-56	15438-15446	ausência	
126-57	15447-15449	de	
126-58	15450-15456	provas	
126-59	15457-15459	de	
126-60	15460-15463	que	
126-61	15464-15465	o	
126-62	15466-15472	atraso	
126-63	15473-15475	na	
126-64	15476-15483	entrega	
126-65	15484-15486	da	
126-66	15487-15488	`	
126-67	15488-15489	`	
126-68	15490-15498	carteira	
126-69	15499-15501	de	
126-70	15502-15507	saúde	
126-71	15508-15509	'	
126-72	15509-15510	'	
126-73	15511-15516	teria	
126-74	15517-15525	impedido	
126-75	15526-15529	que	
126-76	15530-15533	ela	
126-77	15534-15539	fosse	
126-78	15540-15548	atendida	
126-79	15549-15553	pelo	
126-80	15554-15560	médico	
126-81	15561-15574	cardiologista	
126-82	15575-15576	,	
126-83	15577-15585	conforme	
126-84	15586-15596	assinalado	
126-85	15597-15599	em	
126-86	15600-15603	sua	
126-87	15604-15611	inicial	
126-88	15612-15613	.	

#Text=Inexistem provas de que realmente havia consulta marcada em nome da Apelante para o dia 03.10.2013 .
127-1	15614-15623	Inexistem	
127-2	15624-15630	provas	
127-3	15631-15633	de	
127-4	15634-15637	que	
127-5	15638-15647	realmente	
127-6	15648-15653	havia	
127-7	15654-15662	consulta	
127-8	15663-15670	marcada	
127-9	15671-15673	em	
127-10	15674-15678	nome	
127-11	15679-15681	da	
127-12	15682-15690	Apelante	
127-13	15691-15695	para	
127-14	15696-15697	o	
127-15	15698-15701	dia	
127-16	15702-15712	03.10.2013	
127-17	15713-15714	.	

#Text=Demais disso , como sustentado pela Apelada , a ausência da carteira não impediria seu atendimento , posto que a Apelante poderia ter entrado em contato telefônico com a central , informando o número de seu CPF para obtenção do número da carteira o que , à toda evidência , permitiria seu atendimento .
128-1	15715-15721	Demais	
128-2	15722-15727	disso	
128-3	15728-15729	,	
128-4	15730-15734	como	
128-5	15735-15745	sustentado	
128-6	15746-15750	pela	
128-7	15751-15758	Apelada	
128-8	15759-15760	,	
128-9	15761-15762	a	
128-10	15763-15771	ausência	
128-11	15772-15774	da	
128-12	15775-15783	carteira	
128-13	15784-15787	não	
128-14	15788-15797	impediria	
128-15	15798-15801	seu	
128-16	15802-15813	atendimento	
128-17	15814-15815	,	
128-18	15816-15821	posto	
128-19	15822-15825	que	
128-20	15826-15827	a	
128-21	15828-15836	Apelante	
128-22	15837-15844	poderia	
128-23	15845-15848	ter	
128-24	15849-15856	entrado	
128-25	15857-15859	em	
128-26	15860-15867	contato	
128-27	15868-15878	telefônico	
128-28	15879-15882	com	
128-29	15883-15884	a	
128-30	15885-15892	central	
128-31	15893-15894	,	
128-32	15895-15905	informando	
128-33	15906-15907	o	
128-34	15908-15914	número	
128-35	15915-15917	de	
128-36	15918-15921	seu	
128-37	15922-15925	CPF	
128-38	15926-15930	para	
128-39	15931-15939	obtenção	
128-40	15940-15942	do	
128-41	15943-15949	número	
128-42	15950-15952	da	
128-43	15953-15961	carteira	
128-44	15962-15963	o	
128-45	15964-15967	que	
128-46	15968-15969	,	
128-47	15970-15971	à	
128-48	15972-15976	toda	
128-49	15977-15986	evidência	
128-50	15987-15988	,	
128-51	15989-15999	permitiria	
128-52	16000-16003	seu	
128-53	16004-16015	atendimento	
128-54	16016-16017	.	

#Text=Dessa forma , a ausência de prova dos fatos constitutivos do direito da parte Autora leva , como de fato conduziu , indubitavelmente , à improcedência da pretensão reparatória .
129-1	16018-16023	Dessa	
129-2	16024-16029	forma	
129-3	16030-16031	,	
129-4	16032-16033	a	
129-5	16034-16042	ausência	
129-6	16043-16045	de	
129-7	16046-16051	prova	
129-8	16052-16055	dos	
129-9	16056-16061	fatos	
129-10	16062-16075	constitutivos	
129-11	16076-16078	do	
129-12	16079-16086	direito	
129-13	16087-16089	da	
129-14	16090-16095	parte	
129-15	16096-16102	Autora	
129-16	16103-16107	leva	
129-17	16108-16109	,	
129-18	16110-16114	como	
129-19	16115-16117	de	
129-20	16118-16122	fato	
129-21	16123-16131	conduziu	
129-22	16132-16133	,	
129-23	16134-16150	indubitavelmente	
129-24	16151-16152	,	
129-25	16153-16154	à	
129-26	16155-16168	improcedência	
129-27	16169-16171	da	
129-28	16172-16181	pretensão	
129-29	16182-16193	reparatória	
129-30	16194-16195	.	

#Text=Logo , não há que se falar em nulidade ou reforma da sentença , que deve ser mantida por seus próprios e jurídicos fundamentos .
130-1	16196-16200	Logo	
130-2	16201-16202	,	
130-3	16203-16206	não	
130-4	16207-16209	há	
130-5	16210-16213	que	
130-6	16214-16216	se	
130-7	16217-16222	falar	
130-8	16223-16225	em	
130-9	16226-16234	nulidade	
130-10	16235-16237	ou	
130-11	16238-16245	reforma	
130-12	16246-16248	da	
130-13	16249-16257	sentença	
130-14	16258-16259	,	
130-15	16260-16263	que	
130-16	16264-16268	deve	
130-17	16269-16272	ser	
130-18	16273-16280	mantida	
130-19	16281-16284	por	
130-20	16285-16289	seus	
130-21	16290-16298	próprios	
130-22	16299-16300	e	
130-23	16301-16310	jurídicos	
130-24	16311-16322	fundamentos	
130-25	16323-16324	.	

#Text=Diante do exposto , nega-se provimento ao recurso .
131-1	16325-16331	Diante	
131-2	16332-16334	do	
131-3	16335-16342	exposto	
131-4	16343-16344	,	
131-5	16345-16352	nega-se	
131-6	16353-16363	provimento	
131-7	16364-16366	ao	
131-8	16367-16374	recurso	
131-9	16375-16376	.	

#Text=Custas , pela Apelante , suspensa a exigibilidade por força da gratuidade judiciária concedida em primeira instância .
132-1	16377-16383	Custas	
132-2	16384-16385	,	
132-3	16386-16390	pela	
132-4	16391-16399	Apelante	
132-5	16400-16401	,	
132-6	16402-16410	suspensa	
132-7	16411-16412	a	
132-8	16413-16426	exigibilidade	
132-9	16427-16430	por	
132-10	16431-16436	força	
132-11	16437-16439	da	
132-12	16440-16450	gratuidade	
132-13	16451-16461	judiciária	
132-14	16462-16471	concedida	
132-15	16472-16474	em	
132-16	16475-16483	primeira	
132-17	16484-16493	instância	
132-18	16494-16495	.	

#Text=Por força do § 11 do art . 85 do CPC/15 , majora-se a verba honorária imposta à Apelante para 12 % ( doze por cento ) sobre o valor da causa , mantida a suspensão de exigibilidade do referido encargo .
133-1	16496-16499	Por	
133-2	16500-16505	força	
133-3	16506-16508	do	
133-4	16509-16510	§	
133-5	16511-16513	11	
133-6	16514-16516	do	
133-7	16517-16520	art	
133-8	16521-16522	.	
133-9	16523-16525	85	
133-10	16526-16528	do	
133-11	16529-16532	CPC	
133-12	16532-16533	/	
133-13	16533-16535	15	
133-14	16536-16537	,	
133-15	16538-16547	majora-se	
133-16	16548-16549	a	
133-17	16550-16555	verba	
133-18	16556-16565	honorária	
133-19	16566-16573	imposta	
133-20	16574-16575	à	
133-21	16576-16584	Apelante	
133-22	16585-16589	para	
133-23	16590-16592	12	
133-24	16593-16594	%	
133-25	16595-16596	(	
133-26	16597-16601	doze	
133-27	16602-16605	por	
133-28	16606-16611	cento	
133-29	16612-16613	)	
133-30	16614-16619	sobre	
133-31	16620-16621	o	
133-32	16622-16627	valor	
133-33	16628-16630	da	
133-34	16631-16636	causa	
133-35	16637-16638	,	
133-36	16639-16646	mantida	
133-37	16647-16648	a	
133-38	16649-16658	suspensão	
133-39	16659-16661	de	
133-40	16662-16675	exigibilidade	
133-41	16676-16678	do	
133-42	16679-16687	referido	
133-43	16688-16695	encargo	
133-44	16696-16697	.	

#Text=É como se vota .
134-1	16698-16699	É	
134-2	16700-16704	como	
134-3	16705-16707	se	
134-4	16708-16712	vota	
134-5	16713-16714	.	

#Text=DES .
135-1	16715-16718	DES	
135-2	16719-16720	.	

#Text=CLARET DE MORAES - De acordo com o ( a ) Relator ( a ) .
136-1	16721-16727	CLARET	
136-2	16728-16730	DE	
136-3	16731-16737	MORAES	
136-4	16738-16739	-	
136-5	16740-16742	De	
136-6	16743-16749	acordo	
136-7	16750-16753	com	
136-8	16754-16755	o	
136-9	16756-16757	(	
136-10	16758-16759	a	
136-11	16760-16761	)	
136-12	16762-16769	Relator	
136-13	16770-16771	(	
136-14	16772-16773	a	
136-15	16774-16775	)	
136-16	16776-16777	.	

#Text=DES .
137-1	16778-16781	DES	
137-2	16782-16783	.	

#Text=ÁLVARES CABRAL DA SILVA - De acordo com o ( a ) Relator ( a ) .
138-1	16784-16791	ÁLVARES	
138-2	16792-16798	CABRAL	
138-3	16799-16801	DA	
138-4	16802-16807	SILVA	
138-5	16808-16809	-	
138-6	16810-16812	De	
138-7	16813-16819	acordo	
138-8	16820-16823	com	
138-9	16824-16825	o	
138-10	16826-16827	(	
138-11	16828-16829	a	
138-12	16830-16831	)	
138-13	16832-16839	Relator	
138-14	16840-16841	(	
138-15	16842-16843	a	
138-16	16844-16845	)	
138-17	16846-16847	.	

#Text=SÚMULA : `` ACOLHERAM A PRELIMINAR DE NULIDADE DO FEITO ARGUIDA PELO MINISTÉRIO PÚBLICO .
139-1	16848-16854	SÚMULA	
139-2	16855-16856	:	
139-3	16857-16858	`	
139-4	16858-16859	`	
139-5	16860-16869	ACOLHERAM	
139-6	16870-16871	A	
139-7	16872-16882	PRELIMINAR	
139-8	16883-16885	DE	
139-9	16886-16894	NULIDADE	
139-10	16895-16897	DO	
139-11	16898-16903	FEITO	
139-12	16904-16911	ARGUIDA	
139-13	16912-16916	PELO	
139-14	16917-16927	MINISTÉRIO	
139-15	16928-16935	PÚBLICO	
139-16	16936-16937	.	

#Text=CASSARAM A SENTENÇA , PARA PERMITIR A INTERVENÇÃO DO REPRESENTANTE DO PARQUET EM PRIMEIRO GRAU , VENCIDO O SEGUNDO VOGAL . ''
140-1	16938-16946	CASSARAM	
140-2	16947-16948	A	
140-3	16949-16957	SENTENÇA	
140-4	16958-16959	,	
140-5	16960-16964	PARA	
140-6	16965-16973	PERMITIR	
140-7	16974-16975	A	
140-8	16976-16987	INTERVENÇÃO	
140-9	16988-16990	DO	
140-10	16991-17004	REPRESENTANTE	
140-11	17005-17007	DO	
140-12	17008-17015	PARQUET	
140-13	17016-17018	EM	
140-14	17019-17027	PRIMEIRO	
140-15	17028-17032	GRAU	
140-16	17033-17034	,	
140-17	17035-17042	VENCIDO	
140-18	17043-17044	O	
140-19	17045-17052	SEGUNDO	
140-20	17053-17058	VOGAL	
140-21	17059-17060	.	
140-22	17061-17062	'	
140-23	17062-17063	'	
