<?xml version="1.0" encoding="UTF-8"?>
<typeSystemDescription xmlns="http://uima.apache.org/resourceSpecifier">
        
    <types>
                
        <typeDescription>
                        
            <name>de.tudarmstadt.ukp.dkpro.core.api.coref.type.CoreferenceChain</name>
                        
            <description>Marks the beginning of a chain.</description>
                        
            <supertypeName>uima.cas.AnnotationBase</supertypeName>
                        
            <features>
                                
                <featureDescription>
                                        
                    <name>first</name>
                                        
                    <description>This is the first corefernce link in coreference chain</description>
                                        
                    <rangeTypeName>de.tudarmstadt.ukp.dkpro.core.api.coref.type.CoreferenceLink</rangeTypeName>
                                    
                </featureDescription>
                            
            </features>
                    
        </typeDescription>
                
        <typeDescription>
                        
            <name>de.tudarmstadt.ukp.dkpro.core.api.coref.type.CoreferenceLink</name>
                        
            <description>A link in the coreference chain.</description>
                        
            <supertypeName>uima.tcas.Annotation</supertypeName>
                        
            <features>
                                
                <featureDescription>
                                        
                    <name>next</name>
                                        
                    <description>If there is one, it is the next coreference link to the current coreference link</description>
                                        
                    <rangeTypeName>de.tudarmstadt.ukp.dkpro.core.api.coref.type.CoreferenceLink</rangeTypeName>
                                    
                </featureDescription>
                                
                <featureDescription>
                                        
                    <name>referenceType</name>
                                        
                    <description>The role or type which the covered text has in the coreference chain.</description>
                                        
                    <rangeTypeName>uima.cas.String</rangeTypeName>
                                    
                </featureDescription>
                                
                <featureDescription>
                                        
                    <name>referenceRelation</name>
                                        
                    <description>The type of relation between this link and the next link in the chain.</description>
                                        
                    <rangeTypeName>uima.cas.String</rangeTypeName>
                                    
                </featureDescription>
                            
            </features>
                    
        </typeDescription>
                
        <typeDescription>
                        
            <name>de.tudarmstadt.ukp.dkpro.core.api.lexmorph.type.morph.MorphologicalFeatures</name>
                        
            <description>Morphological categories that can be attached to tokens.

The features are supposed to match the Universal Dependency v1 features.</description>
                        
            <supertypeName>uima.tcas.Annotation</supertypeName>
                        
            <features>
                                
                <featureDescription>
                                        
                    <name>gender</name>
                                        
                    <description/>
                                        
                    <rangeTypeName>uima.cas.String</rangeTypeName>
                                    
                </featureDescription>
                                
                <featureDescription>
                                        
                    <name>number</name>
                                        
                    <description>Singular/plural</description>
                                        
                    <rangeTypeName>uima.cas.String</rangeTypeName>
                                    
                </featureDescription>
                                
                <featureDescription>
                                        
                    <name>case</name>
                                        
                    <description>Nouns: nominative, genetiv, dative, ...</description>
                                        
                    <rangeTypeName>uima.cas.String</rangeTypeName>
                                    
                </featureDescription>
                                
                <featureDescription>
                                        
                    <name>degree</name>
                                        
                    <description>Adjectives: comparative/Superlative</description>
                                        
                    <rangeTypeName>uima.cas.String</rangeTypeName>
                                    
                </featureDescription>
                                
                <featureDescription>
                                        
                    <name>verbForm</name>
                                        
                    <description/>
                                        
                    <rangeTypeName>uima.cas.String</rangeTypeName>
                                    
                </featureDescription>
                                
                <featureDescription>
                                        
                    <name>tense</name>
                                        
                    <description>Verbs: past tense, present tense, future tense, etc.</description>
                                        
                    <rangeTypeName>uima.cas.String</rangeTypeName>
                                    
                </featureDescription>
                                
                <featureDescription>
                                        
                    <name>mood</name>
                                        
                    <description>Verbs: indicative, imperative, subjunctive</description>
                                        
                    <rangeTypeName>uima.cas.String</rangeTypeName>
                                    
                </featureDescription>
                                
                <featureDescription>
                                        
                    <name>voice</name>
                                        
                    <description>Verbs: active/passive</description>
                                        
                    <rangeTypeName>uima.cas.String</rangeTypeName>
                                    
                </featureDescription>
                                
                <featureDescription>
                                        
                    <name>definiteness</name>
                                        
                    <description>Definite or indefinite</description>
                                        
                    <rangeTypeName>uima.cas.String</rangeTypeName>
                                    
                </featureDescription>
                                
                <featureDescription>
                                        
                    <name>value</name>
                                        
                    <description>The original morphological analysis results as produced by a tool or as recorded in a corpus (if available). If the categories were originally encoded in such a string, the other features are filled by analyzing this string. If the categories were provided separately, e.g. by different attributed in an XML-encoded corpus, this field may remain empty.</description>
                                        
                    <rangeTypeName>uima.cas.String</rangeTypeName>
                                    
                </featureDescription>
                                
                <featureDescription>
                                        
                    <name>person</name>
                                        
                    <description>Verbs: 1st, 2nd, 3rd person</description>
                                        
                    <rangeTypeName>uima.cas.String</rangeTypeName>
                                    
                </featureDescription>
                                
                <featureDescription>
                                        
                    <name>aspect</name>
                                        
                    <description>Verbs: perfective, imperfective</description>
                                        
                    <rangeTypeName>uima.cas.String</rangeTypeName>
                                    
                </featureDescription>
                                
                <featureDescription>
                                        
                    <name>animacy</name>
                                        
                    <description/>
                                        
                    <rangeTypeName>uima.cas.String</rangeTypeName>
                                    
                </featureDescription>
                                
                <featureDescription>
                                        
                    <name>negative</name>
                                        
                    <description/>
                                        
                    <rangeTypeName>uima.cas.String</rangeTypeName>
                                    
                </featureDescription>
                                
                <featureDescription>
                                        
                    <name>numType</name>
                                        
                    <description/>
                                        
                    <rangeTypeName>uima.cas.String</rangeTypeName>
                                    
                </featureDescription>
                                
                <featureDescription>
                                        
                    <name>possessive</name>
                                        
                    <description/>
                                        
                    <rangeTypeName>uima.cas.String</rangeTypeName>
                                    
                </featureDescription>
                                
                <featureDescription>
                                        
                    <name>pronType</name>
                                        
                    <description/>
                                        
                    <rangeTypeName>uima.cas.String</rangeTypeName>
                                    
                </featureDescription>
                                
                <featureDescription>
                                        
                    <name>reflex</name>
                                        
                    <description/>
                                        
                    <rangeTypeName>uima.cas.String</rangeTypeName>
                                    
                </featureDescription>
                                
                <featureDescription>
                                        
                    <name>transitivity</name>
                                        
                    <description>Verbs: transitive/intransitive

@deprecated</description>
                                        
                    <rangeTypeName>uima.cas.String</rangeTypeName>
                                    
                </featureDescription>
                            
            </features>
                    
        </typeDescription>
                
        <typeDescription>
                        
            <name>de.tudarmstadt.ukp.dkpro.core.api.lexmorph.type.pos.POS</name>
                        
            <description>The part of speech of a word or a phrase.</description>
                        
            <supertypeName>uima.tcas.Annotation</supertypeName>
                        
            <features>
                                
                <featureDescription>
                                        
                    <name>PosValue</name>
                                        
                    <description>Fine-grained POS tag. This is the tag as produced by a POS tagger or obtained from a reader.</description>
                                        
                    <rangeTypeName>uima.cas.String</rangeTypeName>
                                    
                </featureDescription>
                                
                <featureDescription>
                                        
                    <name>coarseValue</name>
                                        
                    <description>Coarse-grained POS tag. This may be produced by a POS tagger or reader in addition to the fine-grained tag.</description>
                                        
                    <rangeTypeName>uima.cas.String</rangeTypeName>
                                    
                </featureDescription>
                            
            </features>
                    
        </typeDescription>
                
        <typeDescription>
                        
            <name>de.tudarmstadt.ukp.dkpro.core.api.ner.type.NamedEntity</name>
                        
            <description>Named entities refer e.g. to persons, locations, organizations and so on. They often consist of multiple tokens.</description>
                        
            <supertypeName>uima.tcas.Annotation</supertypeName>
                        
            <features>
                                
                <featureDescription>
                                        
                    <name>value</name>
                                        
                    <description>The class/category of the named entity, e.g. person, location, etc.</description>
                                        
                    <rangeTypeName>uima.cas.String</rangeTypeName>
                                    
                </featureDescription>
                                
                <featureDescription>
                                        
                    <name>identifier</name>
                                        
                    <description>Identifier of the named entity, e.g. a reference into a person database.</description>
                                        
                    <rangeTypeName>uima.cas.String</rangeTypeName>
                                    
                </featureDescription>
                            
            </features>
                    
        </typeDescription>
                
        <typeDescription>
                        
            <name>de.tudarmstadt.ukp.dkpro.core.api.segmentation.type.Lemma</name>
                        
            <description/>
                        
            <supertypeName>uima.tcas.Annotation</supertypeName>
                        
            <features>
                                
                <featureDescription>
                                        
                    <name>value</name>
                                        
                    <description/>
                                        
                    <rangeTypeName>uima.cas.String</rangeTypeName>
                                    
                </featureDescription>
                            
            </features>
                    
        </typeDescription>
                
        <typeDescription>
                        
            <name>de.tudarmstadt.ukp.dkpro.core.api.segmentation.type.Sentence</name>
                        
            <description/>
                        
            <supertypeName>uima.tcas.Annotation</supertypeName>
                        
            <features>
                                
                <featureDescription>
                                        
                    <name>id</name>
                                        
                    <description>If this unit had an ID in the source format from which it was imported, it may be stored here. IDs are typically not assigned by DKPro Core components. If an ID is present, it should be respected by writers.</description>
                                        
                    <rangeTypeName>uima.cas.String</rangeTypeName>
                                    
                </featureDescription>
                            
            </features>
                    
        </typeDescription>
                
        <typeDescription>
                        
            <name>de.tudarmstadt.ukp.dkpro.core.api.segmentation.type.Stem</name>
                        
            <description/>
                        
            <supertypeName>uima.tcas.Annotation</supertypeName>
                        
            <features>
                                
                <featureDescription>
                                        
                    <name>value</name>
                                        
                    <description/>
                                        
                    <rangeTypeName>uima.cas.String</rangeTypeName>
                                    
                </featureDescription>
                            
            </features>
                    
        </typeDescription>
                
        <typeDescription>
                        
            <name>de.tudarmstadt.ukp.dkpro.core.api.segmentation.type.SurfaceForm</name>
                        
            <description>This annotation can be used to indicate an alternate surface form. E.g. some corpora consider a normalized form of the text with resolved contractions as the canonical form and only maintain the original surface form as a secondary information. One example is the Conll-U format.</description>
                        
            <supertypeName>uima.tcas.Annotation</supertypeName>
                        
            <features>
                                
                <featureDescription>
                                        
                    <name>value</name>
                                        
                    <description>Alternate surface form.</description>
                                        
                    <rangeTypeName>uima.cas.String</rangeTypeName>
                                    
                </featureDescription>
                            
            </features>
                    
        </typeDescription>
                
        <typeDescription>
                        
            <name>de.tudarmstadt.ukp.dkpro.core.api.segmentation.type.Token</name>
                        
            <description>&lt;p&gt;Token is one of the two types commonly produced by a segmenter (the other being Sentence). A Token usually represents a word, although it may be used to represent multiple tightly connected words (e.g. "New York") or parts of a word (e.g. the possessive "'s"). One may choose to split compound words into multiple tokens, e.g. ("CamelCase" -&amp;gt; "Camel", "Case"; "Zauberstab" -&amp;gt; "Zauber", "stab"). Most processing components operate on Tokens, usually within the limits of the surrounding Sentence. E.g. a part-of-speech tagger analyses each Token in a Sentence and assigns a part-of-speech to each Token.&lt;/p&gt;</description>
                        
            <supertypeName>uima.tcas.Annotation</supertypeName>
                        
            <features>
                                
                <featureDescription>
                                        
                    <name>parent</name>
                                        
                    <description>the parent of this token. This feature is meant to be used in when the token participates in a constituency parse and then refers to a constituent containing this token. The type of this feature is {@link Annotation} to avoid adding a dependency on the syntax API module.</description>
                                        
                    <rangeTypeName>uima.tcas.Annotation</rangeTypeName>
                                    
                </featureDescription>
                                
                <featureDescription>
                                        
                    <name>lemma</name>
                                        
                    <description/>
                                        
                    <rangeTypeName>de.tudarmstadt.ukp.dkpro.core.api.segmentation.type.Lemma</rangeTypeName>
                                    
                </featureDescription>
                                
                <featureDescription>
                                        
                    <name>stem</name>
                                        
                    <description/>
                                        
                    <rangeTypeName>de.tudarmstadt.ukp.dkpro.core.api.segmentation.type.Stem</rangeTypeName>
                                    
                </featureDescription>
                                
                <featureDescription>
                                        
                    <name>pos</name>
                                        
                    <description/>
                                        
                    <rangeTypeName>de.tudarmstadt.ukp.dkpro.core.api.lexmorph.type.pos.POS</rangeTypeName>
                                    
                </featureDescription>
                                
                <featureDescription>
                                        
                    <name>morph</name>
                                        
                    <description>The morphological feature associated with this token.</description>
                                        
                    <rangeTypeName>de.tudarmstadt.ukp.dkpro.core.api.lexmorph.type.morph.MorphologicalFeatures</rangeTypeName>
                                    
                </featureDescription>
                                
                <featureDescription>
                                        
                    <name>id</name>
                                        
                    <description>If this unit had an ID in the source format from which it was imported, it may be stored here. IDs are typically not assigned by DKPro Core components. If an ID is present, it should be respected by writers.</description>
                                        
                    <rangeTypeName>uima.cas.String</rangeTypeName>
                                    
                </featureDescription>
                                
                <featureDescription>
                                        
                    <name>form</name>
                                        
                    <description>Potentially normalized form of the token text that should be used instead of the covered text if set.</description>
                                        
                    <rangeTypeName>de.tudarmstadt.ukp.dkpro.core.api.segmentation.type.TokenForm</rangeTypeName>
                                    
                </featureDescription>
                                
                <featureDescription>
                                        
                    <name>syntacticFunction</name>
                                        
                    <description/>
                                        
                    <rangeTypeName>uima.cas.String</rangeTypeName>
                                    
                </featureDescription>
                                
                <featureDescription>
                                        
                    <name>order</name>
                                        
                    <description>Disambiguates the token order for tokens which have the same offsets, e.g. when the contraction "à" is analyzed as two tokens "a" and "a".</description>
                                        
                    <rangeTypeName>uima.cas.Integer</rangeTypeName>
                                    
                </featureDescription>
                            
            </features>
                    
        </typeDescription>
                
        <typeDescription>
                        
            <name>de.tudarmstadt.ukp.dkpro.core.api.segmentation.type.TokenForm</name>
                        
            <description>A alternative token text which should be used instead of the covered text if set on a token.</description>
                        
            <supertypeName>uima.tcas.Annotation</supertypeName>
                        
            <features>
                                
                <featureDescription>
                                        
                    <name>value</name>
                                        
                    <description/>
                                        
                    <rangeTypeName>uima.cas.String</rangeTypeName>
                                    
                </featureDescription>
                            
            </features>
                    
        </typeDescription>
                
        <typeDescription>
                        
            <name>de.tudarmstadt.ukp.dkpro.core.api.semantics.type.SemArg</name>
                        
            <description>The SemArg annotation is attached to semantic arguments of semantic
predicates. Semantic arguments are characterized by their semantic role, e.g. Agent,
Experiencer, Topic. The semantic role of an argument is related to its semantic type
(for communication verbs, the Agent can be a person or an organization, but
typically not food).</description>
                        
            <supertypeName>uima.tcas.Annotation</supertypeName>
                    
        </typeDescription>
                
        <typeDescription>
                        
            <name>de.tudarmstadt.ukp.dkpro.core.api.semantics.type.SemArgLink</name>
                        
            <description>The SemArgLink type is used to attach SemPred annotations to their respective SemArg annotations while giving each link a role.</description>
                        
            <supertypeName>uima.cas.TOP</supertypeName>
                        
            <features>
                                
                <featureDescription>
                                        
                    <name>role</name>
                                        
                    <description>The role which the argument takes. The value depends on the theory being used, e.g. Arg0, Arg1, etc. or Buyer, Seller, etc.</description>
                                        
                    <rangeTypeName>uima.cas.String</rangeTypeName>
                                    
                </featureDescription>
                                
                <featureDescription>
                                        
                    <name>target</name>
                                        
                    <description>The target argument.</description>
                                        
                    <rangeTypeName>de.tudarmstadt.ukp.dkpro.core.api.semantics.type.SemArg</rangeTypeName>
                                    
                </featureDescription>
                            
            </features>
                    
        </typeDescription>
                
        <typeDescription>
                        
            <name>de.tudarmstadt.ukp.dkpro.core.api.semantics.type.SemPred</name>
                        
            <description>One of the predicates of a sentence (often a main verb, but nouns and adjectives can also be predicates). 
The SemPred annotation can be attached to predicates in a sentence.
Semantic predicates express events or situations and take semantic arguments
expressing the participants in these events or situations. All forms of main verbs
can be annotated with a SemPred. However, there are also many nouns and
adjectives that take arguments and can thus be annotated with a SemanticPredicate,
e.g. event nouns, such as "suggestion" (with arguments what and by whom), or
relational adjectives, such as "proud" (with arguments who and of what).</description>
                        
            <supertypeName>uima.tcas.Annotation</supertypeName>
                        
            <features>
                                
                <featureDescription>
                                        
                    <name>arguments</name>
                                        
                    <description>The predicate's arguments.</description>
                                        
                    <rangeTypeName>uima.cas.FSArray</rangeTypeName>
                                        
                    <elementType>de.tudarmstadt.ukp.dkpro.core.api.semantics.type.SemArgLink</elementType>
                                    
                </featureDescription>
                                
                <featureDescription>
                                        
                    <name>category</name>
                                        
                    <description>A more detailed specification of the predicate type depending on the theory being used, e.g. a frame name.</description>
                                        
                    <rangeTypeName>uima.cas.String</rangeTypeName>
                                    
                </featureDescription>
                            
            </features>
                    
        </typeDescription>
                
        <typeDescription>
                        
            <name>de.tudarmstadt.ukp.dkpro.core.api.syntax.type.chunk.Chunk</name>
                        
            <description/>
                        
            <supertypeName>uima.tcas.Annotation</supertypeName>
                        
            <features>
                                
                <featureDescription>
                                        
                    <name>chunkValue</name>
                                        
                    <description/>
                                        
                    <rangeTypeName>uima.cas.String</rangeTypeName>
                                    
                </featureDescription>
                            
            </features>
                    
        </typeDescription>
                
        <typeDescription>
                        
            <name>de.tudarmstadt.ukp.dkpro.core.api.syntax.type.dependency.Dependency</name>
                        
            <description>A dependency relation between two tokens. The dependency annotation begin and end offsets correspond to those of the dependent.</description>
                        
            <supertypeName>uima.tcas.Annotation</supertypeName>
                        
            <features>
                                
                <featureDescription>
                                        
                    <name>Governor</name>
                                        
                    <description>The governor word</description>
                                        
                    <rangeTypeName>de.tudarmstadt.ukp.dkpro.core.api.segmentation.type.Token</rangeTypeName>
                                    
                </featureDescription>
                                
                <featureDescription>
                                        
                    <name>Dependent</name>
                                        
                    <description>The dependent word</description>
                                        
                    <rangeTypeName>de.tudarmstadt.ukp.dkpro.core.api.segmentation.type.Token</rangeTypeName>
                                    
                </featureDescription>
                                
                <featureDescription>
                                        
                    <name>DependencyType</name>
                                        
                    <description>The dependency type</description>
                                        
                    <rangeTypeName>uima.cas.String</rangeTypeName>
                                    
                </featureDescription>
                                
                <featureDescription>
                                        
                    <name>flavor</name>
                                        
                    <description>Flavor of the dependency relation (basic, collapsed, enhanced, etc...)</description>
                                        
                    <rangeTypeName>uima.cas.String</rangeTypeName>
                                    
                </featureDescription>
                            
            </features>
                    
        </typeDescription>
                
        <typeDescription>
                        
            <name>de.tudarmstadt.ukp.dkpro.core.api.transform.type.SofaChangeAnnotation</name>
                        
            <description>Encodes an edit operation that can be interpreted by the ApplyChangesAnnotator.</description>
                        
            <supertypeName>uima.tcas.Annotation</supertypeName>
                        
            <features>
                                
                <featureDescription>
                                        
                    <name>value</name>
                                        
                    <description>In case of an "insert" or "replace" operation, this feature indicates the value to be inserted or replaced.</description>
                                        
                    <rangeTypeName>uima.cas.String</rangeTypeName>
                                    
                </featureDescription>
                                
                <featureDescription>
                                        
                    <name>operation</name>
                                        
                    <description>Operation to perform: "insert", "replace", "delete"</description>
                                        
                    <rangeTypeName>uima.cas.String</rangeTypeName>
                                    
                </featureDescription>
                                
                <featureDescription>
                                        
                    <name>reason</name>
                                        
                    <description>The reason for the change.</description>
                                        
                    <rangeTypeName>uima.cas.String</rangeTypeName>
                                    
                </featureDescription>
                            
            </features>
                    
        </typeDescription>
                
     

<typeDescription>
<name>webanno.custom.TEI</name>
<description/>
<supertypeName>uima.tcas.Annotation</supertypeName>
<features>
<featureDescription>
<name>xmlns</name>
<description/> 
<rangeTypeName>uima.cas.String</rangeTypeName>
</featureDescription>
<featureDescription>
<name>xml__lang</name>
<description/> 
<rangeTypeName>uima.cas.String</rangeTypeName>
</featureDescription>
</features>
</typeDescription>


<typeDescription>
<name>webanno.custom.teiHeader</name>
<description/>
<supertypeName>uima.tcas.Annotation</supertypeName>
<features>
</features>
</typeDescription>


<typeDescription>
<name>webanno.custom.fileDesc</name>
<description/>
<supertypeName>uima.tcas.Annotation</supertypeName>
<features>
</features>
</typeDescription>


<typeDescription>
<name>webanno.custom.titleStmt</name>
<description/>
<supertypeName>uima.tcas.Annotation</supertypeName>
<features>
</features>
</typeDescription>


<typeDescription>
<name>webanno.custom.title</name>
<description/>
<supertypeName>uima.tcas.Annotation</supertypeName>
<features>
</features>
</typeDescription>


<typeDescription>
<name>webanno.custom.author</name>
<description/>
<supertypeName>uima.tcas.Annotation</supertypeName>
<features>
<featureDescription>
<name>key</name>
<description/> 
<rangeTypeName>uima.cas.String</rangeTypeName>
</featureDescription>
</features>
</typeDescription>


<typeDescription>
<name>webanno.custom.editionStmt</name>
<description/>
<supertypeName>uima.tcas.Annotation</supertypeName>
<features>
</features>
</typeDescription>


<typeDescription>
<name>webanno.custom.edition</name>
<description/>
<supertypeName>uima.tcas.Annotation</supertypeName>
<features>
</features>
</typeDescription>


<typeDescription>
<name>webanno.custom.respStmt</name>
<description/>
<supertypeName>uima.tcas.Annotation</supertypeName>
<features>
</features>
</typeDescription>


<typeDescription>
<name>webanno.custom.name</name>
<description/>
<supertypeName>uima.tcas.Annotation</supertypeName>
<features>
</features>
</typeDescription>


<typeDescription>
<name>webanno.custom.resp</name>
<description/>
<supertypeName>uima.tcas.Annotation</supertypeName>
<features>
</features>
</typeDescription>


<typeDescription>
<name>webanno.custom.publicationStmt</name>
<description/>
<supertypeName>uima.tcas.Annotation</supertypeName>
<features>
</features>
</typeDescription>


<typeDescription>
<name>webanno.custom.publisher</name>
<description/>
<supertypeName>uima.tcas.Annotation</supertypeName>
<features>
</features>
</typeDescription>


<typeDescription>
<name>webanno.custom.date</name>
<description/>
<supertypeName>uima.tcas.Annotation</supertypeName>
<features>
<featureDescription>
<name>when</name>
<description/> 
<rangeTypeName>uima.cas.String</rangeTypeName>
</featureDescription>
</features>
</typeDescription>


<typeDescription>
<name>webanno.custom.idno</name>
<description/>
<supertypeName>uima.tcas.Annotation</supertypeName>
<features>
</features>
</typeDescription>


<typeDescription>
<name>webanno.custom.availability</name>
<description/>
<supertypeName>uima.tcas.Annotation</supertypeName>
<features>
<featureDescription>
<name>status</name>
<description/> 
<rangeTypeName>uima.cas.String</rangeTypeName>
</featureDescription>
</features>
</typeDescription>


<typeDescription>
<name>webanno.custom.licence</name>
<description/>
<supertypeName>uima.tcas.Annotation</supertypeName>
<features>
<featureDescription>
<name>target</name>
<description/> 
<rangeTypeName>uima.cas.String</rangeTypeName>
</featureDescription>
</features>
</typeDescription>


<typeDescription>
<name>webanno.custom.p</name>
<description/>
<supertypeName>uima.tcas.Annotation</supertypeName>
<features>
<featureDescription>
<name>rend</name>
<description/> 
<rangeTypeName>uima.cas.String</rangeTypeName>
</featureDescription>
</features>
</typeDescription>


<typeDescription>
<name>webanno.custom.sourceDesc</name>
<description/>
<supertypeName>uima.tcas.Annotation</supertypeName>
<features>
</features>
</typeDescription>


<typeDescription>
<name>webanno.custom.bibl</name>
<description/>
<supertypeName>uima.tcas.Annotation</supertypeName>
<features>
</features>
</typeDescription>


<typeDescription>
<name>webanno.custom.pubPlace</name>
<description/>
<supertypeName>uima.tcas.Annotation</supertypeName>
<features>
</features>
</typeDescription>


<typeDescription>
<name>webanno.custom.profileDesc</name>
<description/>
<supertypeName>uima.tcas.Annotation</supertypeName>
<features>
</features>
</typeDescription>


<typeDescription>
<name>webanno.custom.creation</name>
<description/>
<supertypeName>uima.tcas.Annotation</supertypeName>
<features>
</features>
</typeDescription>


<typeDescription>
<name>webanno.custom.langUsage</name>
<description/>
<supertypeName>uima.tcas.Annotation</supertypeName>
<features>
</features>
</typeDescription>


<typeDescription>
<name>webanno.custom.language</name>
<description/>
<supertypeName>uima.tcas.Annotation</supertypeName>
<features>
<featureDescription>
<name>ident</name>
<description/> 
<rangeTypeName>uima.cas.String</rangeTypeName>
</featureDescription>
</features>
</typeDescription>


<typeDescription>
<name>webanno.custom.text</name>
<description/>
<supertypeName>uima.tcas.Annotation</supertypeName>
<features>
</features>
</typeDescription>


<typeDescription>
<name>webanno.custom.front</name>
<description/>
<supertypeName>uima.tcas.Annotation</supertypeName>
<features>
</features>
</typeDescription>


<typeDescription>
<name>webanno.custom.head</name>
<description/>
<supertypeName>uima.tcas.Annotation</supertypeName>
<features>
</features>
</typeDescription>


<typeDescription>
<name>webanno.custom.body</name>
<description/>
<supertypeName>uima.tcas.Annotation</supertypeName>
<features>
</features>
</typeDescription>


<typeDescription>
<name>webanno.custom.hi</name>
<description/>
<supertypeName>uima.tcas.Annotation</supertypeName>
<features>
<featureDescription>
<name>rend</name>
<description/> 
<rangeTypeName>uima.cas.String</rangeTypeName>
</featureDescription>
</features>
</typeDescription>


<typeDescription>
<name>webanno.custom.quote</name>
<description/>
<supertypeName>uima.tcas.Annotation</supertypeName>
<features>
<featureDescription>
<name>rend</name>
<description/> 
<rangeTypeName>uima.cas.String</rangeTypeName>
</featureDescription>
</features>
</typeDescription>


<typeDescription>
<name>webanno.custom.note</name>
<description/>
<supertypeName>uima.tcas.Annotation</supertypeName>
<features>
<featureDescription>
<name>n</name>
<description/> 
<rangeTypeName>uima.cas.String</rangeTypeName>
</featureDescription>
<featureDescription>
<name>place</name>
<description/> 
<rangeTypeName>uima.cas.String</rangeTypeName>
</featureDescription>
</features>
</typeDescription>


<typeDescription>
<name>webanno.custom.l</name>
<description/>
<supertypeName>uima.tcas.Annotation</supertypeName>
<features>
</features>
</typeDescription>


<typeDescription>
<name>webanno.custom.lb</name>
<description/>
<supertypeName>uima.tcas.Annotation</supertypeName>
<features>
</features>
</typeDescription>


<typeDescription>
<name>webanno.custom.num</name>
<description/>
<supertypeName>uima.tcas.Annotation</supertypeName>
<features>
</features>
</typeDescription>

            
    </types>
    
</typeSystemDescription>
